matricula_funcionario;Nombre Funcionario;Cargo;codigo_tienda;nombre_tienda;codigo_producto;descripcion_producto;Categoria;precio_costo;valor_unitario;cantidad;comision;dt_venta;dt_entrega
123456111;José María;Vendedor;CL001;Tienda Matriz;10013;Fogón;Electrodomésticos;210,9;404,1;1;;28/09/20 16:19;5/10/20 16:31
123456111;José María;Vendedor;CL001;Tienda Matriz;10018;Colchón;Casa;109,9;249,9;1;;7/03/20 12:47;8/03/20 12:47
123456111;José María;Vendedor;CL001;Tienda Matriz;10014;Heladera;Electrodomésticos;699,9;1346,9;1;;21/04/19 10:48;23/04/19 15:55
123456111;José María;Vendedor;CL001;Tienda Matriz;10001;Smartphone;Electrónicos;899,9;1676,9;1;;7/05/20 17:59;8/05/20 14:31
123456111;José María;Vendedor;CL001;Tienda Matriz;10004;Máquina de lavar ropa;Electrodomésticos;1099;1709,1;1;0,05;14/08/19 16:56;19/08/19 15:52
123456111;José María;Vendedor;CL001;Tienda Matriz;10010;Freidora eléctrica;Cocina;187,9;340;1;;10/07/19 15:11;11/07/19 14:30
123456111;José María;Vendedor;CL001;Tienda Matriz;10014;Heladera;Electrodomésticos;699,9;1346,9;1;;26/06/19 11:03;28/06/19 13:37
123456111;José María;Vendedor;CL001;Tienda Matriz;10006;Aspiradora de piso;Casa;88,9;189,9;1;;15/03/20 13:00;16/03/20 11:15
123456111;José María;Vendedor;CL001;Tienda Matriz;10010;Freidora eléctrica;Cocina;187,9;340;1;;15/08/20 11:36;15/08/20 14:22
123456111;José María;Vendedor;CL001;Tienda Matriz;10017;Cama Box;Casa;1189,9;1899,5;1;;6/03/19 13:01;11/03/19 12:01
123456111;José María;Vendedor;CL001;Tienda Matriz;10003;Televisor;Electrodomésticos;1400,9;2279,99;1;;11/10/19 12:44;17/10/19 14:58
123456111;José María;Vendedor;CL001;Tienda Matriz;10004;Máquina de lavar ropa;Electrodomésticos;1099;1709,1;1;0,05;30/10/19 17:22;3/11/19 10:21
123456111;José María;Vendedor;CL001;Tienda Matriz;10018;Colchón;Casa;109,9;249,9;1;;28/05/20 16:00;29/05/20 14:16
123456111;José María;Vendedor;CL001;Tienda Matriz;10013;Fogón;Electrodomésticos;210,9;404,1;1;;30/12/19 15:07;4/01/20 16:48
123456111;José María;Vendedor;CL001;Tienda Matriz;10016;Guarda Ropa;Casa;489,9;999;1;;16/04/19 9:22;23/04/19 10:49
123456111;José María;Vendedor;CL001;Tienda Matriz;10020;Impresora;Electrónicos;329,9;674,1;1;;7/09/19 15:29;8/09/19 13:00
123456111;José María;Vendedor;CL001;Tienda Matriz;10017;Cama Box;Casa;1189,9;1899,5;1;;18/03/19 9:08;25/03/19 15:58
123456111;José María;Vendedor;CL001;Tienda Matriz;10008;Cafetera;Cocina;159,9;284,9;1;;28/01/20 16:40;29/01/20 11:59
123456111;José María;Vendedor;CL001;Tienda Matriz;10015;Microondas;Electrodomésticos;189;364,5;1;;30/10/20 17:27;31/10/20 14:16
123456111;José María;Vendedor;CL001;Tienda Matriz;10016;Guarda Ropa;Casa;489,9;999;1;;23/10/20 17:41;30/10/20 9:27
123456111;José María;Vendedor;CL001;Tienda Matriz;10010;Freidora eléctrica;Cocina;187,9;340;1;;30/11/19 15:51;30/11/19 17:51
123456111;José María;Vendedor;CL001;Tienda Matriz;10008;Cafetera;Cocina;159,9;284,9;1;;24/09/20 13:33;24/09/20 15:31
123456111;José María;Vendedor;CL001;Tienda Matriz;10016;Guarda Ropa;Casa;489,9;999;1;;19/09/20 14:19;23/09/20 16:14
123456111;José María;Vendedor;CL001;Tienda Matriz;10004;Máquina de lavar ropa;Electrodomésticos;1099;1709,1;1;0,05;31/03/20 13:36;3/04/20 13:14
123456111;José María;Vendedor;CL001;Tienda Matriz;10002;Tablet;Electrónicos;799;1424,91;1;;22/05/20 12:37;22/05/20 17:46
123456111;José María;Vendedor;CL001;Tienda Matriz;10012;Procesador de alimentos;Cocina;110;189,9;1;;12/05/20 11:19;13/05/20 9:32
123456111;José María;Vendedor;CL001;Tienda Matriz;10015;Microondas;Electrodomésticos;189;364,5;1;;28/09/20 13:24;28/09/20 13:41
123456111;José María;Vendedor;CL001;Tienda Matriz;10020;Impresora;Electrónicos;329,9;674,1;1;;23/06/20 12:23;23/06/20 16:51
123456111;José María;Vendedor;CL001;Tienda Matriz;10001;Smartphone;Electrónicos;899,9;1676,9;1;;25/01/20 12:56;25/01/20 15:14
123456111;José María;Vendedor;CL001;Tienda Matriz;10003;Televisor;Electrodomésticos;1400,9;2279,99;1;;7/11/19 15:52;10/11/19 17:08
123456111;José María;Vendedor;CL001;Tienda Matriz;10003;Televisor;Electrodomésticos;1400,9;2279,99;1;;24/08/19 14:03;27/08/19 14:56
123456111;José María;Vendedor;CL001;Tienda Matriz;10010;Freidora eléctrica;Cocina;187,9;340;1;;2/11/20 17:15;3/11/20 12:51
123456111;José María;Vendedor;CL001;Tienda Matriz;10001;Smartphone;Electrónicos;899,9;1676,9;1;;15/01/19 14:10;16/01/19 11:07
123456111;José María;Vendedor;CL001;Tienda Matriz;10004;Máquina de lavar ropa;Electrodomésticos;1099;1709,1;1;0,05;28/02/19 14:44;7/03/19 13:25
123456111;José María;Vendedor;CL001;Tienda Matriz;10004;Máquina de lavar ropa;Electrodomésticos;1099;1709,1;1;0,05;15/09/19 14:13;17/09/19 17:01
123456111;José María;Vendedor;CL001;Tienda Matriz;10012;Procesador de alimentos;Cocina;110;189,9;1;;26/06/19 14:21;27/06/19 14:03
123456111;José María;Vendedor;CL001;Tienda Matriz;10015;Microondas;Electrodomésticos;189;364,5;1;;21/11/20 12:19;21/11/20 14:52
123456111;José María;Vendedor;CL001;Tienda Matriz;10009;Plancha;Casa;27,9;55,9;1;;10/05/20 12:21;10/05/20 13:02
123456111;José María;Vendedor;CL001;Tienda Matriz;10001;Smartphone;Electrónicos;899,9;1676,9;1;;24/06/20 12:43;25/06/20 10:23
123456111;José María;Vendedor;CL001;Tienda Matriz;10002;Tablet;Electrónicos;799;1424,91;1;;26/10/20 13:01;26/10/20 16:34
123456111;José María;Vendedor;CL001;Tienda Matriz;10004;Máquina de lavar ropa;Electrodomésticos;1099;1709,1;1;0,05;12/03/19 15:56;15/03/19 12:21
123456111;José María;Vendedor;CL001;Tienda Matriz;10019;Sofá;Casa;789,9;1399;1;;12/03/20 11:34;16/03/20 17:30
123456111;José María;Vendedor;CL001;Tienda Matriz;10002;Tablet;Electrónicos;799;1424,91;1;;14/08/20 9:26;14/08/20 13:58
123456111;José María;Vendedor;CL001;Tienda Matriz;10010;Freidora eléctrica;Cocina;187,9;340;1;;16/06/20 11:54;16/06/20 12:22
123456111;José María;Vendedor;CL001;Tienda Matriz;10004;Máquina de lavar ropa;Electrodomésticos;1099;1709,1;1;0,05;5/09/19 10:36;10/09/19 12:46
123456111;José María;Vendedor;CL001;Tienda Matriz;10017;Cama Box;Casa;1189,9;1899,5;1;;30/06/20 11:23;5/07/20 11:04
123456111;José María;Vendedor;CL001;Tienda Matriz;10004;Máquina de lavar ropa;Electrodomésticos;1099;1709,1;1;0,05;15/03/20 17:41;17/03/20 15:26
123456111;José María;Vendedor;CL001;Tienda Matriz;10008;Cafetera;Cocina;159,9;284,9;1;;30/11/19 13:20;30/11/19 17:20
123456111;José María;Vendedor;CL001;Tienda Matriz;10006;Aspiradora de piso;Casa;88,9;189,9;1;;21/06/20 10:34;21/06/20 16:39
123456111;José María;Vendedor;CL001;Tienda Matriz;10016;Guarda Ropa;Casa;489,9;999;1;;23/02/20 11:31;25/02/20 11:39
123456111;José María;Vendedor;CL001;Tienda Matriz;10004;Máquina de lavar ropa;Electrodomésticos;1099;1709,1;1;0,05;12/09/19 16:40;19/09/19 17:05
123456111;José María;Vendedor;CL001;Tienda Matriz;10020;Impresora;Electrónicos;329,9;674,1;1;;10/10/19 9:16;10/10/19 17:42
123456111;José María;Vendedor;CL001;Tienda Matriz;10005;Notebook;Electrónicos;2299,9;3199;1;;30/11/20 16:00;1/12/20 9:28
123456111;José María;Vendedor;CL001;Tienda Matriz;10016;Guarda Ropa;Casa;489,9;999;1;;16/01/20 11:42;18/01/20 17:35
123456111;José María;Vendedor;CL001;Tienda Matriz;10007;Batidora;Cocina;49,9;95,9;1;;18/04/19 11:54;18/04/19 13:00
123456111;José María;Vendedor;CL001;Tienda Matriz;10008;Cafetera;Cocina;159,9;284,9;1;;6/03/20 10:21;6/03/20 17:31
123456111;José María;Vendedor;CL001;Tienda Matriz;10019;Sofá;Casa;789,9;1399;1;;6/07/20 14:01;13/07/20 16:56
123456111;José María;Vendedor;CL001;Tienda Matriz;10019;Sofá;Casa;789,9;1399;1;;29/09/19 13:06;5/10/19 9:34
123456111;José María;Vendedor;CL001;Tienda Matriz;10001;Smartphone;Electrónicos;899,9;1676,9;1;;10/12/20 10:44;10/12/20 14:27
123456111;José María;Vendedor;CL001;Tienda Matriz;10008;Cafetera;Cocina;159,9;284,9;1;;7/06/20 13:14;7/06/20 13:58
123456111;José María;Vendedor;CL001;Tienda Matriz;10015;Microondas;Electrodomésticos;189;364,5;1;;16/06/20 9:42;16/06/20 16:25
123456111;José María;Vendedor;CL001;Tienda Matriz;10015;Microondas;Electrodomésticos;189;364,5;1;;18/10/20 10:01;18/10/20 12:19
123456111;José María;Vendedor;CL001;Tienda Matriz;10017;Cama Box;Casa;1189,9;1899,5;1;;14/10/19 17:53;19/10/19 9:01
123456111;José María;Vendedor;CL001;Tienda Matriz;10014;Heladera;Electrodomésticos;699,9;1346,9;1;;15/07/20 11:51;21/07/20 16:55
123456111;José María;Vendedor;CL001;Tienda Matriz;10016;Guarda Ropa;Casa;489,9;999;1;;14/02/20 17:11;19/02/20 16:33
123456111;José María;Vendedor;CL001;Tienda Matriz;10002;Tablet;Electrónicos;799;1424,91;1;;6/02/20 16:41;6/02/20 17:28
123456111;José María;Vendedor;CL001;Tienda Matriz;10015;Microondas;Electrodomésticos;189;364,5;1;;8/01/20 10:14;8/01/20 14:26
123456111;José María;Vendedor;CL001;Tienda Matriz;10001;Smartphone;Electrónicos;899,9;1676,9;1;;10/02/20 14:22;10/02/20 16:40
123456111;José María;Vendedor;CL001;Tienda Matriz;10001;Smartphone;Electrónicos;899,9;1676,9;1;;24/04/20 13:12;24/04/20 14:33
123456111;José María;Vendedor;CL001;Tienda Matriz;10014;Heladera;Electrodomésticos;699,9;1346,9;1;;11/01/20 9:18;14/01/20 17:29
123456111;José María;Vendedor;CL001;Tienda Matriz;10019;Sofá;Casa;789,9;1399;1;;23/02/19 17:35;27/02/19 11:32
123456111;José María;Vendedor;CL001;Tienda Matriz;10014;Heladera;Electrodomésticos;699,9;1346,9;1;;2/05/19 13:17;5/05/19 15:30
123456111;José María;Vendedor;CL001;Tienda Matriz;10013;Fogón;Electrodomésticos;210,9;404,1;1;;5/11/19 10:19;12/11/19 15:30
123456111;José María;Vendedor;CL001;Tienda Matriz;10011;Licuadora;Cocina;59,9;142,4;1;;21/02/19 12:29;21/02/19 17:46
123456111;José María;Vendedor;CL001;Tienda Matriz;10012;Procesador de alimentos;Cocina;110;189,9;1;;4/05/20 14:58;5/05/20 14:00
123456111;José María;Vendedor;CL001;Tienda Matriz;10002;Tablet;Electrónicos;799;1424,91;1;;7/08/19 17:19;7/08/19 17:22
123456111;José María;Vendedor;CL001;Tienda Matriz;10013;Fogón;Electrodomésticos;210,9;404,1;1;;6/05/20 15:04;11/05/20 16:00
123456111;José María;Vendedor;CL001;Tienda Matriz;10002;Tablet;Electrónicos;799;1424,91;1;;30/09/20 16:26;30/09/20 17:01
123456111;José María;Vendedor;CL001;Tienda Matriz;10012;Procesador de alimentos;Cocina;110;189,9;1;;15/12/19 13:32;16/12/19 11:32
123456111;José María;Vendedor;CL001;Tienda Matriz;10020;Impresora;Electrónicos;329,9;674,1;3;;4/05/20 17:37;5/05/20 13:27
123456111;José María;Vendedor;CL001;Tienda Matriz;10008;Cafetera;Cocina;159,9;284,9;3;;8/10/19 11:48;9/10/19 11:32
123456111;José María;Vendedor;CL001;Tienda Matriz;10016;Guarda Ropa;Casa;489,9;999;3;;12/05/19 11:35;14/05/19 9:40
123456111;José María;Vendedor;CL001;Tienda Matriz;10007;Batidora;Cocina;49,9;95,9;3;;2/12/19 17:51;3/12/19 17:22
123456111;José María;Vendedor;CL001;Tienda Matriz;10017;Cama Box;Casa;1189,9;1899,5;3;;21/05/20 12:50;27/05/20 10:19
123456111;José María;Vendedor;CL001;Tienda Matriz;10009;Plancha;Casa;27,9;55,9;3;;9/10/19 13:16;9/10/19 16:32
123456111;José María;Vendedor;CL001;Tienda Matriz;10014;Heladera;Electrodomésticos;699,9;1346,9;3;;27/08/20 12:48;29/08/20 9:56
123456111;José María;Vendedor;CL001;Tienda Matriz;10014;Heladera;Electrodomésticos;699,9;1346,9;3;;25/05/19 15:22;28/05/19 14:18
123456111;José María;Vendedor;CL001;Tienda Matriz;10017;Cama Box;Casa;1189,9;1899,5;3;;3/11/20 13:47;7/11/20 11:03
123456111;José María;Vendedor;CL001;Tienda Matriz;10020;Impresora;Electrónicos;329,9;674,1;3;;13/12/19 17:48;14/12/19 9:34
123456111;José María;Vendedor;CL001;Tienda Matriz;10008;Cafetera;Cocina;159,9;284,9;3;;18/12/19 17:20;19/12/19 15:55
123456111;José María;Vendedor;CL001;Tienda Matriz;10013;Fogón;Electrodomésticos;210,9;404,1;3;;15/10/20 13:29;20/10/20 10:55
123456111;José María;Vendedor;CL001;Tienda Matriz;10010;Freidora eléctrica;Cocina;187,9;340;3;;17/06/20 15:12;17/06/20 15:20
123456111;José María;Vendedor;CL001;Tienda Matriz;10015;Microondas;Electrodomésticos;189;364,5;3;;1/06/19 16:10;2/06/19 9:31
123456111;José María;Vendedor;CL001;Tienda Matriz;10009;Plancha;Casa;27,9;55,9;3;;2/06/20 9:16;2/06/20 11:03
123456111;José María;Vendedor;CL001;Tienda Matriz;10018;Colchón;Casa;109,9;249,9;3;;18/01/19 14:52;19/01/19 12:19
123456111;José María;Vendedor;CL001;Tienda Matriz;10017;Cama Box;Casa;1189,9;1899,5;3;;5/03/20 12:58;11/03/20 10:27
123456111;José María;Vendedor;CL001;Tienda Matriz;10005;Notebook;Electrónicos;2299,9;3199;3;;7/08/20 13:11;7/08/20 14:53
123456111;José María;Vendedor;CL001;Tienda Matriz;10020;Impresora;Electrónicos;329,9;674,1;3;;29/09/19 9:05;29/09/19 12:15
123456111;José María;Vendedor;CL001;Tienda Matriz;10012;Procesador de alimentos;Cocina;110;189,9;3;;30/09/19 16:49;1/10/19 14:55
123456111;José María;Vendedor;CL001;Tienda Matriz;10018;Colchón;Casa;109,9;249,9;3;;8/11/20 14:32;9/11/20 9:48
123456111;José María;Vendedor;CL001;Tienda Matriz;10009;Plancha;Casa;27,9;55,9;3;;9/11/19 14:08;10/11/19 10:13
123456111;José María;Vendedor;CL001;Tienda Matriz;10006;Aspiradora de piso;Casa;88,9;189,9;3;;16/07/19 16:12;17/07/19 14:39
123456111;José María;Vendedor;CL001;Tienda Matriz;10017;Cama Box;Casa;1189,9;1899,5;3;;29/06/19 16:02;4/07/19 9:15
123456111;José María;Vendedor;CL001;Tienda Matriz;10005;Notebook;Electrónicos;2299,9;3199;3;;30/12/20 9:05;30/12/20 14:55
123456111;José María;Vendedor;CL001;Tienda Matriz;10003;Televisor;Electrodomésticos;1400,9;2279,99;3;;20/01/20 14:24;26/01/20 12:20
123456111;José María;Vendedor;CL001;Tienda Matriz;10005;Notebook;Electrónicos;2299,9;3199;3;;1/09/20 11:33;1/09/20 13:18
123456111;José María;Vendedor;CL001;Tienda Matriz;10009;Plancha;Casa;27,9;55,9;3;;16/07/19 15:57;17/07/19 15:26
123456111;José María;Vendedor;CL001;Tienda Matriz;10008;Cafetera;Cocina;159,9;284,9;3;;29/03/19 12:20;29/03/19 14:20
123456111;José María;Vendedor;CL001;Tienda Matriz;10020;Impresora;Electrónicos;329,9;674,1;3;;20/08/19 12:56;21/08/19 10:12
123456111;José María;Vendedor;CL001;Tienda Matriz;10017;Cama Box;Casa;1189,9;1899,5;3;;21/09/19 15:49;23/09/19 10:31
123456111;José María;Vendedor;CL001;Tienda Matriz;10008;Cafetera;Cocina;159,9;284,9;3;;6/11/19 13:34;7/11/19 9:12
123456111;José María;Vendedor;CL001;Tienda Matriz;10002;Tablet;Electrónicos;799;1424,91;3;;12/06/19 13:48;12/06/19 16:54
123456111;José María;Vendedor;CL001;Tienda Matriz;10012;Procesador de alimentos;Cocina;110;189,9;3;;8/12/20 11:42;9/12/20 11:27
123456111;José María;Vendedor;CL001;Tienda Matriz;10007;Batidora;Cocina;49,9;95,9;3;;30/05/20 13:02;31/05/20 10:41
123456111;José María;Vendedor;CL001;Tienda Matriz;10005;Notebook;Electrónicos;2299,9;3199;3;;7/11/20 16:48;8/11/20 12:03
123456111;José María;Vendedor;CL001;Tienda Matriz;10005;Notebook;Electrónicos;2299,9;3199;3;;6/02/19 10:06;7/02/19 9:23
123456111;José María;Vendedor;CL001;Tienda Matriz;10020;Impresora;Electrónicos;329,9;674,1;3;;3/04/19 16:51;4/04/19 12:03
123456111;José María;Vendedor;CL001;Tienda Matriz;10020;Impresora;Electrónicos;329,9;674,1;3;;20/04/20 17:07;21/04/20 9:43
123456111;José María;Vendedor;CL001;Tienda Matriz;10006;Aspiradora de piso;Casa;88,9;189,9;3;;31/08/19 13:47;31/08/19 13:56
123456111;José María;Vendedor;CL001;Tienda Matriz;10005;Notebook;Electrónicos;2299,9;3199;3;;26/03/20 11:01;26/03/20 11:04
123456111;José María;Vendedor;CL001;Tienda Matriz;10004;Máquina de lavar ropa;Electrodomésticos;1099;1709,1;3;0,09;31/10/19 15:12;5/11/19 15:44
123456111;José María;Vendedor;CL001;Tienda Matriz;10018;Colchón;Casa;109,9;249,9;3;;17/11/20 13:30;18/11/20 10:10
123456111;José María;Vendedor;CL001;Tienda Matriz;10012;Procesador de alimentos;Cocina;110;189,9;3;;19/03/19 9:12;19/03/19 12:46
123456111;José María;Vendedor;CL001;Tienda Matriz;10002;Tablet;Electrónicos;799;1424,91;3;;30/12/19 10:39;30/12/19 13:34
123456111;José María;Vendedor;CL001;Tienda Matriz;10001;Smartphone;Electrónicos;899,9;1676,9;3;;6/04/20 11:11;6/04/20 14:58
123456111;José María;Vendedor;CL001;Tienda Matriz;10003;Televisor;Electrodomésticos;1400,9;2279,99;3;;3/01/20 11:28;10/01/20 11:00
123456111;José María;Vendedor;CL001;Tienda Matriz;10004;Máquina de lavar ropa;Electrodomésticos;1099;1709,1;3;0,09;4/05/20 16:16;8/05/20 15:06
123456111;José María;Vendedor;CL001;Tienda Matriz;10011;Licuadora;Cocina;59,9;142,4;3;;5/09/20 17:33;6/09/20 13:22
123456111;José María;Vendedor;CL001;Tienda Matriz;10020;Impresora;Electrónicos;329,9;674,1;3;;28/02/20 13:46;29/02/20 12:22
123456111;José María;Vendedor;CL001;Tienda Matriz;10005;Notebook;Electrónicos;2299,9;3199;3;;3/06/19 16:50;3/06/19 17:05
123456111;José María;Vendedor;CL001;Tienda Matriz;10002;Tablet;Electrónicos;799;1424,91;3;;14/08/19 13:01;14/08/19 16:04
123456111;José María;Vendedor;CL001;Tienda Matriz;10010;Freidora eléctrica;Cocina;187,9;340;3;;18/02/20 11:01;18/02/20 15:21
123456111;José María;Vendedor;CL001;Tienda Matriz;10011;Licuadora;Cocina;59,9;142,4;3;;9/10/19 16:06;10/10/19 11:01
123456111;José María;Vendedor;CL001;Tienda Matriz;10017;Cama Box;Casa;1189,9;1899,5;3;;9/06/20 15:47;11/06/20 10:21
123456111;José María;Vendedor;CL001;Tienda Matriz;10001;Smartphone;Electrónicos;899,9;1676,9;3;;22/05/20 10:18;22/05/20 16:54
123456111;José María;Vendedor;CL001;Tienda Matriz;10008;Cafetera;Cocina;159,9;284,9;3;;19/04/19 16:43;19/04/19 16:47
123456111;José María;Vendedor;CL001;Tienda Matriz;10018;Colchón;Casa;109,9;249,9;3;;16/08/19 13:52;17/08/19 11:41
123456111;José María;Vendedor;CL001;Tienda Matriz;10006;Aspiradora de piso;Casa;88,9;189,9;3;;6/02/20 16:32;7/02/20 11:48
123456111;José María;Vendedor;CL001;Tienda Matriz;10010;Freidora eléctrica;Cocina;187,9;340;3;;29/06/20 11:46;29/06/20 12:38
123456111;José María;Vendedor;CL001;Tienda Matriz;10011;Licuadora;Cocina;59,9;142,4;3;;28/08/19 17:24;29/08/19 15:34
123456111;José María;Vendedor;CL001;Tienda Matriz;10005;Notebook;Electrónicos;2299,9;3199;3;;5/02/20 13:11;6/02/20 10:47
123456111;José María;Vendedor;CL001;Tienda Matriz;10008;Cafetera;Cocina;159,9;284,9;3;;28/04/20 10:19;28/04/20 15:40
123456111;José María;Vendedor;CL001;Tienda Matriz;10002;Tablet;Electrónicos;799;1424,91;3;;15/09/19 10:14;15/09/19 13:48
123456111;José María;Vendedor;CL001;Tienda Matriz;10018;Colchón;Casa;109,9;249,9;3;;21/03/19 16:30;22/03/19 15:22
123456111;José María;Vendedor;CL001;Tienda Matriz;10009;Plancha;Casa;27,9;55,9;3;;5/12/20 10:44;6/12/20 9:41
123456111;José María;Vendedor;CL001;Tienda Matriz;10019;Sofá;Casa;789,9;1399;3;;18/04/19 14:06;25/04/19 16:05
123456111;José María;Vendedor;CL001;Tienda Matriz;10005;Notebook;Electrónicos;2299,9;3199;3;;22/01/19 13:29;22/01/19 17:13
123456111;José María;Vendedor;CL001;Tienda Matriz;10017;Cama Box;Casa;1189,9;1899,5;2;;4/08/19 9:30;7/08/19 17:53
123456111;José María;Vendedor;CL001;Tienda Matriz;10002;Tablet;Electrónicos;799;1424,91;2;;9/03/20 15:04;10/03/20 10:45
123456111;José María;Vendedor;CL001;Tienda Matriz;10010;Freidora eléctrica;Cocina;187,9;340;2;;11/04/19 14:29;12/04/19 12:19
123456111;José María;Vendedor;CL001;Tienda Matriz;10009;Plancha;Casa;27,9;55,9;2;;18/05/19 14:03;19/05/19 13:34
123456111;José María;Vendedor;CL001;Tienda Matriz;10001;Smartphone;Electrónicos;899,9;1676,9;2;;23/05/19 11:27;23/05/19 12:42
123456111;José María;Vendedor;CL001;Tienda Matriz;10007;Batidora;Cocina;49,9;95,9;2;;19/08/19 17:08;20/08/19 15:38
123456111;José María;Vendedor;CL001;Tienda Matriz;10004;Máquina de lavar ropa;Electrodomésticos;1099;1709,1;2;0,07;17/11/20 9:23;21/11/20 17:28
123456111;José María;Vendedor;CL001;Tienda Matriz;10004;Máquina de lavar ropa;Electrodomésticos;1099;1709,1;2;0,07;1/04/19 17:48;3/04/19 16:47
123456111;José María;Vendedor;CL001;Tienda Matriz;10008;Cafetera;Cocina;159,9;284,9;2;;28/10/20 11:06;28/10/20 17:45
123456111;José María;Vendedor;CL001;Tienda Matriz;10013;Fogón;Electrodomésticos;210,9;404,1;2;;1/12/19 15:25;3/12/19 13:33
123456111;José María;Vendedor;CL001;Tienda Matriz;10012;Procesador de alimentos;Cocina;110;189,9;2;;7/01/19 9:20;7/01/19 9:38
123456111;José María;Vendedor;CL001;Tienda Matriz;10002;Tablet;Electrónicos;799;1424,91;2;;10/10/19 17:58;11/10/19 11:53
123456111;José María;Vendedor;CL001;Tienda Matriz;10009;Plancha;Casa;27,9;55,9;2;;19/08/20 12:58;20/08/20 12:34
123456111;José María;Vendedor;CL001;Tienda Matriz;10008;Cafetera;Cocina;159,9;284,9;2;;25/05/20 12:45;26/05/20 10:13
123456111;José María;Vendedor;CL001;Tienda Matriz;10006;Aspiradora de piso;Casa;88,9;189,9;2;;29/08/20 16:15;30/08/20 11:36
123456111;José María;Vendedor;CL001;Tienda Matriz;10017;Cama Box;Casa;1189,9;1899,5;2;;6/11/20 15:35;11/11/20 15:13
123456111;José María;Vendedor;CL001;Tienda Matriz;10018;Colchón;Casa;109,9;249,9;2;;7/09/19 16:57;8/09/19 13:52
123456111;José María;Vendedor;CL001;Tienda Matriz;10010;Freidora eléctrica;Cocina;187,9;340;2;;26/12/20 17:57;27/12/20 16:40
123456111;José María;Vendedor;CL001;Tienda Matriz;10020;Impresora;Electrónicos;329,9;674,1;2;;7/11/19 17:59;8/11/19 11:32
123456111;José María;Vendedor;CL001;Tienda Matriz;10009;Plancha;Casa;27,9;55,9;2;;7/09/20 13:42;8/09/20 13:14
123456111;José María;Vendedor;CL001;Tienda Matriz;10007;Batidora;Cocina;49,9;95,9;2;;13/03/19 10:41;13/03/19 11:06
123456111;José María;Vendedor;CL001;Tienda Matriz;10017;Cama Box;Casa;1189,9;1899,5;2;;23/09/20 15:12;29/09/20 12:53
123456111;José María;Vendedor;CL001;Tienda Matriz;10006;Aspiradora de piso;Casa;88,9;189,9;2;;30/08/19 16:15;31/08/19 11:18
123456111;José María;Vendedor;CL001;Tienda Matriz;10005;Notebook;Electrónicos;2299,9;3199;2;;19/09/19 9:39;19/09/19 15:54
123456111;José María;Vendedor;CL001;Tienda Matriz;10019;Sofá;Casa;789,9;1399;2;;26/06/19 16:31;28/06/19 10:27
123456111;José María;Vendedor;CL001;Tienda Matriz;10006;Aspiradora de piso;Casa;88,9;189,9;2;;19/10/20 13:36;19/10/20 14:27
123456111;José María;Vendedor;CL001;Tienda Matriz;10001;Smartphone;Electrónicos;899,9;1676,9;2;;8/04/19 14:30;9/04/19 12:50
123456111;José María;Vendedor;CL001;Tienda Matriz;10011;Licuadora;Cocina;59,9;142,4;2;;17/08/19 17:29;18/08/19 13:09
123456111;José María;Vendedor;CL001;Tienda Matriz;10003;Televisor;Electrodomésticos;1400,9;2279,99;2;;8/12/19 14:05;13/12/19 10:55
123456111;José María;Vendedor;CL001;Tienda Matriz;10001;Smartphone;Electrónicos;899,9;1676,9;2;;14/05/19 16:47;15/05/19 16:26
123456111;José María;Vendedor;CL001;Tienda Matriz;10004;Máquina de lavar ropa;Electrodomésticos;1099;1709,1;2;0,07;25/08/20 17:30;30/08/20 11:25
123456111;José María;Vendedor;CL001;Tienda Matriz;10008;Cafetera;Cocina;159,9;284,9;2;;11/05/19 12:39;11/05/19 15:15
123456111;José María;Vendedor;CL001;Tienda Matriz;10003;Televisor;Electrodomésticos;1400,9;2279,99;2;;30/05/19 14:22;4/06/19 11:34
123456111;José María;Vendedor;CL001;Tienda Matriz;10015;Microondas;Electrodomésticos;189;364,5;2;;29/07/19 14:28;29/07/19 16:05
123456111;José María;Vendedor;CL001;Tienda Matriz;10009;Plancha;Casa;27,9;55,9;2;;28/08/19 16:49;29/08/19 12:25
123456111;José María;Vendedor;CL001;Tienda Matriz;10015;Microondas;Electrodomésticos;189;364,5;2;;20/04/20 12:41;20/04/20 14:14
123456111;José María;Vendedor;CL001;Tienda Matriz;10016;Guarda Ropa;Casa;489,9;999;2;;5/04/20 15:34;9/04/20 9:52
123456111;José María;Vendedor;CL001;Tienda Matriz;10003;Televisor;Electrodomésticos;1400,9;2279,99;2;;17/03/19 9:28;23/03/19 16:19
123456111;José María;Vendedor;CL001;Tienda Matriz;10015;Microondas;Electrodomésticos;189;364,5;2;;26/04/19 11:43;27/04/19 11:28
123456111;José María;Vendedor;CL001;Tienda Matriz;10008;Cafetera;Cocina;159,9;284,9;2;;16/10/19 16:31;17/10/19 16:28
123456111;José María;Vendedor;CL001;Tienda Matriz;10020;Impresora;Electrónicos;329,9;674,1;2;;13/09/20 9:45;13/09/20 15:49
123456111;José María;Vendedor;CL001;Tienda Matriz;10013;Fogón;Electrodomésticos;210,9;404,1;2;;20/10/20 14:19;27/10/20 12:42
123456111;José María;Vendedor;CL001;Tienda Matriz;10017;Cama Box;Casa;1189,9;1899,5;2;;13/09/20 12:44;20/09/20 16:13
123456111;José María;Vendedor;CL001;Tienda Matriz;10013;Fogón;Electrodomésticos;210,9;404,1;2;;19/02/20 14:34;26/02/20 16:41
123456111;José María;Vendedor;CL001;Tienda Matriz;10017;Cama Box;Casa;1189,9;1899,5;2;;19/05/20 15:09;24/05/20 10:44
123456111;José María;Vendedor;CL001;Tienda Matriz;10003;Televisor;Electrodomésticos;1400,9;2279,99;2;;22/02/19 9:54;24/02/19 17:49
123456111;José María;Vendedor;CL001;Tienda Matriz;10019;Sofá;Casa;789,9;1399;2;;23/05/19 16:02;26/05/19 10:16
123456111;José María;Vendedor;CL001;Tienda Matriz;10016;Guarda Ropa;Casa;489,9;999;2;;5/12/19 13:02;7/12/19 11:08
123456111;José María;Vendedor;CL001;Tienda Matriz;10002;Tablet;Electrónicos;799;1424,91;2;;14/08/19 9:22;14/08/19 11:08
123456111;José María;Vendedor;CL001;Tienda Matriz;10008;Cafetera;Cocina;159,9;284,9;2;;21/06/20 11:07;21/06/20 12:13
123456111;José María;Vendedor;CL001;Tienda Matriz;10017;Cama Box;Casa;1189,9;1899,5;2;;24/10/19 14:49;27/10/19 14:51
123456111;José María;Vendedor;CL001;Tienda Matriz;10019;Sofá;Casa;789,9;1399;2;;8/04/20 13:56;14/04/20 15:57
123456111;José María;Vendedor;CL001;Tienda Matriz;10013;Fogón;Electrodomésticos;210,9;404,1;2;;12/02/19 9:35;15/02/19 15:04
123456111;José María;Vendedor;CL001;Tienda Matriz;10009;Plancha;Casa;27,9;55,9;2;;14/09/20 11:07;15/09/20 10:46
123456111;José María;Vendedor;CL001;Tienda Matriz;10017;Cama Box;Casa;1189,9;1899,5;2;;8/06/19 14:55;10/06/19 11:11
123456111;José María;Vendedor;CL001;Tienda Matriz;10016;Guarda Ropa;Casa;489,9;999;2;;28/08/20 17:39;30/08/20 10:49
123456111;José María;Vendedor;CL001;Tienda Matriz;10004;Máquina de lavar ropa;Electrodomésticos;1099;1709,1;2;0,07;27/04/20 16:56;29/04/20 9:55
123456111;José María;Vendedor;CL001;Tienda Matriz;10017;Cama Box;Casa;1189,9;1899,5;2;;23/05/19 13:34;25/05/19 15:25
123456111;José María;Vendedor;CL001;Tienda Matriz;10017;Cama Box;Casa;1189,9;1899,5;2;;30/12/20 14:49;31/12/20 14:23
123456111;José María;Vendedor;CL001;Tienda Matriz;10001;Smartphone;Electrónicos;899,9;1676,9;2;;11/03/19 17:27;12/03/19 15:33
123456111;José María;Vendedor;CL001;Tienda Matriz;10004;Máquina de lavar ropa;Electrodomésticos;1099;1709,1;2;0,07;21/07/19 9:19;27/07/19 13:48
123456111;José María;Vendedor;CL001;Tienda Matriz;10018;Colchón;Casa;109,9;249,9;2;;25/12/19 10:45;25/12/19 15:53
123456111;José María;Vendedor;CL001;Tienda Matriz;10010;Freidora eléctrica;Cocina;187,9;340;2;;19/03/20 10:31;19/03/20 11:51
123456111;José María;Vendedor;CL001;Tienda Matriz;10012;Procesador de alimentos;Cocina;110;189,9;2;;22/01/20 13:22;23/01/20 12:36
123456111;José María;Vendedor;CL001;Tienda Matriz;10004;Máquina de lavar ropa;Electrodomésticos;1099;1709,1;2;0,07;21/08/19 16:44;27/08/19 12:58
123456111;José María;Vendedor;CL001;Tienda Matriz;10002;Tablet;Electrónicos;799;1424,91;2;;10/08/19 12:11;10/08/19 15:01
123456111;José María;Vendedor;CL001;Tienda Matriz;10011;Licuadora;Cocina;59,9;142,4;2;;25/12/19 15:08;26/12/19 14:55
123456111;José María;Vendedor;CL001;Tienda Matriz;10007;Batidora;Cocina;49,9;95,9;4;;23/08/20 9:10;23/08/20 17:43
123456111;José María;Vendedor;CL001;Tienda Matriz;10015;Microondas;Electrodomésticos;189;364,5;4;;12/06/20 12:24;12/06/20 13:03
123456111;José María;Vendedor;CL001;Tienda Matriz;10013;Fogón;Electrodomésticos;210,9;404,1;4;;24/10/20 11:38;28/10/20 16:46
123456111;José María;Vendedor;CL001;Tienda Matriz;10001;Smartphone;Electrónicos;899,9;1676,9;4;;19/05/19 12:32;19/05/19 13:34
123456111;José María;Vendedor;CL001;Tienda Matriz;10008;Cafetera;Cocina;159,9;284,9;4;;28/10/20 17:48;29/10/20 14:09
123456111;José María;Vendedor;CL001;Tienda Matriz;10006;Aspiradora de piso;Casa;88,9;189,9;4;;20/03/20 11:27;21/03/20 9:50
123456111;José María;Vendedor;CL001;Tienda Matriz;10007;Batidora;Cocina;49,9;95,9;4;;26/12/19 13:36;27/12/19 10:26
123456111;José María;Vendedor;CL001;Tienda Matriz;10009;Plancha;Casa;27,9;55,9;4;;31/05/20 9:35;31/05/20 15:42
123456111;José María;Vendedor;CL001;Tienda Matriz;10002;Tablet;Electrónicos;799;1424,91;4;;19/10/20 9:01;19/10/20 12:17
123456111;José María;Vendedor;CL001;Tienda Matriz;10004;Máquina de lavar ropa;Electrodomésticos;1099;1709,1;4;0,1;7/07/20 13:52;11/07/20 17:39
123456111;José María;Vendedor;CL001;Tienda Matriz;10001;Smartphone;Electrónicos;899,9;1676,9;4;;15/04/20 11:10;15/04/20 17:30
123456111;José María;Vendedor;CL001;Tienda Matriz;10012;Procesador de alimentos;Cocina;110;189,9;4;;11/11/19 10:45;11/11/19 11:00
123456111;José María;Vendedor;CL001;Tienda Matriz;10005;Notebook;Electrónicos;2299,9;3199;4;;17/05/20 14:12;18/05/20 11:16
123456111;José María;Vendedor;CL001;Tienda Matriz;10003;Televisor;Electrodomésticos;1400,9;2279,99;4;;2/03/20 13:22;6/03/20 13:22
123456111;José María;Vendedor;CL001;Tienda Matriz;10002;Tablet;Electrónicos;799;1424,91;4;;7/01/19 15:57;8/01/19 15:40
123456111;José María;Vendedor;CL001;Tienda Matriz;10018;Colchón;Casa;109,9;249,9;4;;24/05/19 15:27;25/05/19 11:52
123456111;José María;Vendedor;CL001;Tienda Matriz;10009;Plancha;Casa;27,9;55,9;4;;27/05/19 16:59;27/05/19 17:35
123456111;José María;Vendedor;CL001;Tienda Matriz;10011;Licuadora;Cocina;59,9;142,4;4;;22/03/20 10:43;22/03/20 17:29
123456111;José María;Vendedor;CL001;Tienda Matriz;10011;Licuadora;Cocina;59,9;142,4;4;;27/09/20 11:03;27/09/20 12:01
123456111;José María;Vendedor;CL001;Tienda Matriz;10001;Smartphone;Electrónicos;899,9;1676,9;4;;1/08/20 16:15;2/08/20 14:30
123456111;José María;Vendedor;CL001;Tienda Matriz;10006;Aspiradora de piso;Casa;88,9;189,9;4;;29/03/19 12:06;29/03/19 16:37
123456111;José María;Vendedor;CL001;Tienda Matriz;10017;Cama Box;Casa;1189,9;1899,5;4;;26/11/20 17:05;28/11/20 16:27
123456111;José María;Vendedor;CL001;Tienda Matriz;10013;Fogón;Electrodomésticos;210,9;404,1;4;;28/08/20 13:32;4/09/20 13:24
123456111;José María;Vendedor;CL001;Tienda Matriz;10004;Máquina de lavar ropa;Electrodomésticos;1099;1709,1;4;0,1;21/09/20 16:50;24/09/20 16:01
123456111;José María;Vendedor;CL001;Tienda Matriz;10018;Colchón;Casa;109,9;249,9;4;;20/08/19 9:32;20/08/19 11:56
123456111;José María;Vendedor;CL001;Tienda Matriz;10011;Licuadora;Cocina;59,9;142,4;4;;26/09/19 10:37;26/09/19 14:38
123456111;José María;Vendedor;CL001;Tienda Matriz;10002;Tablet;Electrónicos;799;1424,91;4;;3/01/19 15:50;3/01/19 16:47
123456111;José María;Vendedor;CL001;Tienda Matriz;10007;Batidora;Cocina;49,9;95,9;4;;5/05/20 10:03;5/05/20 13:33
123456111;José María;Vendedor;CL001;Tienda Matriz;10018;Colchón;Casa;109,9;249,9;4;;28/10/19 16:55;29/10/19 14:32
123456111;José María;Vendedor;CL001;Tienda Matriz;10019;Sofá;Casa;789,9;1399;4;;12/03/20 12:11;17/03/20 12:56
123456111;José María;Vendedor;CL001;Tienda Matriz;10014;Heladera;Electrodomésticos;699,9;1346,9;4;;12/03/19 15:59;14/03/19 15:20
123456111;José María;Vendedor;CL001;Tienda Matriz;10011;Licuadora;Cocina;59,9;142,4;4;;13/04/19 14:14;13/04/19 16:31
123456111;José María;Vendedor;CL001;Tienda Matriz;10009;Plancha;Casa;27,9;55,9;4;;22/03/20 15:37;23/03/20 10:38
123456111;José María;Vendedor;CL001;Tienda Matriz;10020;Impresora;Electrónicos;329,9;674,1;4;;11/06/19 9:39;11/06/19 16:25
123456111;José María;Vendedor;CL001;Tienda Matriz;10016;Guarda Ropa;Casa;489,9;999;4;;25/10/19 11:40;28/10/19 13:03
123456111;José María;Vendedor;CL001;Tienda Matriz;10017;Cama Box;Casa;1189,9;1899,5;4;;15/10/19 11:44;17/10/19 11:46
123456111;José María;Vendedor;CL001;Tienda Matriz;10016;Guarda Ropa;Casa;489,9;999;4;;19/11/20 13:02;24/11/20 15:31
123456111;José María;Vendedor;CL001;Tienda Matriz;10002;Tablet;Electrónicos;799;1424,91;4;;22/10/19 14:54;22/10/19 14:55
123456111;José María;Vendedor;CL001;Tienda Matriz;10013;Fogón;Electrodomésticos;210,9;404,1;4;;18/07/19 16:02;24/07/19 11:21
123456111;José María;Vendedor;CL001;Tienda Matriz;10012;Procesador de alimentos;Cocina;110;189,9;4;;17/12/20 11:36;17/12/20 16:08
123456111;José María;Vendedor;CL001;Tienda Matriz;10020;Impresora;Electrónicos;329,9;674,1;4;;18/09/19 11:08;18/09/19 17:49
123456111;José María;Vendedor;CL001;Tienda Matriz;10014;Heladera;Electrodomésticos;699,9;1346,9;4;;6/12/20 11:33;11/12/20 11:33
123456111;José María;Vendedor;CL001;Tienda Matriz;10009;Plancha;Casa;27,9;55,9;4;;5/08/19 17:11;6/08/19 10:59
123456111;José María;Vendedor;CL001;Tienda Matriz;10020;Impresora;Electrónicos;329,9;674,1;4;;20/10/19 11:43;20/10/19 12:52
123456111;José María;Vendedor;CL001;Tienda Matriz;10011;Licuadora;Cocina;59,9;142,4;4;;3/06/20 11:18;3/06/20 14:28
123456111;José María;Vendedor;CL001;Tienda Matriz;10002;Tablet;Electrónicos;799;1424,91;4;;20/12/20 13:40;20/12/20 17:01
123456111;José María;Vendedor;CL001;Tienda Matriz;10019;Sofá;Casa;789,9;1399;4;;9/11/19 14:46;16/11/19 17:10
123456111;José María;Vendedor;CL001;Tienda Matriz;10020;Impresora;Electrónicos;329,9;674,1;4;;23/07/20 9:16;23/07/20 10:13
123456111;José María;Vendedor;CL001;Tienda Matriz;10020;Impresora;Electrónicos;329,9;674,1;4;;21/11/19 11:57;21/11/19 15:22
123456111;José María;Vendedor;CL001;Tienda Matriz;10015;Microondas;Electrodomésticos;189;364,5;4;;29/09/20 12:36;30/09/20 11:13
123456111;José María;Vendedor;CL001;Tienda Matriz;10008;Cafetera;Cocina;159,9;284,9;4;;27/01/19 14:59;28/01/19 13:36
123456111;José María;Vendedor;CL001;Tienda Matriz;10011;Licuadora;Cocina;59,9;142,4;4;;14/03/20 17:42;15/03/20 15:26
123456111;José María;Vendedor;CL001;Tienda Matriz;10003;Televisor;Electrodomésticos;1400,9;2279,99;4;;13/03/20 15:21;17/03/20 15:57
123456111;José María;Vendedor;CL001;Tienda Matriz;10015;Microondas;Electrodomésticos;189;364,5;4;;14/09/19 14:13;15/09/19 13:32
123456111;José María;Vendedor;CL001;Tienda Matriz;10016;Guarda Ropa;Casa;489,9;999;4;;15/11/20 13:33;18/11/20 9:16
123456111;José María;Vendedor;CL001;Tienda Matriz;10011;Licuadora;Cocina;59,9;142,4;4;;1/09/19 16:42;1/09/19 17:27
123456111;José María;Vendedor;CL001;Tienda Matriz;10008;Cafetera;Cocina;159,9;284,9;4;;26/11/20 9:01;26/11/20 9:47
123456111;José María;Vendedor;CL001;Tienda Matriz;10012;Procesador de alimentos;Cocina;110;189,9;4;;6/06/19 9:11;6/06/19 14:49
123456111;José María;Vendedor;CL001;Tienda Matriz;10001;Smartphone;Electrónicos;899,9;1676,9;4;;16/05/20 14:04;16/05/20 14:31
123456111;José María;Vendedor;CL001;Tienda Matriz;10019;Sofá;Casa;789,9;1399;4;;9/07/19 16:37;16/07/19 14:02
123456111;José María;Vendedor;CL001;Tienda Matriz;10006;Aspiradora de piso;Casa;88,9;189,9;4;;16/01/20 14:12;17/01/20 9:20
123456111;José María;Vendedor;CL001;Tienda Matriz;10020;Impresora;Electrónicos;329,9;674,1;4;;11/06/20 14:30;12/06/20 9:25
123456111;José María;Vendedor;CL001;Tienda Matriz;10003;Televisor;Electrodomésticos;1400,9;2279,99;4;;20/05/19 12:04;24/05/19 14:36
123456111;José María;Vendedor;CL001;Tienda Matriz;10012;Procesador de alimentos;Cocina;110;189,9;4;;21/08/19 16:46;22/08/19 15:03
123456111;José María;Vendedor;CL001;Tienda Matriz;10002;Tablet;Electrónicos;799;1424,91;4;;11/08/20 10:26;12/08/20 10:08
123456111;José María;Vendedor;CL001;Tienda Matriz;10010;Freidora eléctrica;Cocina;187,9;340;4;;1/12/19 9:25;1/12/19 10:12
123456222;Maria das Gra√ßas;Vendedor;CL001;Tienda Matriz;10008;Cafetera;Cocina;159,9;284,9;2;;28/11/19 16:41;29/11/19 12:46
123456222;Maria das Gra√ßas;Vendedor;CL001;Tienda Matriz;10006;Aspiradora de piso;Casa;88,9;189,9;4;;13/10/20 9:51;13/10/20 17:01
123456222;Maria das Gra√ßas;Vendedor;CL001;Tienda Matriz;10002;Tablet;Electrónicos;799;1424,91;4;;30/11/20 9:20;30/11/20 11:32
123456222;Maria das Gra√ßas;Vendedor;CL001;Tienda Matriz;10009;Plancha;Casa;27,9;55,9;2;;9/03/19 10:52;9/03/19 11:56
123456222;Maria das Gra√ßas;Vendedor;CL001;Tienda Matriz;10020;Impresora;Electrónicos;329,9;674,1;4;;1/02/19 13:49;2/02/19 11:12
123456222;Maria das Gra√ßas;Vendedor;CL001;Tienda Matriz;10007;Batidora;Cocina;49,9;95,9;4;;1/12/20 14:24;2/12/20 12:24
123456222;Maria das Gra√ßas;Vendedor;CL001;Tienda Matriz;10011;Licuadora;Cocina;59,9;142,4;2;;8/12/20 10:23;8/12/20 15:49
123456222;Maria das Gra√ßas;Vendedor;CL001;Tienda Matriz;10006;Aspiradora de piso;Casa;88,9;189,9;4;;12/04/19 11:17;13/04/19 9:04
123456222;Maria das Gra√ßas;Vendedor;CL001;Tienda Matriz;10017;Cama Box;Casa;1189,9;1899,5;4;;3/11/20 10:11;5/11/20 13:02
123456222;Maria das Gra√ßas;Vendedor;CL001;Tienda Matriz;10006;Aspiradora de piso;Casa;88,9;189,9;2;;4/09/20 13:40;4/09/20 15:14
123456222;Maria das Gra√ßas;Vendedor;CL001;Tienda Matriz;10016;Guarda Ropa;Casa;489,9;999;2;;2/05/19 9:45;5/05/19 13:31
123456222;Maria das Gra√ßas;Vendedor;CL001;Tienda Matriz;10012;Procesador de alimentos;Cocina;110;189,9;2;;17/06/20 10:38;17/06/20 12:30
123456222;Maria das Gra√ßas;Vendedor;CL001;Tienda Matriz;10014;Heladera;Electrodomésticos;699,9;1346,9;2;;29/06/19 9:43;1/07/19 9:46
123456222;Maria das Gra√ßas;Vendedor;CL001;Tienda Matriz;10020;Impresora;Electrónicos;329,9;674,1;2;;1/06/20 16:41;1/06/20 16:54
123456222;Maria das Gra√ßas;Vendedor;CL001;Tienda Matriz;10004;Máquina de lavar ropa;Electrodomésticos;1099;1709,1;2;0,07;23/08/19 14:54;30/08/19 16:30
123456222;Maria das Gra√ßas;Vendedor;CL001;Tienda Matriz;10012;Procesador de alimentos;Cocina;110;189,9;4;;18/06/20 17:55;19/06/20 10:07
123456222;Maria das Gra√ßas;Vendedor;CL001;Tienda Matriz;10001;Smartphone;Electrónicos;899,9;1676,9;2;;25/04/20 11:23;25/04/20 13:35
123456222;Maria das Gra√ßas;Vendedor;CL001;Tienda Matriz;10020;Impresora;Electrónicos;329,9;674,1;4;;9/02/20 10:49;10/02/20 9:02
123456222;Maria das Gra√ßas;Vendedor;CL001;Tienda Matriz;10012;Procesador de alimentos;Cocina;110;189,9;4;;4/12/20 13:37;4/12/20 17:10
123456222;Maria das Gra√ßas;Vendedor;CL001;Tienda Matriz;10001;Smartphone;Electrónicos;899,9;1676,9;4;;2/07/19 12:50;2/07/19 15:30
123456222;Maria das Gra√ßas;Vendedor;CL001;Tienda Matriz;10017;Cama Box;Casa;1189,9;1899,5;2;;8/06/20 17:20;13/06/20 13:39
123456222;Maria das Gra√ßas;Vendedor;CL001;Tienda Matriz;10016;Guarda Ropa;Casa;489,9;999;2;;10/04/20 13:46;14/04/20 10:04
123456222;Maria das Gra√ßas;Vendedor;CL001;Tienda Matriz;10012;Procesador de alimentos;Cocina;110;189,9;2;;18/11/19 14:26;18/11/19 15:18
123456222;Maria das Gra√ßas;Vendedor;CL001;Tienda Matriz;10013;Fogón;Electrodomésticos;210,9;404,1;4;;6/06/19 12:03;12/06/19 15:23
123456222;Maria das Gra√ßas;Vendedor;CL001;Tienda Matriz;10006;Aspiradora de piso;Casa;88,9;189,9;2;;27/01/19 11:39;28/01/19 10:41
123456222;Maria das Gra√ßas;Vendedor;CL001;Tienda Matriz;10019;Sofá;Casa;789,9;1399;4;;12/10/19 12:53;18/10/19 17:42
123456222;Maria das Gra√ßas;Vendedor;CL001;Tienda Matriz;10013;Fogón;Electrodomésticos;210,9;404,1;2;;19/09/20 12:02;25/09/20 10:55
123456222;Maria das Gra√ßas;Vendedor;CL001;Tienda Matriz;10019;Sofá;Casa;789,9;1399;2;;25/08/20 15:32;30/08/20 10:12
123456222;Maria das Gra√ßas;Vendedor;CL001;Tienda Matriz;10004;Máquina de lavar ropa;Electrodomésticos;1099;1709,1;4;0,1;9/03/19 14:00;14/03/19 13:33
123456222;Maria das Gra√ßas;Vendedor;CL001;Tienda Matriz;10001;Smartphone;Electrónicos;899,9;1676,9;2;;10/01/19 14:58;11/01/19 10:37
123456222;Maria das Gra√ßas;Vendedor;CL001;Tienda Matriz;10014;Heladera;Electrodomésticos;699,9;1346,9;2;;5/10/20 9:56;8/10/20 14:32
123456222;Maria das Gra√ßas;Vendedor;CL001;Tienda Matriz;10006;Aspiradora de piso;Casa;88,9;189,9;2;;1/05/19 14:19;1/05/19 17:38
123456222;Maria das Gra√ßas;Vendedor;CL001;Tienda Matriz;10009;Plancha;Casa;27,9;55,9;4;;29/07/19 16:02;29/07/19 16:33
123456222;Maria das Gra√ßas;Vendedor;CL001;Tienda Matriz;10002;Tablet;Electrónicos;799;1424,91;2;;24/01/19 15:57;25/01/19 11:58
123456222;Maria das Gra√ßas;Vendedor;CL001;Tienda Matriz;10002;Tablet;Electrónicos;799;1424,91;2;;13/06/19 9:54;13/06/19 17:05
123456222;Maria das Gra√ßas;Vendedor;CL001;Tienda Matriz;10020;Impresora;Electrónicos;329,9;674,1;4;;16/12/20 17:22;17/12/20 15:12
123456222;Maria das Gra√ßas;Vendedor;CL001;Tienda Matriz;10020;Impresora;Electrónicos;329,9;674,1;2;;16/12/19 12:14;16/12/19 12:39
123456222;Maria das Gra√ßas;Vendedor;CL001;Tienda Matriz;10003;Televisor;Electrodomésticos;1400,9;2279,99;2;;17/07/19 14:01;19/07/19 10:26
123456222;Maria das Gra√ßas;Vendedor;CL001;Tienda Matriz;10019;Sofá;Casa;789,9;1399;2;;11/06/19 10:14;16/06/19 9:42
123456222;Maria das Gra√ßas;Vendedor;CL001;Tienda Matriz;10007;Batidora;Cocina;49,9;95,9;2;;9/09/20 14:59;9/09/20 17:49
123456222;Maria das Gra√ßas;Vendedor;CL001;Tienda Matriz;10015;Microondas;Electrodomésticos;189;364,5;2;;3/04/19 11:58;3/04/19 15:29
123456222;Maria das Gra√ßas;Vendedor;CL001;Tienda Matriz;10002;Tablet;Electrónicos;799;1424,91;2;;20/04/19 12:45;20/04/19 15:35
123456222;Maria das Gra√ßas;Vendedor;CL001;Tienda Matriz;10013;Fogón;Electrodomésticos;210,9;404,1;4;;31/12/19 17:44;2/01/20 14:03
123456222;Maria das Gra√ßas;Vendedor;CL001;Tienda Matriz;10003;Televisor;Electrodomésticos;1400,9;2279,99;2;;4/06/19 9:56;11/06/19 12:23
123456222;Maria das Gra√ßas;Vendedor;CL001;Tienda Matriz;10020;Impresora;Electrónicos;329,9;674,1;4;;20/05/19 17:40;21/05/19 11:12
123456222;Maria das Gra√ßas;Vendedor;CL001;Tienda Matriz;10005;Notebook;Electrónicos;2299,9;3199;2;;24/09/20 12:59;25/09/20 11:18
123456222;Maria das Gra√ßas;Vendedor;CL001;Tienda Matriz;10009;Plancha;Casa;27,9;55,9;4;;15/01/20 13:03;15/01/20 15:59
123456222;Maria das Gra√ßas;Vendedor;CL001;Tienda Matriz;10002;Tablet;Electrónicos;799;1424,91;4;;27/06/19 13:35;28/06/19 11:17
123456222;Maria das Gra√ßas;Vendedor;CL001;Tienda Matriz;10010;Freidora eléctrica;Cocina;187,9;340;4;;6/09/19 14:35;7/09/19 10:47
123456222;Maria das Gra√ßas;Vendedor;CL001;Tienda Matriz;10011;Licuadora;Cocina;59,9;142,4;4;;9/10/20 14:14;9/10/20 17:15
123456222;Maria das Gra√ßas;Vendedor;CL001;Tienda Matriz;10005;Notebook;Electrónicos;2299,9;3199;4;;29/05/19 14:49;30/05/19 14:22
123456222;Maria das Gra√ßas;Vendedor;CL001;Tienda Matriz;10017;Cama Box;Casa;1189,9;1899,5;4;;25/09/19 16:39;30/09/19 16:33
123456222;Maria das Gra√ßas;Vendedor;CL001;Tienda Matriz;10002;Tablet;Electrónicos;799;1424,91;2;;4/09/20 17:00;5/09/20 14:03
123456222;Maria das Gra√ßas;Vendedor;CL001;Tienda Matriz;10013;Fogón;Electrodomésticos;210,9;404,1;4;;3/11/19 17:23;5/11/19 11:49
123456222;Maria das Gra√ßas;Vendedor;CL001;Tienda Matriz;10012;Procesador de alimentos;Cocina;110;189,9;2;;3/11/20 17:08;4/11/20 13:24
123456222;Maria das Gra√ßas;Vendedor;CL001;Tienda Matriz;10009;Plancha;Casa;27,9;55,9;2;;2/12/19 13:18;3/12/19 9:23
123456222;Maria das Gra√ßas;Vendedor;CL001;Tienda Matriz;10014;Heladera;Electrodomésticos;699,9;1346,9;2;;20/12/20 17:13;24/12/20 15:04
123456222;Maria das Gra√ßas;Vendedor;CL001;Tienda Matriz;10015;Microondas;Electrodomésticos;189;364,5;4;;18/02/19 16:46;19/02/19 16:36
123456222;Maria das Gra√ßas;Vendedor;CL001;Tienda Matriz;10011;Licuadora;Cocina;59,9;142,4;4;;25/08/20 14:56;26/08/20 10:55
123456222;Maria das Gra√ßas;Vendedor;CL001;Tienda Matriz;10003;Televisor;Electrodomésticos;1400,9;2279,99;2;;10/03/20 11:24;17/03/20 9:36
123456222;Maria das Gra√ßas;Vendedor;CL001;Tienda Matriz;10002;Tablet;Electrónicos;799;1424,91;4;;24/05/20 15:06;25/05/20 12:57
123456222;Maria das Gra√ßas;Vendedor;CL001;Tienda Matriz;10005;Notebook;Electrónicos;2299,9;3199;2;;20/12/19 12:50;20/12/19 17:21
123456222;Maria das Gra√ßas;Vendedor;CL001;Tienda Matriz;10004;Máquina de lavar ropa;Electrodomésticos;1099;1709,1;4;0,1;2/10/20 15:41;9/10/20 11:06
123456222;Maria das Gra√ßas;Vendedor;CL001;Tienda Matriz;10013;Fogón;Electrodomésticos;210,9;404,1;2;;5/07/20 10:24;12/07/20 9:08
123456222;Maria das Gra√ßas;Vendedor;CL001;Tienda Matriz;10002;Tablet;Electrónicos;799;1424,91;4;;19/11/19 16:31;20/11/19 10:30
123456222;Maria das Gra√ßas;Vendedor;CL001;Tienda Matriz;10008;Cafetera;Cocina;159,9;284,9;2;;1/05/19 14:56;2/05/19 14:03
123456222;Maria das Gra√ßas;Vendedor;CL001;Tienda Matriz;10013;Fogón;Electrodomésticos;210,9;404,1;4;;11/12/19 15:02;18/12/19 11:03
123456222;Maria das Gra√ßas;Vendedor;CL001;Tienda Matriz;10015;Microondas;Electrodomésticos;189;364,5;4;;27/07/19 10:17;28/07/19 9:16
123456222;Maria das Gra√ßas;Vendedor;CL001;Tienda Matriz;10005;Notebook;Electrónicos;2299,9;3199;4;;18/05/19 13:18;19/05/19 10:21
123456222;Maria das Gra√ßas;Vendedor;CL001;Tienda Matriz;10016;Guarda Ropa;Casa;489,9;999;4;;7/12/19 16:13;11/12/19 9:43
123456222;Maria das Gra√ßas;Vendedor;CL001;Tienda Matriz;10009;Plancha;Casa;27,9;55,9;4;;4/05/19 10:20;4/05/19 12:09
123456222;Maria das Gra√ßas;Vendedor;CL001;Tienda Matriz;10018;Colchón;Casa;109,9;249,9;4;;10/03/20 13:46;11/03/20 11:01
123456222;Maria das Gra√ßas;Vendedor;CL001;Tienda Matriz;10010;Freidora eléctrica;Cocina;187,9;340;4;;17/11/19 16:28;18/11/19 10:11
123456222;Maria das Gra√ßas;Vendedor;CL001;Tienda Matriz;10019;Sofá;Casa;789,9;1399;2;;19/10/19 16:52;21/10/19 10:12
123456222;Maria das Gra√ßas;Vendedor;CL001;Tienda Matriz;10007;Batidora;Cocina;49,9;95,9;4;;29/10/19 16:56;30/10/19 9:05
123456222;Maria das Gra√ßas;Vendedor;CL001;Tienda Matriz;10007;Batidora;Cocina;49,9;95,9;4;;16/09/19 13:26;16/09/19 17:54
123456222;Maria das Gra√ßas;Vendedor;CL001;Tienda Matriz;10015;Microondas;Electrodomésticos;189;364,5;4;;26/08/20 13:07;26/08/20 13:31
123456222;Maria das Gra√ßas;Vendedor;CL001;Tienda Matriz;10004;Máquina de lavar ropa;Electrodomésticos;1099;1709,1;4;0,1;28/05/19 9:36;3/06/19 11:34
123456222;Maria das Gra√ßas;Vendedor;CL001;Tienda Matriz;10015;Microondas;Electrodomésticos;189;364,5;2;;14/12/20 9:31;14/12/20 11:02
123456222;Maria das Gra√ßas;Vendedor;CL001;Tienda Matriz;10018;Colchón;Casa;109,9;249,9;4;;16/03/20 16:48;17/03/20 11:34
123456222;Maria das Gra√ßas;Vendedor;CL001;Tienda Matriz;10018;Colchón;Casa;109,9;249,9;2;;1/05/20 15:12;2/05/20 13:03
123456222;Maria das Gra√ßas;Vendedor;CL001;Tienda Matriz;10019;Sofá;Casa;789,9;1399;4;;16/11/19 17:59;22/11/19 17:46
123456222;Maria das Gra√ßas;Vendedor;CL001;Tienda Matriz;10004;Máquina de lavar ropa;Electrodomésticos;1099;1709,1;2;0,07;5/06/19 9:57;8/06/19 14:40
123456222;Maria das Gra√ßas;Vendedor;CL001;Tienda Matriz;10005;Notebook;Electrónicos;2299,9;3199;2;;15/12/19 11:58;15/12/19 16:45
123456222;Maria das Gra√ßas;Vendedor;CL001;Tienda Matriz;10005;Notebook;Electrónicos;2299,9;3199;4;;15/10/19 9:00;15/10/19 12:11
123456222;Maria das Gra√ßas;Vendedor;CL001;Tienda Matriz;10006;Aspiradora de piso;Casa;88,9;189,9;4;;20/05/19 9:12;20/05/19 14:09
123456222;Maria das Gra√ßas;Vendedor;CL001;Tienda Matriz;10018;Colchón;Casa;109,9;249,9;2;;27/01/20 12:51;28/01/20 11:43
123456222;Maria das Gra√ßas;Vendedor;CL001;Tienda Matriz;10020;Impresora;Electrónicos;329,9;674,1;2;;31/07/19 9:12;31/07/19 12:55
123456222;Maria das Gra√ßas;Vendedor;CL001;Tienda Matriz;10002;Tablet;Electrónicos;799;1424,91;2;;17/03/20 11:15;17/03/20 13:42
123456222;Maria das Gra√ßas;Vendedor;CL001;Tienda Matriz;10011;Licuadora;Cocina;59,9;142,4;2;;13/03/20 15:56;14/03/20 14:17
123456222;Maria das Gra√ßas;Vendedor;CL001;Tienda Matriz;10020;Impresora;Electrónicos;329,9;674,1;2;;20/08/20 9:04;20/08/20 15:59
123456222;Maria das Gra√ßas;Vendedor;CL001;Tienda Matriz;10010;Freidora eléctrica;Cocina;187,9;340;2;;17/09/19 14:23;18/09/19 11:20
123456222;Maria das Gra√ßas;Vendedor;CL001;Tienda Matriz;10001;Smartphone;Electrónicos;899,9;1676,9;4;;25/06/19 16:52;26/06/19 11:41
123456222;Maria das Gra√ßas;Vendedor;CL001;Tienda Matriz;10010;Freidora eléctrica;Cocina;187,9;340;4;;16/07/20 11:27;17/07/20 11:04
123456222;Maria das Gra√ßas;Vendedor;CL001;Tienda Matriz;10016;Guarda Ropa;Casa;489,9;999;4;;25/08/19 13:25;1/09/19 13:41
123456222;Maria das Gra√ßas;Vendedor;CL001;Tienda Matriz;10008;Cafetera;Cocina;159,9;284,9;4;;16/10/20 14:55;17/10/20 10:19
123456222;Maria das Gra√ßas;Vendedor;CL001;Tienda Matriz;10010;Freidora eléctrica;Cocina;187,9;340;2;;4/06/19 10:42;5/06/19 10:05
123456222;Maria das Gra√ßas;Vendedor;CL001;Tienda Matriz;10009;Plancha;Casa;27,9;55,9;2;;27/06/20 10:29;27/06/20 15:49
123456222;Maria das Gra√ßas;Vendedor;CL001;Tienda Matriz;10014;Heladera;Electrodomésticos;699,9;1346,9;2;;19/09/19 13:06;25/09/19 10:58
123456222;Maria das Gra√ßas;Vendedor;CL001;Tienda Matriz;10005;Notebook;Electrónicos;2299,9;3199;4;;24/06/20 11:04;24/06/20 11:08
123456222;Maria das Gra√ßas;Vendedor;CL001;Tienda Matriz;10016;Guarda Ropa;Casa;489,9;999;4;;15/01/19 15:10;18/01/19 9:08
123456222;Maria das Gra√ßas;Vendedor;CL001;Tienda Matriz;10003;Televisor;Electrodomésticos;1400,9;2279,99;4;;17/08/19 15:28;21/08/19 16:27
123456222;Maria das Gra√ßas;Vendedor;CL001;Tienda Matriz;10017;Cama Box;Casa;1189,9;1899,5;2;;19/06/19 10:28;24/06/19 13:53
123456222;Maria das Gra√ßas;Vendedor;CL001;Tienda Matriz;10001;Smartphone;Electrónicos;899,9;1676,9;4;;22/05/19 13:12;22/05/19 15:12
123456222;Maria das Gra√ßas;Vendedor;CL001;Tienda Matriz;10015;Microondas;Electrodomésticos;189;364,5;2;;18/01/19 15:46;19/01/19 14:48
123456222;Maria das Gra√ßas;Vendedor;CL001;Tienda Matriz;10010;Freidora eléctrica;Cocina;187,9;340;4;;24/02/20 17:16;25/02/20 14:53
123456222;Maria das Gra√ßas;Vendedor;CL001;Tienda Matriz;10001;Smartphone;Electrónicos;899,9;1676,9;2;;12/11/19 10:39;12/11/19 10:59
123456222;Maria das Gra√ßas;Vendedor;CL001;Tienda Matriz;10017;Cama Box;Casa;1189,9;1899,5;4;;22/10/19 17:42;29/10/19 12:19
123456222;Maria das Gra√ßas;Vendedor;CL001;Tienda Matriz;10003;Televisor;Electrodomésticos;1400,9;2279,99;4;;28/02/20 15:45;6/03/20 9:40
123456222;Maria das Gra√ßas;Vendedor;CL001;Tienda Matriz;10006;Aspiradora de piso;Casa;88,9;189,9;4;;27/09/19 14:01;28/09/19 12:22
123456222;Maria das Gra√ßas;Vendedor;CL001;Tienda Matriz;10009;Plancha;Casa;27,9;55,9;4;;26/11/20 12:03;26/11/20 15:00
123456222;Maria das Gra√ßas;Vendedor;CL001;Tienda Matriz;10017;Cama Box;Casa;1189,9;1899,5;4;;19/08/19 10:42;24/08/19 10:14
123456222;Maria das Gra√ßas;Vendedor;CL001;Tienda Matriz;10020;Impresora;Electrónicos;329,9;674,1;4;;17/03/20 15:58;17/03/20 17:05
123456222;Maria das Gra√ßas;Vendedor;CL001;Tienda Matriz;10010;Freidora eléctrica;Cocina;187,9;340;4;;18/08/20 9:53;18/08/20 14:24
123456222;Maria das Gra√ßas;Vendedor;CL001;Tienda Matriz;10019;Sofá;Casa;789,9;1399;2;;9/06/19 9:56;11/06/19 13:36
123456222;Maria das Gra√ßas;Vendedor;CL001;Tienda Matriz;10018;Colchón;Casa;109,9;249,9;4;;24/10/20 11:54;24/10/20 13:41
123456222;Maria das Gra√ßas;Vendedor;CL001;Tienda Matriz;10014;Heladera;Electrodomésticos;699,9;1346,9;2;;24/09/20 14:26;1/10/20 9:54
123456222;Maria das Gra√ßas;Vendedor;CL001;Tienda Matriz;10006;Aspiradora de piso;Casa;88,9;189,9;2;;11/05/19 12:27;12/05/19 10:34
123456222;Maria das Gra√ßas;Vendedor;CL001;Tienda Matriz;10001;Smartphone;Electrónicos;899,9;1676,9;1;;29/08/19 9:57;29/08/19 16:49
123456222;Maria das Gra√ßas;Vendedor;CL001;Tienda Matriz;10015;Microondas;Electrodomésticos;189;364,5;1;;22/12/20 9:52;22/12/20 17:07
123456222;Maria das Gra√ßas;Vendedor;CL001;Tienda Matriz;10011;Licuadora;Cocina;59,9;142,4;1;;3/02/19 13:35;4/02/19 10:09
123456222;Maria das Gra√ßas;Vendedor;CL001;Tienda Matriz;10013;Fogón;Electrodomésticos;210,9;404,1;1;;26/07/19 13:21;31/07/19 17:52
123456222;Maria das Gra√ßas;Vendedor;CL001;Tienda Matriz;10004;Máquina de lavar ropa;Electrodomésticos;1099;1709,1;1;0,05;2/05/19 15:29;6/05/19 15:57
123456222;Maria das Gra√ßas;Vendedor;CL001;Tienda Matriz;10003;Televisor;Electrodomésticos;1400,9;2279,99;1;;17/02/19 13:37;23/02/19 10:06
123456222;Maria das Gra√ßas;Vendedor;CL001;Tienda Matriz;10007;Batidora;Cocina;49,9;95,9;1;;4/05/19 11:22;4/05/19 11:30
123456222;Maria das Gra√ßas;Vendedor;CL001;Tienda Matriz;10003;Televisor;Electrodomésticos;1400,9;2279,99;1;;4/03/19 10:16;9/03/19 10:19
123456222;Maria das Gra√ßas;Vendedor;CL001;Tienda Matriz;10002;Tablet;Electrónicos;799;1424,91;1;;6/10/20 16:24;6/10/20 17:44
123456222;Maria das Gra√ßas;Vendedor;CL001;Tienda Matriz;10002;Tablet;Electrónicos;799;1424,91;1;;22/05/20 13:45;22/05/20 14:18
123456222;Maria das Gra√ßas;Vendedor;CL001;Tienda Matriz;10011;Licuadora;Cocina;59,9;142,4;1;;12/11/19 17:52;13/11/19 16:23
123456222;Maria das Gra√ßas;Vendedor;CL001;Tienda Matriz;10013;Fogón;Electrodomésticos;210,9;404,1;1;;26/06/20 10:59;1/07/20 14:25
123456222;Maria das Gra√ßas;Vendedor;CL001;Tienda Matriz;10004;Máquina de lavar ropa;Electrodomésticos;1099;1709,1;1;0,05;4/10/19 10:30;7/10/19 16:18
123456222;Maria das Gra√ßas;Vendedor;CL001;Tienda Matriz;10003;Televisor;Electrodomésticos;1400,9;2279,99;1;;8/04/19 14:27;13/04/19 12:28
123456222;Maria das Gra√ßas;Vendedor;CL001;Tienda Matriz;10013;Fogón;Electrodomésticos;210,9;404,1;1;;5/03/19 16:02;8/03/19 16:09
123456222;Maria das Gra√ßas;Vendedor;CL001;Tienda Matriz;10010;Freidora eléctrica;Cocina;187,9;340;1;;5/07/19 10:03;5/07/19 14:17
123456222;Maria das Gra√ßas;Vendedor;CL001;Tienda Matriz;10005;Notebook;Electrónicos;2299,9;3199;1;;5/12/20 14:10;5/12/20 15:57
123456222;Maria das Gra√ßas;Vendedor;CL001;Tienda Matriz;10007;Batidora;Cocina;49,9;95,9;1;;2/08/20 10:08;2/08/20 12:53
123456222;Maria das Gra√ßas;Vendedor;CL001;Tienda Matriz;10015;Microondas;Electrodomésticos;189;364,5;1;;11/04/19 11:04;12/04/19 9:29
123456222;Maria das Gra√ßas;Vendedor;CL001;Tienda Matriz;10018;Colchón;Casa;109,9;249,9;1;;21/11/20 12:08;21/11/20 13:01
123456222;Maria das Gra√ßas;Vendedor;CL001;Tienda Matriz;10005;Notebook;Electrónicos;2299,9;3199;1;;3/11/20 15:46;4/11/20 10:42
123456222;Maria das Gra√ßas;Vendedor;CL001;Tienda Matriz;10008;Cafetera;Cocina;159,9;284,9;1;;2/11/19 9:51;2/11/19 10:53
123456222;Maria das Gra√ßas;Vendedor;CL001;Tienda Matriz;10011;Licuadora;Cocina;59,9;142,4;1;;24/01/20 9:22;24/01/20 9:54
123456222;Maria das Gra√ßas;Vendedor;CL001;Tienda Matriz;10005;Notebook;Electrónicos;2299,9;3199;1;;3/06/19 9:09;3/06/19 11:09
123456222;Maria das Gra√ßas;Vendedor;CL001;Tienda Matriz;10015;Microondas;Electrodomésticos;189;364,5;1;;6/01/20 13:08;6/01/20 17:26
123456222;Maria das Gra√ßas;Vendedor;CL001;Tienda Matriz;10016;Guarda Ropa;Casa;489,9;999;1;;14/12/20 15:32;16/12/20 15:17
123456222;Maria das Gra√ßas;Vendedor;CL001;Tienda Matriz;10020;Impresora;Electrónicos;329,9;674,1;1;;17/05/20 16:35;18/05/20 14:08
123456222;Maria das Gra√ßas;Vendedor;CL001;Tienda Matriz;10004;Máquina de lavar ropa;Electrodomésticos;1099;1709,1;1;0,05;18/01/20 12:20;22/01/20 16:00
123456222;Maria das Gra√ßas;Vendedor;CL001;Tienda Matriz;10006;Aspiradora de piso;Casa;88,9;189,9;1;;15/03/20 9:28;15/03/20 17:04
123456222;Maria das Gra√ßas;Vendedor;CL001;Tienda Matriz;10002;Tablet;Electrónicos;799;1424,91;1;;19/02/19 17:49;20/02/19 14:12
123456222;Maria das Gra√ßas;Vendedor;CL001;Tienda Matriz;10003;Televisor;Electrodomésticos;1400,9;2279,99;1;;26/11/19 13:27;3/12/19 14:13
123456222;Maria das Gra√ßas;Vendedor;CL001;Tienda Matriz;10016;Guarda Ropa;Casa;489,9;999;1;;3/11/19 13:47;5/11/19 12:41
123456222;Maria das Gra√ßas;Vendedor;CL001;Tienda Matriz;10008;Cafetera;Cocina;159,9;284,9;1;;18/11/20 17:55;19/11/20 10:35
123456222;Maria das Gra√ßas;Vendedor;CL001;Tienda Matriz;10014;Heladera;Electrodomésticos;699,9;1346,9;1;;8/08/20 14:02;10/08/20 13:35
123456222;Maria das Gra√ßas;Vendedor;CL001;Tienda Matriz;10004;Máquina de lavar ropa;Electrodomésticos;1099;1709,1;1;0,05;10/11/20 9:08;15/11/20 13:48
123456222;Maria das Gra√ßas;Vendedor;CL001;Tienda Matriz;10020;Impresora;Electrónicos;329,9;674,1;1;;17/01/19 15:57;17/01/19 16:12
123456222;Maria das Gra√ßas;Vendedor;CL001;Tienda Matriz;10010;Freidora eléctrica;Cocina;187,9;340;1;;17/05/20 12:05;18/05/20 9:41
123456222;Maria das Gra√ßas;Vendedor;CL001;Tienda Matriz;10004;Máquina de lavar ropa;Electrodomésticos;1099;1709,1;1;0,05;14/10/20 14:21;18/10/20 11:40
123456222;Maria das Gra√ßas;Vendedor;CL001;Tienda Matriz;10002;Tablet;Electrónicos;799;1424,91;1;;7/03/19 15:29;7/03/19 15:43
123456222;Maria das Gra√ßas;Vendedor;CL001;Tienda Matriz;10012;Procesador de alimentos;Cocina;110;189,9;1;;4/02/19 14:01;4/02/19 17:04
123456222;Maria das Gra√ßas;Vendedor;CL001;Tienda Matriz;10014;Heladera;Electrodomésticos;699,9;1346,9;1;;18/11/20 11:40;22/11/20 17:37
123456222;Maria das Gra√ßas;Vendedor;CL001;Tienda Matriz;10012;Procesador de alimentos;Cocina;110;189,9;1;;4/06/20 15:06;4/06/20 17:58
123456222;Maria das Gra√ßas;Vendedor;CL001;Tienda Matriz;10008;Cafetera;Cocina;159,9;284,9;1;;5/04/19 9:41;5/04/19 9:59
123456222;Maria das Gra√ßas;Vendedor;CL001;Tienda Matriz;10008;Cafetera;Cocina;159,9;284,9;1;;14/01/19 10:15;14/01/19 17:16
123456222;Maria das Gra√ßas;Vendedor;CL001;Tienda Matriz;10002;Tablet;Electrónicos;799;1424,91;1;;1/02/20 15:08;2/02/20 14:32
123456222;Maria das Gra√ßas;Vendedor;CL001;Tienda Matriz;10003;Televisor;Electrodomésticos;1400,9;2279,99;1;;12/09/19 12:38;18/09/19 16:09
123456222;Maria das Gra√ßas;Vendedor;CL001;Tienda Matriz;10003;Televisor;Electrodomésticos;1400,9;2279,99;1;;22/02/19 14:36;26/02/19 15:25
123456222;Maria das Gra√ßas;Vendedor;CL001;Tienda Matriz;10005;Notebook;Electrónicos;2299,9;3199;1;;11/09/19 17:48;12/09/19 17:31
123456222;Maria das Gra√ßas;Vendedor;CL001;Tienda Matriz;10019;Sofá;Casa;789,9;1399;1;;26/02/19 13:32;2/03/19 13:22
123456222;Maria das Gra√ßas;Vendedor;CL001;Tienda Matriz;10020;Impresora;Electrónicos;329,9;674,1;1;;23/12/20 14:14;23/12/20 17:25
123456222;Maria das Gra√ßas;Vendedor;CL001;Tienda Matriz;10016;Guarda Ropa;Casa;489,9;999;1;;26/01/20 12:41;30/01/20 17:06
123456222;Maria das Gra√ßas;Vendedor;CL001;Tienda Matriz;10006;Aspiradora de piso;Casa;88,9;189,9;1;;12/07/20 17:21;12/07/20 17:26
123456222;Maria das Gra√ßas;Vendedor;CL001;Tienda Matriz;10004;Máquina de lavar ropa;Electrodomésticos;1099;1709,1;1;0,05;9/07/20 12:04;15/07/20 12:08
123456222;Maria das Gra√ßas;Vendedor;CL001;Tienda Matriz;10013;Fogón;Electrodomésticos;210,9;404,1;1;;29/07/19 12:05;5/08/19 16:43
123456222;Maria das Gra√ßas;Vendedor;CL001;Tienda Matriz;10020;Impresora;Electrónicos;329,9;674,1;1;;25/06/19 12:27;25/06/19 17:59
123456222;Maria das Gra√ßas;Vendedor;CL001;Tienda Matriz;10017;Cama Box;Casa;1189,9;1899,5;1;;12/03/19 12:08;15/03/19 13:07
123456222;Maria das Gra√ßas;Vendedor;CL001;Tienda Matriz;10009;Plancha;Casa;27,9;55,9;1;;5/04/20 9:55;5/04/20 12:07
123456222;Maria das Gra√ßas;Vendedor;CL001;Tienda Matriz;10002;Tablet;Electrónicos;799;1424,91;1;;29/12/20 13:31;30/12/20 10:55
123456222;Maria das Gra√ßas;Vendedor;CL001;Tienda Matriz;10014;Heladera;Electrodomésticos;699,9;1346,9;1;;9/11/20 17:53;13/11/20 15:19
123456222;Maria das Gra√ßas;Vendedor;CL001;Tienda Matriz;10012;Procesador de alimentos;Cocina;110;189,9;1;;12/03/20 15:48;13/03/20 14:42
123456222;Maria das Gra√ßas;Vendedor;CL001;Tienda Matriz;10018;Colchón;Casa;109,9;249,9;1;;2/05/19 12:19;3/05/19 11:52
123456222;Maria das Gra√ßas;Vendedor;CL001;Tienda Matriz;10009;Plancha;Casa;27,9;55,9;1;;9/09/19 10:31;9/09/19 14:19
123456222;Maria das Gra√ßas;Vendedor;CL001;Tienda Matriz;10005;Notebook;Electrónicos;2299,9;3199;1;;9/01/19 17:51;10/01/19 16:18
123456222;Maria das Gra√ßas;Vendedor;CL001;Tienda Matriz;10010;Freidora eléctrica;Cocina;187,9;340;1;;17/06/20 9:06;17/06/20 17:23
123456222;Maria das Gra√ßas;Vendedor;CL001;Tienda Matriz;10015;Microondas;Electrodomésticos;189;364,5;1;;15/06/19 14:51;16/06/19 14:14
123456222;Maria das Gra√ßas;Vendedor;CL001;Tienda Matriz;10006;Aspiradora de piso;Casa;88,9;189,9;1;;4/09/19 14:23;5/09/19 12:40
123456222;Maria das Gra√ßas;Vendedor;CL001;Tienda Matriz;10001;Smartphone;Electrónicos;899,9;1676,9;3;;25/09/19 10:14;25/09/19 12:50
123456222;Maria das Gra√ßas;Vendedor;CL001;Tienda Matriz;10006;Aspiradora de piso;Casa;88,9;189,9;3;;7/01/20 9:52;8/01/20 9:47
123456222;Maria das Gra√ßas;Vendedor;CL001;Tienda Matriz;10016;Guarda Ropa;Casa;489,9;999;3;;18/06/20 13:37;21/06/20 9:22
123456222;Maria das Gra√ßas;Vendedor;CL001;Tienda Matriz;10008;Cafetera;Cocina;159,9;284,9;3;;6/08/19 14:14;7/08/19 12:59
123456222;Maria das Gra√ßas;Vendedor;CL001;Tienda Matriz;10016;Guarda Ropa;Casa;489,9;999;3;;21/11/19 13:04;25/11/19 13:26
123456222;Maria das Gra√ßas;Vendedor;CL001;Tienda Matriz;10005;Notebook;Electrónicos;2299,9;3199;3;;24/10/20 17:55;25/10/20 10:02
123456222;Maria das Gra√ßas;Vendedor;CL001;Tienda Matriz;10002;Tablet;Electrónicos;799;1424,91;3;;18/04/20 9:48;18/04/20 11:20
123456222;Maria das Gra√ßas;Vendedor;CL001;Tienda Matriz;10014;Heladera;Electrodomésticos;699,9;1346,9;3;;13/07/20 16:55;19/07/20 11:59
123456222;Maria das Gra√ßas;Vendedor;CL001;Tienda Matriz;10001;Smartphone;Electrónicos;899,9;1676,9;3;;20/11/19 15:03;20/11/19 15:59
123456222;Maria das Gra√ßas;Vendedor;CL001;Tienda Matriz;10012;Procesador de alimentos;Cocina;110;189,9;3;;3/07/19 9:45;3/07/19 13:05
123456222;Maria das Gra√ßas;Vendedor;CL001;Tienda Matriz;10006;Aspiradora de piso;Casa;88,9;189,9;3;;3/02/19 15:02;4/02/19 14:22
123456222;Maria das Gra√ßas;Vendedor;CL001;Tienda Matriz;10016;Guarda Ropa;Casa;489,9;999;3;;2/09/19 12:46;8/09/19 15:51
123456222;Maria das Gra√ßas;Vendedor;CL001;Tienda Matriz;10005;Notebook;Electrónicos;2299,9;3199;3;;18/08/19 9:21;18/08/19 11:09
123456222;Maria das Gra√ßas;Vendedor;CL001;Tienda Matriz;10019;Sofá;Casa;789,9;1399;3;;31/01/19 11:06;7/02/19 16:09
123456222;Maria das Gra√ßas;Vendedor;CL001;Tienda Matriz;10014;Heladera;Electrodomésticos;699,9;1346,9;3;;4/07/20 12:42;6/07/20 12:17
123456222;Maria das Gra√ßas;Vendedor;CL001;Tienda Matriz;10009;Plancha;Casa;27,9;55,9;3;;31/03/19 14:49;1/04/19 14:43
123456222;Maria das Gra√ßas;Vendedor;CL001;Tienda Matriz;10007;Batidora;Cocina;49,9;95,9;3;;24/03/20 17:51;25/03/20 14:27
123456222;Maria das Gra√ßas;Vendedor;CL001;Tienda Matriz;10013;Fogón;Electrodomésticos;210,9;404,1;3;;7/10/20 10:52;11/10/20 10:53
123456222;Maria das Gra√ßas;Vendedor;CL001;Tienda Matriz;10018;Colchón;Casa;109,9;249,9;3;;22/02/20 10:47;23/02/20 10:42
123456222;Maria das Gra√ßas;Vendedor;CL001;Tienda Matriz;10002;Tablet;Electrónicos;799;1424,91;3;;4/02/19 10:35;4/02/19 11:02
123456222;Maria das Gra√ßas;Vendedor;CL001;Tienda Matriz;10001;Smartphone;Electrónicos;899,9;1676,9;3;;29/10/20 17:54;30/10/20 17:38
123456222;Maria das Gra√ßas;Vendedor;CL001;Tienda Matriz;10009;Plancha;Casa;27,9;55,9;3;;13/09/19 13:08;14/09/19 9:56
123456222;Maria das Gra√ßas;Vendedor;CL001;Tienda Matriz;10017;Cama Box;Casa;1189,9;1899,5;3;;3/07/19 10:06;10/07/19 14:36
123456222;Maria das Gra√ßas;Vendedor;CL001;Tienda Matriz;10005;Notebook;Electrónicos;2299,9;3199;3;;1/08/19 15:29;1/08/19 16:16
123456222;Maria das Gra√ßas;Vendedor;CL001;Tienda Matriz;10020;Impresora;Electrónicos;329,9;674,1;3;;14/03/20 16:38;15/03/20 10:42
123456222;Maria das Gra√ßas;Vendedor;CL001;Tienda Matriz;10008;Cafetera;Cocina;159,9;284,9;3;;12/01/20 16:29;13/01/20 11:42
123456222;Maria das Gra√ßas;Vendedor;CL001;Tienda Matriz;10018;Colchón;Casa;109,9;249,9;3;;22/08/19 12:28;23/08/19 9:48
123456222;Maria das Gra√ßas;Vendedor;CL001;Tienda Matriz;10012;Procesador de alimentos;Cocina;110;189,9;3;;1/12/20 11:22;1/12/20 14:29
123456222;Maria das Gra√ßas;Vendedor;CL001;Tienda Matriz;10009;Plancha;Casa;27,9;55,9;3;;20/10/20 14:12;21/10/20 12:32
123456222;Maria das Gra√ßas;Vendedor;CL001;Tienda Matriz;10018;Colchón;Casa;109,9;249,9;3;;19/04/19 16:04;20/04/19 9:48
123456222;Maria das Gra√ßas;Vendedor;CL001;Tienda Matriz;10018;Colchón;Casa;109,9;249,9;3;;26/04/20 16:25;27/04/20 12:38
123456222;Maria das Gra√ßas;Vendedor;CL001;Tienda Matriz;10011;Licuadora;Cocina;59,9;142,4;3;;10/11/19 9:57;11/11/19 9:40
123456222;Maria das Gra√ßas;Vendedor;CL001;Tienda Matriz;10009;Plancha;Casa;27,9;55,9;3;;15/05/20 12:24;15/05/20 13:20
123456222;Maria das Gra√ßas;Vendedor;CL001;Tienda Matriz;10006;Aspiradora de piso;Casa;88,9;189,9;3;;30/09/20 16:27;1/10/20 11:48
123456222;Maria das Gra√ßas;Vendedor;CL001;Tienda Matriz;10012;Procesador de alimentos;Cocina;110;189,9;3;;2/01/19 12:30;3/01/19 9:36
123456222;Maria das Gra√ßas;Vendedor;CL001;Tienda Matriz;10016;Guarda Ropa;Casa;489,9;999;3;;30/12/20 14:57;31/12/20 13:33
123456222;Maria das Gra√ßas;Vendedor;CL001;Tienda Matriz;10006;Aspiradora de piso;Casa;88,9;189,9;3;;24/12/19 16:47;25/12/19 14:37
123456222;Maria das Gra√ßas;Vendedor;CL001;Tienda Matriz;10009;Plancha;Casa;27,9;55,9;3;;16/07/20 12:09;16/07/20 17:02
123456222;Maria das Gra√ßas;Vendedor;CL001;Tienda Matriz;10020;Impresora;Electrónicos;329,9;674,1;3;;9/02/19 16:38;10/02/19 11:04
123456222;Maria das Gra√ßas;Vendedor;CL001;Tienda Matriz;10015;Microondas;Electrodomésticos;189;364,5;3;;21/12/19 14:22;21/12/19 17:31
123456222;Maria das Gra√ßas;Vendedor;CL001;Tienda Matriz;10001;Smartphone;Electrónicos;899,9;1676,9;3;;30/08/19 11:04;30/08/19 16:00
123456222;Maria das Gra√ßas;Vendedor;CL001;Tienda Matriz;10011;Licuadora;Cocina;59,9;142,4;3;;15/09/20 12:40;15/09/20 12:51
123456222;Maria das Gra√ßas;Vendedor;CL001;Tienda Matriz;10005;Notebook;Electrónicos;2299,9;3199;3;;22/11/19 13:28;23/11/19 10:07
123456222;Maria das Gra√ßas;Vendedor;CL001;Tienda Matriz;10019;Sofá;Casa;789,9;1399;3;;8/09/20 14:59;13/09/20 11:59
123456222;Maria das Gra√ßas;Vendedor;CL001;Tienda Matriz;10010;Freidora eléctrica;Cocina;187,9;340;3;;9/04/20 14:46;10/04/20 13:42
123456222;Maria das Gra√ßas;Vendedor;CL001;Tienda Matriz;10008;Cafetera;Cocina;159,9;284,9;3;;14/03/19 13:02;15/03/19 9:52
123456222;Maria das Gra√ßas;Vendedor;CL001;Tienda Matriz;10003;Televisor;Electrodomésticos;1400,9;2279,99;3;;9/11/20 11:25;12/11/20 14:57
123456222;Maria das Gra√ßas;Vendedor;CL001;Tienda Matriz;10013;Fogón;Electrodomésticos;210,9;404,1;3;;9/10/19 12:21;12/10/19 14:12
123456222;Maria das Gra√ßas;Vendedor;CL001;Tienda Matriz;10007;Batidora;Cocina;49,9;95,9;3;;5/04/20 12:56;5/04/20 15:19
123456222;Maria das Gra√ßas;Vendedor;CL001;Tienda Matriz;10012;Procesador de alimentos;Cocina;110;189,9;3;;23/04/20 16:45;24/04/20 11:33
123456222;Maria das Gra√ßas;Vendedor;CL001;Tienda Matriz;10001;Smartphone;Electrónicos;899,9;1676,9;3;;25/08/19 17:55;26/08/19 13:45
123456222;Maria das Gra√ßas;Vendedor;CL001;Tienda Matriz;10009;Plancha;Casa;27,9;55,9;3;;4/02/20 12:15;4/02/20 15:50
123456222;Maria das Gra√ßas;Vendedor;CL001;Tienda Matriz;10007;Batidora;Cocina;49,9;95,9;3;;6/12/20 11:03;7/12/20 9:31
123456222;Maria das Gra√ßas;Vendedor;CL001;Tienda Matriz;10009;Plancha;Casa;27,9;55,9;3;;14/02/20 13:50;15/02/20 13:31
123456222;Maria das Gra√ßas;Vendedor;CL001;Tienda Matriz;10005;Notebook;Electrónicos;2299,9;3199;3;;12/02/20 17:56;13/02/20 11:08
123456222;Maria das Gra√ßas;Vendedor;CL001;Tienda Matriz;10016;Guarda Ropa;Casa;489,9;999;3;;26/07/19 12:47;30/07/19 11:14
123456222;Maria das Gra√ßas;Vendedor;CL001;Tienda Matriz;10015;Microondas;Electrodomésticos;189;364,5;3;;6/09/19 13:43;7/09/19 12:50
123456222;Maria das Gra√ßas;Vendedor;CL001;Tienda Matriz;10016;Guarda Ropa;Casa;489,9;999;3;;13/06/19 14:07;19/06/19 10:04
123456222;Maria das Gra√ßas;Vendedor;CL001;Tienda Matriz;10011;Licuadora;Cocina;59,9;142,4;3;;3/12/20 10:49;3/12/20 17:39
123456222;Maria das Gra√ßas;Vendedor;CL001;Tienda Matriz;10007;Batidora;Cocina;49,9;95,9;3;;2/11/20 16:52;3/11/20 14:50
123456222;Maria das Gra√ßas;Vendedor;CL001;Tienda Matriz;10004;Máquina de lavar ropa;Electrodomésticos;1099;1709,1;3;0,09;24/09/19 15:45;26/09/19 14:16
123456222;Maria das Gra√ßas;Vendedor;CL001;Tienda Matriz;10014;Heladera;Electrodomésticos;699,9;1346,9;3;;30/05/19 17:19;6/06/19 14:11
123456222;Maria das Gra√ßas;Vendedor;CL001;Tienda Matriz;10011;Licuadora;Cocina;59,9;142,4;3;;10/05/20 9:20;10/05/20 15:09
123456222;Maria das Gra√ßas;Vendedor;CL001;Tienda Matriz;10007;Batidora;Cocina;49,9;95,9;3;;9/01/20 14:03;10/01/20 12:35
123456222;Maria das Gra√ßas;Vendedor;CL001;Tienda Matriz;10003;Televisor;Electrodomésticos;1400,9;2279,99;3;;29/12/20 16:50;31/12/20 17:28
123456222;Maria das Gra√ßas;Vendedor;CL001;Tienda Matriz;10009;Plancha;Casa;27,9;55,9;3;;2/01/20 12:56;3/01/20 12:55
123456222;Maria das Gra√ßas;Vendedor;CL001;Tienda Matriz;10014;Heladera;Electrodomésticos;699,9;1346,9;3;;11/03/20 9:04;13/03/20 10:34
123456222;Maria das Gra√ßas;Vendedor;CL001;Tienda Matriz;10012;Procesador de alimentos;Cocina;110;189,9;3;;18/07/19 13:47;19/07/19 12:05
123456222;Maria das Gra√ßas;Vendedor;CL001;Tienda Matriz;10012;Procesador de alimentos;Cocina;110;189,9;3;;29/08/19 11:08;30/08/19 11:02
123456222;Maria das Gra√ßas;Vendedor;CL001;Tienda Matriz;10007;Batidora;Cocina;49,9;95,9;3;;27/03/19 12:01;27/03/19 15:27
123456222;Maria das Gra√ßas;Vendedor;CL001;Tienda Matriz;10012;Procesador de alimentos;Cocina;110;189,9;3;;4/09/20 13:19;5/09/20 11:49
123456222;Maria das Gra√ßas;Vendedor;CL001;Tienda Matriz;10004;Máquina de lavar ropa;Electrodomésticos;1099;1709,1;3;0,09;26/10/19 12:40;29/10/19 14:59
123456222;Maria das Gra√ßas;Vendedor;CL001;Tienda Matriz;10002;Tablet;Electrónicos;799;1424,91;3;;17/01/19 12:04;17/01/19 14:58
123456222;Maria das Gra√ßas;Vendedor;CL001;Tienda Matriz;10012;Procesador de alimentos;Cocina;110;189,9;3;;30/06/20 15:17;30/06/20 16:57
123456222;Maria das Gra√ßas;Vendedor;CL001;Tienda Matriz;10018;Colchón;Casa;109,9;249,9;3;;25/02/19 15:40;26/02/19 15:29
123456222;Maria das Gra√ßas;Vendedor;CL001;Tienda Matriz;10018;Colchón;Casa;109,9;249,9;3;;9/07/19 16:05;10/07/19 15:25
123456222;Maria das Gra√ßas;Vendedor;CL001;Tienda Matriz;10016;Guarda Ropa;Casa;489,9;999;3;;10/08/20 17:33;13/08/20 11:34
123456222;Maria das Gra√ßas;Vendedor;CL001;Tienda Matriz;10006;Aspiradora de piso;Casa;88,9;189,9;3;;17/07/19 13:55;17/07/19 16:30
123456222;Maria das Gra√ßas;Vendedor;CL001;Tienda Matriz;10015;Microondas;Electrodomésticos;189;364,5;3;;26/09/19 9:45;27/09/19 9:42
123456222;Maria das Gra√ßas;Vendedor;CL001;Tienda Matriz;10010;Freidora eléctrica;Cocina;187,9;340;3;;1/06/20 10:57;1/06/20 15:24
123456222;Maria das Gra√ßas;Vendedor;CL001;Tienda Matriz;10014;Heladera;Electrodomésticos;699,9;1346,9;3;;29/03/20 10:10;3/04/20 12:05
123456333;Jorge Mateus;Vendedor;CL001;Tienda Matriz;10007;Batidora;Cocina;49,9;95,9;2;;30/10/20 14:06;31/10/20 13:50
123456333;Jorge Mateus;Vendedor;CL001;Tienda Matriz;10014;Heladera;Electrodomésticos;699,9;1346,9;2;;30/05/19 10:53;2/06/19 13:46
123456333;Jorge Mateus;Vendedor;CL001;Tienda Matriz;10008;Cafetera;Cocina;159,9;284,9;2;;9/11/19 13:42;10/11/19 9:44
123456333;Jorge Mateus;Vendedor;CL001;Tienda Matriz;10019;Sofá;Casa;789,9;1399;2;;22/05/20 10:12;29/05/20 15:46
123456333;Jorge Mateus;Vendedor;CL001;Tienda Matriz;10014;Heladera;Electrodomésticos;699,9;1346,9;2;;9/05/20 16:34;14/05/20 16:34
123456333;Jorge Mateus;Vendedor;CL001;Tienda Matriz;10015;Microondas;Electrodomésticos;189;364,5;2;;14/01/20 17:33;15/01/20 11:07
123456333;Jorge Mateus;Vendedor;CL001;Tienda Matriz;10013;Fogón;Electrodomésticos;210,9;404,1;2;;12/04/19 15:41;19/04/19 13:28
123456333;Jorge Mateus;Vendedor;CL001;Tienda Matriz;10009;Plancha;Casa;27,9;55,9;2;;26/10/19 10:24;26/10/19 10:48
123456333;Jorge Mateus;Vendedor;CL001;Tienda Matriz;10010;Freidora eléctrica;Cocina;187,9;340;2;;17/02/19 10:41;18/02/19 10:06
123456333;Jorge Mateus;Vendedor;CL001;Tienda Matriz;10014;Heladera;Electrodomésticos;699,9;1346,9;2;;16/07/19 15:39;21/07/19 9:02
123456333;Jorge Mateus;Vendedor;CL001;Tienda Matriz;10012;Procesador de alimentos;Cocina;110;189,9;2;;17/02/19 9:05;17/02/19 12:04
123456333;Jorge Mateus;Vendedor;CL001;Tienda Matriz;10002;Tablet;Electrónicos;799;1424,91;2;;28/12/19 13:02;29/12/19 12:05
123456333;Jorge Mateus;Vendedor;CL001;Tienda Matriz;10008;Cafetera;Cocina;159,9;284,9;2;;10/03/20 15:15;10/03/20 16:08
123456333;Jorge Mateus;Vendedor;CL001;Tienda Matriz;10015;Microondas;Electrodomésticos;189;364,5;2;;25/07/19 9:03;25/07/19 17:20
123456333;Jorge Mateus;Vendedor;CL001;Tienda Matriz;10018;Colchón;Casa;109,9;249,9;2;;2/05/19 11:09;2/05/19 12:49
123456333;Jorge Mateus;Vendedor;CL001;Tienda Matriz;10003;Televisor;Electrodomésticos;1400,9;2279,99;2;;26/10/19 10:56;2/11/19 11:26
123456333;Jorge Mateus;Vendedor;CL001;Tienda Matriz;10008;Cafetera;Cocina;159,9;284,9;2;;8/04/20 13:00;8/04/20 16:28
123456333;Jorge Mateus;Vendedor;CL001;Tienda Matriz;10008;Cafetera;Cocina;159,9;284,9;2;;15/09/19 14:56;16/09/19 14:07
123456333;Jorge Mateus;Vendedor;CL001;Tienda Matriz;10020;Impresora;Electrónicos;329,9;674,1;2;;30/10/19 14:33;31/10/19 12:54
123456333;Jorge Mateus;Vendedor;CL001;Tienda Matriz;10004;Máquina de lavar ropa;Electrodomésticos;1099;1709,1;2;0,07;8/05/19 11:49;14/05/19 13:17
123456333;Jorge Mateus;Vendedor;CL001;Tienda Matriz;10010;Freidora eléctrica;Cocina;187,9;340;2;;30/03/20 12:49;30/03/20 16:47
123456333;Jorge Mateus;Vendedor;CL001;Tienda Matriz;10007;Batidora;Cocina;49,9;95,9;2;;17/04/20 14:23;17/04/20 15:13
123456333;Jorge Mateus;Vendedor;CL001;Tienda Matriz;10015;Microondas;Electrodomésticos;189;364,5;2;;4/09/20 13:57;4/09/20 16:52
123456333;Jorge Mateus;Vendedor;CL001;Tienda Matriz;10004;Máquina de lavar ropa;Electrodomésticos;1099;1709,1;2;0,07;21/02/19 16:58;24/02/19 12:31
123456333;Jorge Mateus;Vendedor;CL001;Tienda Matriz;10002;Tablet;Electrónicos;799;1424,91;2;;3/10/20 16:46;4/10/20 11:55
123456333;Jorge Mateus;Vendedor;CL001;Tienda Matriz;10004;Máquina de lavar ropa;Electrodomésticos;1099;1709,1;2;0,07;26/08/20 12:04;30/08/20 12:52
123456333;Jorge Mateus;Vendedor;CL001;Tienda Matriz;10008;Cafetera;Cocina;159,9;284,9;2;;15/06/20 15:38;16/06/20 12:04
123456333;Jorge Mateus;Vendedor;CL001;Tienda Matriz;10003;Televisor;Electrodomésticos;1400,9;2279,99;2;;20/05/19 14:00;22/05/19 16:42
123456333;Jorge Mateus;Vendedor;CL001;Tienda Matriz;10017;Cama Box;Casa;1189,9;1899,5;2;;14/11/20 16:04;17/11/20 12:10
123456333;Jorge Mateus;Vendedor;CL001;Tienda Matriz;10012;Procesador de alimentos;Cocina;110;189,9;2;;11/03/19 16:52;12/03/19 12:06
123456333;Jorge Mateus;Vendedor;CL001;Tienda Matriz;10008;Cafetera;Cocina;159,9;284,9;2;;12/01/19 16:27;13/01/19 10:34
123456333;Jorge Mateus;Vendedor;CL001;Tienda Matriz;10004;Máquina de lavar ropa;Electrodomésticos;1099;1709,1;2;0,07;13/09/19 13:38;16/09/19 17:52
123456333;Jorge Mateus;Vendedor;CL001;Tienda Matriz;10003;Televisor;Electrodomésticos;1400,9;2279,99;2;;15/03/19 16:31;21/03/19 15:06
123456333;Jorge Mateus;Vendedor;CL001;Tienda Matriz;10012;Procesador de alimentos;Cocina;110;189,9;2;;4/07/19 10:52;4/07/19 17:12
123456333;Jorge Mateus;Vendedor;CL001;Tienda Matriz;10015;Microondas;Electrodomésticos;189;364,5;2;;23/01/20 9:25;23/01/20 11:26
123456333;Jorge Mateus;Vendedor;CL001;Tienda Matriz;10013;Fogón;Electrodomésticos;210,9;404,1;2;;26/10/20 14:23;30/10/20 16:43
123456333;Jorge Mateus;Vendedor;CL001;Tienda Matriz;10006;Aspiradora de piso;Casa;88,9;189,9;2;;29/05/19 16:44;29/05/19 16:47
123456333;Jorge Mateus;Vendedor;CL001;Tienda Matriz;10008;Cafetera;Cocina;159,9;284,9;2;;23/04/19 10:07;23/04/19 17:32
123456333;Jorge Mateus;Vendedor;CL001;Tienda Matriz;10010;Freidora eléctrica;Cocina;187,9;340;2;;18/10/19 9:19;18/10/19 12:10
123456333;Jorge Mateus;Vendedor;CL001;Tienda Matriz;10001;Smartphone;Electrónicos;899,9;1676,9;2;;27/02/20 12:52;27/02/20 17:18
123456333;Jorge Mateus;Vendedor;CL001;Tienda Matriz;10001;Smartphone;Electrónicos;899,9;1676,9;2;;11/12/19 10:53;11/12/19 11:20
123456333;Jorge Mateus;Vendedor;CL001;Tienda Matriz;10013;Fogón;Electrodomésticos;210,9;404,1;2;;8/02/19 13:39;10/02/19 12:08
123456333;Jorge Mateus;Vendedor;CL001;Tienda Matriz;10013;Fogón;Electrodomésticos;210,9;404,1;2;;16/02/20 13:58;19/02/20 15:49
123456333;Jorge Mateus;Vendedor;CL001;Tienda Matriz;10009;Plancha;Casa;27,9;55,9;2;;6/06/19 14:15;7/06/19 13:52
123456333;Jorge Mateus;Vendedor;CL001;Tienda Matriz;10010;Freidora eléctrica;Cocina;187,9;340;2;;11/05/20 10:53;12/05/20 10:13
123456333;Jorge Mateus;Vendedor;CL001;Tienda Matriz;10011;Licuadora;Cocina;59,9;142,4;2;;10/11/20 13:19;11/11/20 10:59
123456333;Jorge Mateus;Vendedor;CL001;Tienda Matriz;10007;Batidora;Cocina;49,9;95,9;2;;5/02/20 13:52;5/02/20 14:26
123456333;Jorge Mateus;Vendedor;CL001;Tienda Matriz;10010;Freidora eléctrica;Cocina;187,9;340;2;;3/04/19 15:04;3/04/19 17:18
123456333;Jorge Mateus;Vendedor;CL001;Tienda Matriz;10015;Microondas;Electrodomésticos;189;364,5;2;;20/08/19 17:54;21/08/19 13:52
123456333;Jorge Mateus;Vendedor;CL001;Tienda Matriz;10011;Licuadora;Cocina;59,9;142,4;2;;21/12/20 16:23;22/12/20 9:13
123456333;Jorge Mateus;Vendedor;CL001;Tienda Matriz;10011;Licuadora;Cocina;59,9;142,4;2;;29/08/19 16:53;30/08/19 14:14
123456333;Jorge Mateus;Vendedor;CL001;Tienda Matriz;10008;Cafetera;Cocina;159,9;284,9;2;;17/04/20 10:03;18/04/20 9:12
123456333;Jorge Mateus;Vendedor;CL001;Tienda Matriz;10006;Aspiradora de piso;Casa;88,9;189,9;2;;9/08/20 15:36;10/08/20 10:59
123456333;Jorge Mateus;Vendedor;CL001;Tienda Matriz;10006;Aspiradora de piso;Casa;88,9;189,9;2;;24/01/19 9:06;24/01/19 11:33
123456333;Jorge Mateus;Vendedor;CL001;Tienda Matriz;10010;Freidora eléctrica;Cocina;187,9;340;2;;27/03/19 16:28;28/03/19 15:18
123456333;Jorge Mateus;Vendedor;CL001;Tienda Matriz;10016;Guarda Ropa;Casa;489,9;999;2;;12/09/20 9:55;14/09/20 11:07
123456333;Jorge Mateus;Vendedor;CL001;Tienda Matriz;10011;Licuadora;Cocina;59,9;142,4;2;;20/09/19 13:24;21/09/19 11:12
123456333;Jorge Mateus;Vendedor;CL001;Tienda Matriz;10005;Notebook;Electrónicos;2299,9;3199;2;;14/08/19 11:51;14/08/19 12:02
123456333;Jorge Mateus;Vendedor;CL001;Tienda Matriz;10018;Colchón;Casa;109,9;249,9;2;;4/05/20 15:25;4/05/20 17:00
123456333;Jorge Mateus;Vendedor;CL001;Tienda Matriz;10015;Microondas;Electrodomésticos;189;364,5;2;;13/07/20 11:07;13/07/20 15:08
123456333;Jorge Mateus;Vendedor;CL001;Tienda Matriz;10018;Colchón;Casa;109,9;249,9;2;;25/02/20 16:58;26/02/20 14:58
123456333;Jorge Mateus;Vendedor;CL001;Tienda Matriz;10005;Notebook;Electrónicos;2299,9;3199;2;;21/03/20 11:56;22/03/20 10:54
123456333;Jorge Mateus;Vendedor;CL001;Tienda Matriz;10014;Heladera;Electrodomésticos;699,9;1346,9;2;;31/10/20 11:41;3/11/20 11:52
123456333;Jorge Mateus;Vendedor;CL001;Tienda Matriz;10004;Máquina de lavar ropa;Electrodomésticos;1099;1709,1;2;0,07;28/10/19 12:58;1/11/19 15:37
123456333;Jorge Mateus;Vendedor;CL001;Tienda Matriz;10005;Notebook;Electrónicos;2299,9;3199;2;;19/09/19 17:16;20/09/19 17:09
123456333;Jorge Mateus;Vendedor;CL001;Tienda Matriz;10017;Cama Box;Casa;1189,9;1899,5;2;;13/02/20 16:21;17/02/20 14:21
123456333;Jorge Mateus;Vendedor;CL001;Tienda Matriz;10020;Impresora;Electrónicos;329,9;674,1;2;;8/03/19 9:56;8/03/19 11:15
123456333;Jorge Mateus;Vendedor;CL001;Tienda Matriz;10014;Heladera;Electrodomésticos;699,9;1346,9;2;;17/10/19 15:50;20/10/19 13:03
123456333;Jorge Mateus;Vendedor;CL001;Tienda Matriz;10016;Guarda Ropa;Casa;489,9;999;2;;7/02/20 17:43;11/02/20 14:25
123456333;Jorge Mateus;Vendedor;CL001;Tienda Matriz;10020;Impresora;Electrónicos;329,9;674,1;2;;27/05/20 14:59;28/05/20 13:59
123456333;Jorge Mateus;Vendedor;CL001;Tienda Matriz;10008;Cafetera;Cocina;159,9;284,9;1;;2/12/19 13:24;3/12/19 11:46
123456333;Jorge Mateus;Vendedor;CL001;Tienda Matriz;10011;Licuadora;Cocina;59,9;142,4;1;;1/10/20 12:10;1/10/20 14:09
123456333;Jorge Mateus;Vendedor;CL001;Tienda Matriz;10014;Heladera;Electrodomésticos;699,9;1346,9;1;;18/07/19 9:07;20/07/19 14:39
123456333;Jorge Mateus;Vendedor;CL001;Tienda Matriz;10011;Licuadora;Cocina;59,9;142,4;1;;5/06/20 14:40;6/06/20 12:37
123456333;Jorge Mateus;Vendedor;CL001;Tienda Matriz;10001;Smartphone;Electrónicos;899,9;1676,9;1;;20/04/19 11:26;20/04/19 15:10
123456333;Jorge Mateus;Vendedor;CL001;Tienda Matriz;10017;Cama Box;Casa;1189,9;1899,5;1;;10/12/20 12:47;15/12/20 15:31
123456333;Jorge Mateus;Vendedor;CL001;Tienda Matriz;10019;Sofá;Casa;789,9;1399;1;;13/05/20 16:10;19/05/20 13:51
123456333;Jorge Mateus;Vendedor;CL001;Tienda Matriz;10011;Licuadora;Cocina;59,9;142,4;1;;8/08/20 11:59;8/08/20 17:18
123456333;Jorge Mateus;Vendedor;CL001;Tienda Matriz;10017;Cama Box;Casa;1189,9;1899,5;1;;6/11/20 17:16;13/11/20 17:26
123456333;Jorge Mateus;Vendedor;CL001;Tienda Matriz;10005;Notebook;Electrónicos;2299,9;3199;1;;4/03/19 11:27;4/03/19 13:50
123456333;Jorge Mateus;Vendedor;CL001;Tienda Matriz;10019;Sofá;Casa;789,9;1399;1;;8/02/20 9:28;14/02/20 10:55
123456333;Jorge Mateus;Vendedor;CL001;Tienda Matriz;10009;Plancha;Casa;27,9;55,9;1;;28/01/20 16:50;28/01/20 17:42
123456333;Jorge Mateus;Vendedor;CL001;Tienda Matriz;10018;Colchón;Casa;109,9;249,9;1;;14/08/19 12:02;15/08/19 11:47
123456333;Jorge Mateus;Vendedor;CL001;Tienda Matriz;10002;Tablet;Electrónicos;799;1424,91;1;;4/11/19 14:07;4/11/19 15:53
123456333;Jorge Mateus;Vendedor;CL001;Tienda Matriz;10004;Máquina de lavar ropa;Electrodomésticos;1099;1709,1;1;0,05;5/09/20 12:31;11/09/20 10:56
123456333;Jorge Mateus;Vendedor;CL001;Tienda Matriz;10017;Cama Box;Casa;1189,9;1899,5;1;;8/07/20 12:03;10/07/20 10:11
123456333;Jorge Mateus;Vendedor;CL001;Tienda Matriz;10015;Microondas;Electrodomésticos;189;364,5;1;;27/03/20 13:03;28/03/20 9:54
123456333;Jorge Mateus;Vendedor;CL001;Tienda Matriz;10010;Freidora eléctrica;Cocina;187,9;340;1;;26/12/19 12:54;27/12/19 12:49
123456333;Jorge Mateus;Vendedor;CL001;Tienda Matriz;10014;Heladera;Electrodomésticos;699,9;1346,9;1;;2/04/19 11:53;4/04/19 12:54
123456333;Jorge Mateus;Vendedor;CL001;Tienda Matriz;10010;Freidora eléctrica;Cocina;187,9;340;1;;2/11/20 14:34;3/11/20 10:22
123456333;Jorge Mateus;Vendedor;CL001;Tienda Matriz;10013;Fogón;Electrodomésticos;210,9;404,1;1;;28/04/20 17:24;4/05/20 17:59
123456333;Jorge Mateus;Vendedor;CL001;Tienda Matriz;10005;Notebook;Electrónicos;2299,9;3199;1;;20/06/19 12:17;21/06/19 9:21
123456333;Jorge Mateus;Vendedor;CL001;Tienda Matriz;10016;Guarda Ropa;Casa;489,9;999;1;;15/10/19 11:43;17/10/19 12:31
123456333;Jorge Mateus;Vendedor;CL001;Tienda Matriz;10008;Cafetera;Cocina;159,9;284,9;1;;22/11/19 13:40;23/11/19 12:05
123456333;Jorge Mateus;Vendedor;CL001;Tienda Matriz;10001;Smartphone;Electrónicos;899,9;1676,9;1;;24/07/19 15:40;25/07/19 10:51
123456333;Jorge Mateus;Vendedor;CL001;Tienda Matriz;10019;Sofá;Casa;789,9;1399;1;;22/03/20 12:47;24/03/20 9:22
123456333;Jorge Mateus;Vendedor;CL001;Tienda Matriz;10015;Microondas;Electrodomésticos;189;364,5;1;;18/07/20 16:59;19/07/20 10:16
123456333;Jorge Mateus;Vendedor;CL001;Tienda Matriz;10004;Máquina de lavar ropa;Electrodomésticos;1099;1709,1;1;0,05;22/11/20 15:02;28/11/20 10:47
123456333;Jorge Mateus;Vendedor;CL001;Tienda Matriz;10011;Licuadora;Cocina;59,9;142,4;1;;21/10/20 12:35;22/10/20 9:57
123456333;Jorge Mateus;Vendedor;CL001;Tienda Matriz;10008;Cafetera;Cocina;159,9;284,9;1;;10/06/20 16:19;11/06/20 15:13
123456333;Jorge Mateus;Vendedor;CL001;Tienda Matriz;10015;Microondas;Electrodomésticos;189;364,5;1;;6/05/19 11:58;7/05/19 11:14
123456333;Jorge Mateus;Vendedor;CL001;Tienda Matriz;10001;Smartphone;Electrónicos;899,9;1676,9;1;;6/01/19 13:48;7/01/19 10:56
123456333;Jorge Mateus;Vendedor;CL001;Tienda Matriz;10002;Tablet;Electrónicos;799;1424,91;1;;2/01/19 10:35;2/01/19 15:47
123456333;Jorge Mateus;Vendedor;CL001;Tienda Matriz;10020;Impresora;Electrónicos;329,9;674,1;1;;3/09/19 9:51;3/09/19 14:28
123456333;Jorge Mateus;Vendedor;CL001;Tienda Matriz;10016;Guarda Ropa;Casa;489,9;999;1;;29/11/20 17:33;4/12/20 13:08
123456333;Jorge Mateus;Vendedor;CL001;Tienda Matriz;10017;Cama Box;Casa;1189,9;1899,5;1;;9/10/19 12:56;15/10/19 16:34
123456333;Jorge Mateus;Vendedor;CL001;Tienda Matriz;10011;Licuadora;Cocina;59,9;142,4;1;;16/01/20 11:56;16/01/20 16:26
123456333;Jorge Mateus;Vendedor;CL001;Tienda Matriz;10019;Sofá;Casa;789,9;1399;1;;27/10/19 17:28;30/10/19 17:20
123456333;Jorge Mateus;Vendedor;CL001;Tienda Matriz;10003;Televisor;Electrodomésticos;1400,9;2279,99;1;;16/12/19 17:47;22/12/19 12:35
123456333;Jorge Mateus;Vendedor;CL001;Tienda Matriz;10005;Notebook;Electrónicos;2299,9;3199;1;;27/04/20 17:09;28/04/20 11:33
123456333;Jorge Mateus;Vendedor;CL001;Tienda Matriz;10015;Microondas;Electrodomésticos;189;364,5;1;;25/11/19 10:02;25/11/19 11:58
123456333;Jorge Mateus;Vendedor;CL001;Tienda Matriz;10010;Freidora eléctrica;Cocina;187,9;340;1;;21/01/19 10:28;22/01/19 9:14
123456333;Jorge Mateus;Vendedor;CL001;Tienda Matriz;10003;Televisor;Electrodomésticos;1400,9;2279,99;1;;8/09/19 11:58;11/09/19 11:13
123456333;Jorge Mateus;Vendedor;CL001;Tienda Matriz;10019;Sofá;Casa;789,9;1399;1;;21/01/20 13:32;27/01/20 11:36
123456333;Jorge Mateus;Vendedor;CL001;Tienda Matriz;10002;Tablet;Electrónicos;799;1424,91;1;;5/12/20 12:37;5/12/20 15:57
123456333;Jorge Mateus;Vendedor;CL001;Tienda Matriz;10005;Notebook;Electrónicos;2299,9;3199;1;;20/11/20 16:55;21/11/20 11:00
123456333;Jorge Mateus;Vendedor;CL001;Tienda Matriz;10001;Smartphone;Electrónicos;899,9;1676,9;1;;4/01/19 13:42;4/01/19 16:21
123456333;Jorge Mateus;Vendedor;CL001;Tienda Matriz;10003;Televisor;Electrodomésticos;1400,9;2279,99;1;;1/04/19 15:58;7/04/19 15:45
123456333;Jorge Mateus;Vendedor;CL001;Tienda Matriz;10005;Notebook;Electrónicos;2299,9;3199;1;;8/04/19 14:38;8/04/19 17:28
123456333;Jorge Mateus;Vendedor;CL001;Tienda Matriz;10010;Freidora eléctrica;Cocina;187,9;340;1;;26/07/20 17:13;27/07/20 10:13
123456333;Jorge Mateus;Vendedor;CL001;Tienda Matriz;10011;Licuadora;Cocina;59,9;142,4;1;;14/12/20 16:37;15/12/20 14:23
123456333;Jorge Mateus;Vendedor;CL001;Tienda Matriz;10018;Colchón;Casa;109,9;249,9;1;;26/05/19 14:31;27/05/19 13:27
123456333;Jorge Mateus;Vendedor;CL001;Tienda Matriz;10009;Plancha;Casa;27,9;55,9;1;;15/10/20 9:34;15/10/20 14:37
123456333;Jorge Mateus;Vendedor;CL001;Tienda Matriz;10013;Fogón;Electrodomésticos;210,9;404,1;1;;1/10/19 11:02;5/10/19 16:07
123456333;Jorge Mateus;Vendedor;CL001;Tienda Matriz;10011;Licuadora;Cocina;59,9;142,4;1;;9/11/20 13:07;10/11/20 11:59
123456333;Jorge Mateus;Vendedor;CL001;Tienda Matriz;10012;Procesador de alimentos;Cocina;110;189,9;1;;19/02/19 13:45;20/02/19 9:50
123456333;Jorge Mateus;Vendedor;CL001;Tienda Matriz;10002;Tablet;Electrónicos;799;1424,91;1;;24/07/19 15:42;25/07/19 10:17
123456333;Jorge Mateus;Vendedor;CL001;Tienda Matriz;10013;Fogón;Electrodomésticos;210,9;404,1;1;;3/09/20 10:09;8/09/20 15:20
123456333;Jorge Mateus;Vendedor;CL001;Tienda Matriz;10017;Cama Box;Casa;1189,9;1899,5;1;;12/12/20 16:24;14/12/20 13:32
123456333;Jorge Mateus;Vendedor;CL001;Tienda Matriz;10018;Colchón;Casa;109,9;249,9;1;;9/12/19 12:56;10/12/19 11:09
123456333;Jorge Mateus;Vendedor;CL001;Tienda Matriz;10014;Heladera;Electrodomésticos;699,9;1346,9;1;;12/01/19 12:54;16/01/19 12:04
123456333;Jorge Mateus;Vendedor;CL001;Tienda Matriz;10016;Guarda Ropa;Casa;489,9;999;1;;18/02/19 16:27;21/02/19 13:39
123456333;Jorge Mateus;Vendedor;CL001;Tienda Matriz;10019;Sofá;Casa;789,9;1399;1;;14/09/19 16:01;16/09/19 11:08
123456333;Jorge Mateus;Vendedor;CL001;Tienda Matriz;10018;Colchón;Casa;109,9;249,9;1;;11/03/19 11:44;11/03/19 16:15
123456333;Jorge Mateus;Vendedor;CL001;Tienda Matriz;10018;Colchón;Casa;109,9;249,9;1;;30/01/20 12:06;30/01/20 14:34
123456333;Jorge Mateus;Vendedor;CL001;Tienda Matriz;10002;Tablet;Electrónicos;799;1424,91;1;;22/02/19 17:59;23/02/19 12:32
123456333;Jorge Mateus;Vendedor;CL001;Tienda Matriz;10001;Smartphone;Electrónicos;899,9;1676,9;3;;2/07/20 11:15;3/07/20 11:07
123456333;Jorge Mateus;Vendedor;CL001;Tienda Matriz;10001;Smartphone;Electrónicos;899,9;1676,9;3;;7/12/20 12:19;7/12/20 15:49
123456333;Jorge Mateus;Vendedor;CL001;Tienda Matriz;10007;Batidora;Cocina;49,9;95,9;4;;16/02/20 10:55;16/02/20 16:56
123456333;Jorge Mateus;Vendedor;CL001;Tienda Matriz;10020;Impresora;Electrónicos;329,9;674,1;3;;3/10/19 13:37;3/10/19 14:16
123456333;Jorge Mateus;Vendedor;CL001;Tienda Matriz;10004;Máquina de lavar ropa;Electrodomésticos;1099;1709,1;4;0,1;20/12/20 10:38;27/12/20 16:15
123456333;Jorge Mateus;Vendedor;CL001;Tienda Matriz;10010;Freidora eléctrica;Cocina;187,9;340;4;;10/10/19 11:21;10/10/19 16:50
123456333;Jorge Mateus;Vendedor;CL001;Tienda Matriz;10014;Heladera;Electrodomésticos;699,9;1346,9;4;;7/06/19 10:51;13/06/19 14:09
123456333;Jorge Mateus;Vendedor;CL001;Tienda Matriz;10009;Plancha;Casa;27,9;55,9;3;;17/01/20 9:33;17/01/20 10:13
123456333;Jorge Mateus;Vendedor;CL001;Tienda Matriz;10002;Tablet;Electrónicos;799;1424,91;3;;7/07/19 12:25;8/07/19 11:24
123456333;Jorge Mateus;Vendedor;CL001;Tienda Matriz;10019;Sofá;Casa;789,9;1399;3;;3/02/20 14:13;5/02/20 17:12
123456333;Jorge Mateus;Vendedor;CL001;Tienda Matriz;10003;Televisor;Electrodomésticos;1400,9;2279,99;3;;6/02/20 16:29;8/02/20 10:42
123456333;Jorge Mateus;Vendedor;CL001;Tienda Matriz;10020;Impresora;Electrónicos;329,9;674,1;4;;2/10/20 10:00;2/10/20 15:11
123456333;Jorge Mateus;Vendedor;CL001;Tienda Matriz;10016;Guarda Ropa;Casa;489,9;999;3;;27/06/20 15:18;30/06/20 13:32
123456333;Jorge Mateus;Vendedor;CL001;Tienda Matriz;10013;Fogón;Electrodomésticos;210,9;404,1;4;;15/08/19 17:57;20/08/19 11:02
123456333;Jorge Mateus;Vendedor;CL001;Tienda Matriz;10009;Plancha;Casa;27,9;55,9;4;;18/03/20 12:34;19/03/20 9:30
123456333;Jorge Mateus;Vendedor;CL001;Tienda Matriz;10019;Sofá;Casa;789,9;1399;3;;13/02/19 10:15;17/02/19 11:59
123456333;Jorge Mateus;Vendedor;CL001;Tienda Matriz;10013;Fogón;Electrodomésticos;210,9;404,1;4;;18/02/20 15:12;25/02/20 9:51
123456333;Jorge Mateus;Vendedor;CL001;Tienda Matriz;10017;Cama Box;Casa;1189,9;1899,5;4;;15/01/19 17:52;18/01/19 10:37
123456333;Jorge Mateus;Vendedor;CL001;Tienda Matriz;10014;Heladera;Electrodomésticos;699,9;1346,9;3;;13/09/20 17:58;16/09/20 17:20
123456333;Jorge Mateus;Vendedor;CL001;Tienda Matriz;10001;Smartphone;Electrónicos;899,9;1676,9;4;;10/07/19 9:42;10/07/19 11:41
123456333;Jorge Mateus;Vendedor;CL001;Tienda Matriz;10008;Cafetera;Cocina;159,9;284,9;3;;10/07/19 16:25;11/07/19 10:01
123456333;Jorge Mateus;Vendedor;CL001;Tienda Matriz;10011;Licuadora;Cocina;59,9;142,4;3;;31/03/19 14:38;31/03/19 16:06
123456333;Jorge Mateus;Vendedor;CL001;Tienda Matriz;10013;Fogón;Electrodomésticos;210,9;404,1;4;;1/06/19 13:55;5/06/19 10:35
123456333;Jorge Mateus;Vendedor;CL001;Tienda Matriz;10008;Cafetera;Cocina;159,9;284,9;4;;25/12/19 12:10;26/12/19 9:54
123456333;Jorge Mateus;Vendedor;CL001;Tienda Matriz;10009;Plancha;Casa;27,9;55,9;4;;6/10/20 12:57;7/10/20 12:53
123456333;Jorge Mateus;Vendedor;CL001;Tienda Matriz;10009;Plancha;Casa;27,9;55,9;4;;1/08/20 12:07;1/08/20 14:36
123456333;Jorge Mateus;Vendedor;CL001;Tienda Matriz;10006;Aspiradora de piso;Casa;88,9;189,9;3;;28/09/20 10:24;29/09/20 9:33
123456333;Jorge Mateus;Vendedor;CL001;Tienda Matriz;10011;Licuadora;Cocina;59,9;142,4;3;;24/10/19 17:32;25/10/19 12:35
123456333;Jorge Mateus;Vendedor;CL001;Tienda Matriz;10008;Cafetera;Cocina;159,9;284,9;3;;29/03/20 10:00;29/03/20 12:56
123456333;Jorge Mateus;Vendedor;CL001;Tienda Matriz;10014;Heladera;Electrodomésticos;699,9;1346,9;4;;22/07/19 11:03;26/07/19 15:32
123456333;Jorge Mateus;Vendedor;CL001;Tienda Matriz;10014;Heladera;Electrodomésticos;699,9;1346,9;4;;29/04/20 16:45;1/05/20 13:35
123456333;Jorge Mateus;Vendedor;CL001;Tienda Matriz;10012;Procesador de alimentos;Cocina;110;189,9;3;;17/11/19 17:54;18/11/19 17:31
123456333;Jorge Mateus;Vendedor;CL001;Tienda Matriz;10011;Licuadora;Cocina;59,9;142,4;3;;20/10/19 14:18;21/10/19 10:23
123456333;Jorge Mateus;Vendedor;CL001;Tienda Matriz;10002;Tablet;Electrónicos;799;1424,91;4;;19/05/19 13:51;20/05/19 13:15
123456333;Jorge Mateus;Vendedor;CL001;Tienda Matriz;10003;Televisor;Electrodomésticos;1400,9;2279,99;4;;3/05/20 15:31;9/05/20 11:36
123456333;Jorge Mateus;Vendedor;CL001;Tienda Matriz;10020;Impresora;Electrónicos;329,9;674,1;3;;15/07/19 13:03;15/07/19 17:19
123456333;Jorge Mateus;Vendedor;CL001;Tienda Matriz;10014;Heladera;Electrodomésticos;699,9;1346,9;3;;24/10/20 17:16;26/10/20 17:50
123456333;Jorge Mateus;Vendedor;CL001;Tienda Matriz;10006;Aspiradora de piso;Casa;88,9;189,9;3;;21/12/19 17:37;22/12/19 10:28
123456333;Jorge Mateus;Vendedor;CL001;Tienda Matriz;10005;Notebook;Electrónicos;2299,9;3199;3;;8/06/20 16:42;9/06/20 12:09
123456333;Jorge Mateus;Vendedor;CL001;Tienda Matriz;10007;Batidora;Cocina;49,9;95,9;3;;18/09/20 11:15;18/09/20 11:38
123456333;Jorge Mateus;Vendedor;CL001;Tienda Matriz;10010;Freidora eléctrica;Cocina;187,9;340;4;;10/02/20 12:48;10/02/20 14:19
123456333;Jorge Mateus;Vendedor;CL001;Tienda Matriz;10002;Tablet;Electrónicos;799;1424,91;4;;12/10/19 13:48;12/10/19 14:31
123456333;Jorge Mateus;Vendedor;CL001;Tienda Matriz;10008;Cafetera;Cocina;159,9;284,9;3;;6/12/19 12:28;7/12/19 9:35
123456333;Jorge Mateus;Vendedor;CL001;Tienda Matriz;10012;Procesador de alimentos;Cocina;110;189,9;4;;11/02/19 16:17;12/02/19 12:59
123456333;Jorge Mateus;Vendedor;CL001;Tienda Matriz;10019;Sofá;Casa;789,9;1399;4;;16/01/19 12:32;23/01/19 16:26
123456333;Jorge Mateus;Vendedor;CL001;Tienda Matriz;10017;Cama Box;Casa;1189,9;1899,5;3;;10/01/20 14:44;13/01/20 13:53
123456333;Jorge Mateus;Vendedor;CL001;Tienda Matriz;10004;Máquina de lavar ropa;Electrodomésticos;1099;1709,1;3;0,09;4/06/19 16:52;9/06/19 11:37
123456333;Jorge Mateus;Vendedor;CL001;Tienda Matriz;10013;Fogón;Electrodomésticos;210,9;404,1;4;;26/03/20 15:27;28/03/20 16:56
123456333;Jorge Mateus;Vendedor;CL001;Tienda Matriz;10019;Sofá;Casa;789,9;1399;3;;25/11/19 13:05;2/12/19 14:43
123456333;Jorge Mateus;Vendedor;CL001;Tienda Matriz;10015;Microondas;Electrodomésticos;189;364,5;3;;10/12/20 16:35;10/12/20 16:58
123456333;Jorge Mateus;Vendedor;CL001;Tienda Matriz;10008;Cafetera;Cocina;159,9;284,9;3;;27/02/20 9:32;27/02/20 15:54
123456333;Jorge Mateus;Vendedor;CL001;Tienda Matriz;10018;Colchón;Casa;109,9;249,9;4;;5/08/20 14:37;6/08/20 11:52
123456333;Jorge Mateus;Vendedor;CL001;Tienda Matriz;10010;Freidora eléctrica;Cocina;187,9;340;4;;17/07/19 17:55;18/07/19 17:32
123456333;Jorge Mateus;Vendedor;CL001;Tienda Matriz;10013;Fogón;Electrodomésticos;210,9;404,1;3;;18/09/20 17:05;21/09/20 16:14
123456333;Jorge Mateus;Vendedor;CL001;Tienda Matriz;10015;Microondas;Electrodomésticos;189;364,5;4;;11/06/20 10:07;11/06/20 17:15
123456333;Jorge Mateus;Vendedor;CL001;Tienda Matriz;10007;Batidora;Cocina;49,9;95,9;4;;29/10/20 11:50;29/10/20 17:48
123456333;Jorge Mateus;Vendedor;CL001;Tienda Matriz;10002;Tablet;Electrónicos;799;1424,91;4;;25/06/19 15:16;25/06/19 16:40
123456333;Jorge Mateus;Vendedor;CL001;Tienda Matriz;10008;Cafetera;Cocina;159,9;284,9;3;;7/06/20 9:37;7/06/20 13:46
123456333;Jorge Mateus;Vendedor;CL001;Tienda Matriz;10003;Televisor;Electrodomésticos;1400,9;2279,99;3;;18/12/20 13:34;25/12/20 14:21
123456333;Jorge Mateus;Vendedor;CL001;Tienda Matriz;10001;Smartphone;Electrónicos;899,9;1676,9;3;;16/12/20 16:04;16/12/20 16:39
123456333;Jorge Mateus;Vendedor;CL001;Tienda Matriz;10007;Batidora;Cocina;49,9;95,9;3;;2/03/19 13:40;3/03/19 12:30
123456333;Jorge Mateus;Vendedor;CL001;Tienda Matriz;10010;Freidora eléctrica;Cocina;187,9;340;4;;6/02/19 13:37;6/02/19 16:35
123456333;Jorge Mateus;Vendedor;CL001;Tienda Matriz;10003;Televisor;Electrodomésticos;1400,9;2279,99;4;;27/04/19 14:26;29/04/19 16:38
123456333;Jorge Mateus;Vendedor;CL001;Tienda Matriz;10006;Aspiradora de piso;Casa;88,9;189,9;4;;8/03/20 14:30;9/03/20 12:49
123456333;Jorge Mateus;Vendedor;CL001;Tienda Matriz;10011;Licuadora;Cocina;59,9;142,4;3;;25/11/20 16:32;25/11/20 16:39
123456333;Jorge Mateus;Vendedor;CL001;Tienda Matriz;10018;Colchón;Casa;109,9;249,9;4;;12/04/19 17:08;13/04/19 16:22
123456333;Jorge Mateus;Vendedor;CL001;Tienda Matriz;10010;Freidora eléctrica;Cocina;187,9;340;4;;12/10/19 13:21;12/10/19 15:14
123456333;Jorge Mateus;Vendedor;CL001;Tienda Matriz;10016;Guarda Ropa;Casa;489,9;999;3;;1/06/19 15:53;6/06/19 9:27
123456333;Jorge Mateus;Vendedor;CL001;Tienda Matriz;10009;Plancha;Casa;27,9;55,9;3;;28/04/19 13:21;29/04/19 12:58
123456333;Jorge Mateus;Vendedor;CL001;Tienda Matriz;10015;Microondas;Electrodomésticos;189;364,5;3;;17/12/20 9:42;17/12/20 15:34
123456333;Jorge Mateus;Vendedor;CL001;Tienda Matriz;10004;Máquina de lavar ropa;Electrodomésticos;1099;1709,1;3;0,09;17/05/20 14:00;24/05/20 11:25
123456333;Jorge Mateus;Vendedor;CL001;Tienda Matriz;10018;Colchón;Casa;109,9;249,9;4;;22/03/20 14:38;23/03/20 10:24
123456333;Jorge Mateus;Vendedor;CL001;Tienda Matriz;10020;Impresora;Electrónicos;329,9;674,1;4;;12/04/19 9:06;12/04/19 14:37
123456333;Jorge Mateus;Vendedor;CL001;Tienda Matriz;10007;Batidora;Cocina;49,9;95,9;4;;25/05/20 13:10;25/05/20 15:03
123456333;Jorge Mateus;Vendedor;CL001;Tienda Matriz;10010;Freidora eléctrica;Cocina;187,9;340;3;;14/08/20 14:18;15/08/20 10:12
123456333;Jorge Mateus;Vendedor;CL001;Tienda Matriz;10009;Plancha;Casa;27,9;55,9;4;;6/09/20 11:16;6/09/20 16:21
123456333;Jorge Mateus;Vendedor;CL001;Tienda Matriz;10020;Impresora;Electrónicos;329,9;674,1;4;;2/05/20 13:48;3/05/20 12:43
123456333;Jorge Mateus;Vendedor;CL001;Tienda Matriz;10013;Fogón;Electrodomésticos;210,9;404,1;3;;21/09/19 9:07;23/09/19 12:42
123456333;Jorge Mateus;Vendedor;CL001;Tienda Matriz;10011;Licuadora;Cocina;59,9;142,4;4;;23/11/19 16:57;24/11/19 9:20
123456333;Jorge Mateus;Vendedor;CL001;Tienda Matriz;10009;Plancha;Casa;27,9;55,9;3;;17/04/19 9:56;17/04/19 13:00
123456333;Jorge Mateus;Vendedor;CL001;Tienda Matriz;10005;Notebook;Electrónicos;2299,9;3199;3;;19/05/19 13:15;19/05/19 17:50
123456333;Jorge Mateus;Vendedor;CL001;Tienda Matriz;10010;Freidora eléctrica;Cocina;187,9;340;3;;16/01/20 15:08;17/01/20 12:39
123456333;Jorge Mateus;Vendedor;CL001;Tienda Matriz;10007;Batidora;Cocina;49,9;95,9;4;;31/01/20 12:14;1/02/20 10:18
123456333;Jorge Mateus;Vendedor;CL001;Tienda Matriz;10004;Máquina de lavar ropa;Electrodomésticos;1099;1709,1;3;0,09;18/08/20 16:52;24/08/20 17:31
123456333;Jorge Mateus;Vendedor;CL001;Tienda Matriz;10013;Fogón;Electrodomésticos;210,9;404,1;3;;27/02/20 12:15;4/03/20 16:29
123456333;Jorge Mateus;Vendedor;CL001;Tienda Matriz;10018;Colchón;Casa;109,9;249,9;3;;10/01/19 16:16;11/01/19 16:00
123456333;Jorge Mateus;Vendedor;CL001;Tienda Matriz;10009;Plancha;Casa;27,9;55,9;4;;24/12/20 13:44;25/12/20 11:20
123456333;Jorge Mateus;Vendedor;CL001;Tienda Matriz;10017;Cama Box;Casa;1189,9;1899,5;4;;1/10/19 17:56;7/10/19 10:19
123456333;Jorge Mateus;Vendedor;CL001;Tienda Matriz;10007;Batidora;Cocina;49,9;95,9;3;;12/03/19 16:38;13/03/19 13:28
123456333;Jorge Mateus;Vendedor;CL001;Tienda Matriz;10005;Notebook;Electrónicos;2299,9;3199;3;;29/01/19 15:38;30/01/19 12:23
123456333;Jorge Mateus;Vendedor;CL001;Tienda Matriz;10008;Cafetera;Cocina;159,9;284,9;3;;17/10/20 10:35;17/10/20 11:52
123456333;Jorge Mateus;Vendedor;CL001;Tienda Matriz;10003;Televisor;Electrodomésticos;1400,9;2279,99;4;;18/06/19 14:34;24/06/19 15:09
123456333;Jorge Mateus;Vendedor;CL001;Tienda Matriz;10010;Freidora eléctrica;Cocina;187,9;340;3;;22/01/19 15:46;22/01/19 17:16
123456333;Jorge Mateus;Vendedor;CL001;Tienda Matriz;10015;Microondas;Electrodomésticos;189;364,5;4;;18/04/20 15:37;19/04/20 10:20
123456333;Jorge Mateus;Vendedor;CL001;Tienda Matriz;10013;Fogón;Electrodomésticos;210,9;404,1;4;;29/09/20 10:14;1/10/20 15:51
123456333;Jorge Mateus;Vendedor;CL001;Tienda Matriz;10011;Licuadora;Cocina;59,9;142,4;4;;17/11/19 17:29;18/11/19 16:04
123456333;Jorge Mateus;Vendedor;CL001;Tienda Matriz;10002;Tablet;Electrónicos;799;1424,91;4;;4/01/19 17:54;5/01/19 11:38
123456333;Jorge Mateus;Vendedor;CL001;Tienda Matriz;10006;Aspiradora de piso;Casa;88,9;189,9;4;;4/05/19 13:32;5/05/19 11:13
123456333;Jorge Mateus;Vendedor;CL001;Tienda Matriz;10005;Notebook;Electrónicos;2299,9;3199;4;;9/03/19 17:30;10/03/19 17:07
123456333;Jorge Mateus;Vendedor;CL001;Tienda Matriz;10005;Notebook;Electrónicos;2299,9;3199;4;;2/09/20 13:14;2/09/20 17:08
123456333;Jorge Mateus;Vendedor;CL001;Tienda Matriz;10011;Licuadora;Cocina;59,9;142,4;3;;23/11/19 11:33;24/11/19 10:14
123456333;Jorge Mateus;Vendedor;CL001;Tienda Matriz;10017;Cama Box;Casa;1189,9;1899,5;4;;28/01/19 12:47;1/02/19 17:06
123456333;Jorge Mateus;Vendedor;CL001;Tienda Matriz;10007;Batidora;Cocina;49,9;95,9;3;;4/02/20 17:39;5/02/20 9:40
123456333;Jorge Mateus;Vendedor;CL001;Tienda Matriz;10009;Plancha;Casa;27,9;55,9;3;;27/07/20 10:40;27/07/20 15:21
123456333;Jorge Mateus;Vendedor;CL001;Tienda Matriz;10016;Guarda Ropa;Casa;489,9;999;4;;5/03/19 9:56;11/03/19 14:36
123456333;Jorge Mateus;Vendedor;CL001;Tienda Matriz;10011;Licuadora;Cocina;59,9;142,4;3;;10/04/20 10:38;10/04/20 13:36
123456333;Jorge Mateus;Vendedor;CL001;Tienda Matriz;10018;Colchón;Casa;109,9;249,9;4;;13/06/19 14:17;13/06/19 14:26
123456333;Jorge Mateus;Vendedor;CL001;Tienda Matriz;10001;Smartphone;Electrónicos;899,9;1676,9;3;;20/01/20 11:36;21/01/20 11:10
123456333;Jorge Mateus;Vendedor;CL001;Tienda Matriz;10005;Notebook;Electrónicos;2299,9;3199;3;;4/10/20 14:18;5/10/20 12:12
123456333;Jorge Mateus;Vendedor;CL001;Tienda Matriz;10016;Guarda Ropa;Casa;489,9;999;3;;13/10/19 16:32;17/10/19 9:56
123456333;Jorge Mateus;Vendedor;CL001;Tienda Matriz;10017;Cama Box;Casa;1189,9;1899,5;4;;21/09/20 10:54;23/09/20 15:48
123456333;Jorge Mateus;Vendedor;CL001;Tienda Matriz;10005;Notebook;Electrónicos;2299,9;3199;4;;22/08/19 14:30;23/08/19 10:33
123456555;Marta Cury;Vendedor;CL002;Filial MG;10012;Procesador de alimentos;Cocina;110;189,9;2;;22/09/20 14:52;23/09/20 14:00
123456555;Marta Cury;Vendedor;CL002;Filial MG;10004;Máquina de lavar ropa;Electrodomésticos;1099;1709,1;4;0,1;5/08/19 16:37;9/08/19 10:06
123456555;Marta Cury;Vendedor;CL002;Filial MG;10017;Cama Box;Casa;1189,9;1899,5;4;;22/12/19 10:36;28/12/19 11:37
123456555;Marta Cury;Vendedor;CL002;Filial MG;10017;Cama Box;Casa;1189,9;1899,5;4;;26/12/19 14:06;28/12/19 12:42
123456555;Marta Cury;Vendedor;CL002;Filial MG;10019;Sofá;Casa;789,9;1399;3;;23/11/20 12:55;29/11/20 15:14
123456555;Marta Cury;Vendedor;CL002;Filial MG;10004;Máquina de lavar ropa;Electrodomésticos;1099;1709,1;3;0,09;19/11/20 15:29;22/11/20 13:05
123456555;Marta Cury;Vendedor;CL002;Filial MG;10009;Plancha;Casa;27,9;55,9;4;;29/07/19 10:26;29/07/19 15:42
123456555;Marta Cury;Vendedor;CL002;Filial MG;10012;Procesador de alimentos;Cocina;110;189,9;3;;14/12/19 9:38;15/12/19 9:33
123456555;Marta Cury;Vendedor;CL002;Filial MG;10016;Guarda Ropa;Casa;489,9;999;1;;6/05/20 13:17;8/05/20 15:32
123456555;Marta Cury;Vendedor;CL002;Filial MG;10011;Licuadora;Cocina;59,9;142,4;2;;3/06/19 14:41;4/06/19 13:06
123456555;Marta Cury;Vendedor;CL002;Filial MG;10006;Aspiradora de piso;Casa;88,9;189,9;2;;15/09/20 12:39;16/09/20 10:21
123456555;Marta Cury;Vendedor;CL002;Filial MG;10001;Smartphone;Electrónicos;899,9;1676,9;4;;7/07/20 15:59;8/07/20 10:09
123456555;Marta Cury;Vendedor;CL002;Filial MG;10013;Fogón;Electrodomésticos;210,9;404,1;4;;2/08/20 17:01;8/08/20 14:45
123456555;Marta Cury;Vendedor;CL002;Filial MG;10007;Batidora;Cocina;49,9;95,9;2;;7/12/20 16:23;8/12/20 11:43
123456555;Marta Cury;Vendedor;CL002;Filial MG;10001;Smartphone;Electrónicos;899,9;1676,9;3;;17/01/20 9:18;17/01/20 16:34
123456555;Marta Cury;Vendedor;CL002;Filial MG;10009;Plancha;Casa;27,9;55,9;3;;21/01/20 14:23;22/01/20 11:59
123456555;Marta Cury;Vendedor;CL002;Filial MG;10003;Televisor;Electrodomésticos;1400,9;2279,99;2;;4/03/19 14:29;11/03/19 17:56
123456555;Marta Cury;Vendedor;CL002;Filial MG;10018;Colchón;Casa;109,9;249,9;1;;4/09/19 17:33;5/09/19 11:44
123456555;Marta Cury;Vendedor;CL002;Filial MG;10001;Smartphone;Electrónicos;899,9;1676,9;1;;15/09/19 10:33;15/09/19 11:58
123456555;Marta Cury;Vendedor;CL002;Filial MG;10016;Guarda Ropa;Casa;489,9;999;4;;18/06/19 12:42;22/06/19 12:59
123456555;Marta Cury;Vendedor;CL002;Filial MG;10014;Heladera;Electrodomésticos;699,9;1346,9;3;;20/12/19 10:43;25/12/19 15:39
123456555;Marta Cury;Vendedor;CL002;Filial MG;10013;Fogón;Electrodomésticos;210,9;404,1;3;;18/09/20 10:00;22/09/20 14:45
123456555;Marta Cury;Vendedor;CL002;Filial MG;10008;Cafetera;Cocina;159,9;284,9;2;;26/10/20 15:00;27/10/20 14:08
123456555;Marta Cury;Vendedor;CL002;Filial MG;10002;Tablet;Electrónicos;799;1424,91;4;;25/05/20 13:24;26/05/20 11:12
123456555;Marta Cury;Vendedor;CL002;Filial MG;10020;Impresora;Electrónicos;329,9;674,1;1;;12/02/19 16:15;13/02/19 10:43
123456555;Marta Cury;Vendedor;CL002;Filial MG;10020;Impresora;Electrónicos;329,9;674,1;3;;8/02/20 13:25;8/02/20 15:57
123456555;Marta Cury;Vendedor;CL002;Filial MG;10004;Máquina de lavar ropa;Electrodomésticos;1099;1709,1;3;0,09;4/10/19 13:06;11/10/19 10:26
123456555;Marta Cury;Vendedor;CL002;Filial MG;10010;Freidora eléctrica;Cocina;187,9;340;2;;23/10/20 14:34;24/10/20 9:27
123456555;Marta Cury;Vendedor;CL002;Filial MG;10012;Procesador de alimentos;Cocina;110;189,9;1;;10/02/20 17:54;11/02/20 16:45
123456555;Marta Cury;Vendedor;CL002;Filial MG;10013;Fogón;Electrodomésticos;210,9;404,1;2;;25/12/20 12:55;31/12/20 17:15
123456555;Marta Cury;Vendedor;CL002;Filial MG;10003;Televisor;Electrodomésticos;1400,9;2279,99;2;;27/09/20 12:04;29/09/20 13:03
123456555;Marta Cury;Vendedor;CL002;Filial MG;10016;Guarda Ropa;Casa;489,9;999;3;;25/07/19 11:35;29/07/19 10:07
123456555;Marta Cury;Vendedor;CL002;Filial MG;10018;Colchón;Casa;109,9;249,9;4;;9/03/19 12:09;9/03/19 16:12
123456555;Marta Cury;Vendedor;CL002;Filial MG;10006;Aspiradora de piso;Casa;88,9;189,9;1;;27/01/20 17:34;28/01/20 11:32
123456555;Marta Cury;Vendedor;CL002;Filial MG;10012;Procesador de alimentos;Cocina;110;189,9;3;;15/06/19 14:30;16/06/19 13:12
123456555;Marta Cury;Vendedor;CL002;Filial MG;10014;Heladera;Electrodomésticos;699,9;1346,9;3;;16/10/19 13:23;21/10/19 10:35
123456555;Marta Cury;Vendedor;CL002;Filial MG;10009;Plancha;Casa;27,9;55,9;2;;16/06/20 14:32;17/06/20 12:54
123456555;Marta Cury;Vendedor;CL002;Filial MG;10015;Microondas;Electrodomésticos;189;364,5;4;;11/01/19 16:00;12/01/19 11:35
123456555;Marta Cury;Vendedor;CL002;Filial MG;10014;Heladera;Electrodomésticos;699,9;1346,9;4;;7/03/20 14:31;10/03/20 13:11
123456555;Marta Cury;Vendedor;CL002;Filial MG;10002;Tablet;Electrónicos;799;1424,91;4;;3/08/20 15:58;3/08/20 16:18
123456555;Marta Cury;Vendedor;CL002;Filial MG;10001;Smartphone;Electrónicos;899,9;1676,9;3;;2/03/20 11:48;2/03/20 14:20
123456555;Marta Cury;Vendedor;CL002;Filial MG;10007;Batidora;Cocina;49,9;95,9;2;;21/08/19 11:37;21/08/19 11:40
123456555;Marta Cury;Vendedor;CL002;Filial MG;10007;Batidora;Cocina;49,9;95,9;4;;26/02/19 16:57;27/02/19 11:55
123456555;Marta Cury;Vendedor;CL002;Filial MG;10020;Impresora;Electrónicos;329,9;674,1;1;;21/04/20 10:41;21/04/20 15:44
123456555;Marta Cury;Vendedor;CL002;Filial MG;10019;Sofá;Casa;789,9;1399;1;;12/08/19 14:16;18/08/19 11:24
123456555;Marta Cury;Vendedor;CL002;Filial MG;10006;Aspiradora de piso;Casa;88,9;189,9;2;;12/08/19 12:10;13/08/19 10:42
123456555;Marta Cury;Vendedor;CL002;Filial MG;10019;Sofá;Casa;789,9;1399;4;;21/04/20 11:17;28/04/20 14:00
123456555;Marta Cury;Vendedor;CL002;Filial MG;10020;Impresora;Electrónicos;329,9;674,1;2;;5/04/19 12:57;6/04/19 11:30
123456555;Marta Cury;Vendedor;CL002;Filial MG;10009;Plancha;Casa;27,9;55,9;3;;20/03/20 10:32;20/03/20 11:36
123456555;Marta Cury;Vendedor;CL002;Filial MG;10013;Fogón;Electrodomésticos;210,9;404,1;2;;25/09/19 14:35;27/09/19 13:48
123456555;Marta Cury;Vendedor;CL002;Filial MG;10010;Freidora eléctrica;Cocina;187,9;340;4;;1/01/20 15:26;1/01/20 15:46
123456555;Marta Cury;Vendedor;CL002;Filial MG;10007;Batidora;Cocina;49,9;95,9;3;;17/04/19 13:05;17/04/19 16:08
123456555;Marta Cury;Vendedor;CL002;Filial MG;10007;Batidora;Cocina;49,9;95,9;4;;1/02/20 9:42;1/02/20 15:16
123456555;Marta Cury;Vendedor;CL002;Filial MG;10003;Televisor;Electrodomésticos;1400,9;2279,99;1;;17/09/19 17:41;23/09/19 16:52
123456555;Marta Cury;Vendedor;CL002;Filial MG;10019;Sofá;Casa;789,9;1399;3;;11/04/20 12:26;15/04/20 11:44
123456555;Marta Cury;Vendedor;CL002;Filial MG;10001;Smartphone;Electrónicos;899,9;1676,9;4;;27/06/20 17:50;28/06/20 16:17
123456555;Marta Cury;Vendedor;CL002;Filial MG;10013;Fogón;Electrodomésticos;210,9;404,1;1;;3/07/20 12:01;10/07/20 13:23
123456555;Marta Cury;Vendedor;CL002;Filial MG;10020;Impresora;Electrónicos;329,9;674,1;4;;25/10/19 17:36;26/10/19 17:25
123456555;Marta Cury;Vendedor;CL002;Filial MG;10017;Cama Box;Casa;1189,9;1899,5;2;;20/12/20 12:01;24/12/20 9:58
123456555;Marta Cury;Vendedor;CL002;Filial MG;10014;Heladera;Electrodomésticos;699,9;1346,9;2;;19/03/19 9:52;24/03/19 10:57
123456555;Marta Cury;Vendedor;CL002;Filial MG;10005;Notebook;Electrónicos;2299,9;3199;3;;22/12/20 17:53;23/12/20 10:34
123456555;Marta Cury;Vendedor;CL002;Filial MG;10014;Heladera;Electrodomésticos;699,9;1346,9;3;;10/10/19 15:25;13/10/19 15:42
123456555;Marta Cury;Vendedor;CL002;Filial MG;10006;Aspiradora de piso;Casa;88,9;189,9;1;;13/05/19 10:23;13/05/19 13:11
123456555;Marta Cury;Vendedor;CL002;Filial MG;10014;Heladera;Electrodomésticos;699,9;1346,9;1;;1/10/20 15:22;5/10/20 14:21
123456555;Marta Cury;Vendedor;CL002;Filial MG;10011;Licuadora;Cocina;59,9;142,4;3;;2/11/19 16:35;3/11/19 13:13
123456555;Marta Cury;Vendedor;CL002;Filial MG;10020;Impresora;Electrónicos;329,9;674,1;2;;24/10/20 14:40;24/10/20 15:08
123456555;Marta Cury;Vendedor;CL002;Filial MG;10018;Colchón;Casa;109,9;249,9;3;;24/09/19 9:00;24/09/19 14:40
123456555;Marta Cury;Vendedor;CL002;Filial MG;10015;Microondas;Electrodomésticos;189;364,5;2;;16/11/19 17:55;17/11/19 16:40
123456555;Marta Cury;Vendedor;CL002;Filial MG;10006;Aspiradora de piso;Casa;88,9;189,9;1;;15/05/20 10:46;15/05/20 16:13
123456555;Marta Cury;Vendedor;CL002;Filial MG;10013;Fogón;Electrodomésticos;210,9;404,1;2;;13/05/20 12:36;15/05/20 13:29
123456555;Marta Cury;Vendedor;CL002;Filial MG;10006;Aspiradora de piso;Casa;88,9;189,9;2;;28/02/20 15:06;29/02/20 9:12
123456555;Marta Cury;Vendedor;CL002;Filial MG;10003;Televisor;Electrodomésticos;1400,9;2279,99;1;;6/02/19 10:29;13/02/19 9:23
123456555;Marta Cury;Vendedor;CL002;Filial MG;10010;Freidora eléctrica;Cocina;187,9;340;1;;6/09/20 10:23;6/09/20 16:59
123456555;Marta Cury;Vendedor;CL002;Filial MG;10012;Procesador de alimentos;Cocina;110;189,9;1;;16/08/20 9:00;16/08/20 9:23
123456555;Marta Cury;Vendedor;CL002;Filial MG;10003;Televisor;Electrodomésticos;1400,9;2279,99;4;;5/12/20 14:27;12/12/20 12:20
123456555;Marta Cury;Vendedor;CL002;Filial MG;10007;Batidora;Cocina;49,9;95,9;3;;16/10/20 14:34;16/10/20 15:26
123456555;Marta Cury;Vendedor;CL002;Filial MG;10015;Microondas;Electrodomésticos;189;364,5;4;;14/08/19 10:00;14/08/19 15:50
123456555;Marta Cury;Vendedor;CL002;Filial MG;10014;Heladera;Electrodomésticos;699,9;1346,9;1;;23/05/20 9:33;25/05/20 14:38
123456555;Marta Cury;Vendedor;CL002;Filial MG;10013;Fogón;Electrodomésticos;210,9;404,1;3;;27/11/19 13:24;2/12/19 15:30
123456555;Marta Cury;Vendedor;CL002;Filial MG;10019;Sofá;Casa;789,9;1399;3;;12/04/20 17:01;17/04/20 12:07
123456555;Marta Cury;Vendedor;CL002;Filial MG;10018;Colchón;Casa;109,9;249,9;1;;30/04/19 14:15;1/05/19 11:40
123456555;Marta Cury;Vendedor;CL002;Filial MG;10005;Notebook;Electrónicos;2299,9;3199;1;;4/03/19 9:56;4/03/19 17:19
123456555;Marta Cury;Vendedor;CL002;Filial MG;10020;Impresora;Electrónicos;329,9;674,1;2;;1/05/19 11:30;1/05/19 12:21
123456555;Marta Cury;Vendedor;CL002;Filial MG;10004;Máquina de lavar ropa;Electrodomésticos;1099;1709,1;2;0,07;14/09/19 9:47;17/09/19 12:11
123456555;Marta Cury;Vendedor;CL002;Filial MG;10016;Guarda Ropa;Casa;489,9;999;4;;25/03/19 17:24;1/04/19 14:29
123456555;Marta Cury;Vendedor;CL002;Filial MG;10011;Licuadora;Cocina;59,9;142,4;2;;5/03/20 10:15;6/03/20 9:48
123456555;Marta Cury;Vendedor;CL002;Filial MG;10014;Heladera;Electrodomésticos;699,9;1346,9;4;;16/03/19 9:27;22/03/19 12:59
123456555;Marta Cury;Vendedor;CL002;Filial MG;10017;Cama Box;Casa;1189,9;1899,5;4;;30/08/20 15:31;1/09/20 9:17
123456555;Marta Cury;Vendedor;CL002;Filial MG;10001;Smartphone;Electrónicos;899,9;1676,9;2;;10/05/19 11:21;10/05/19 16:32
123456555;Marta Cury;Vendedor;CL002;Filial MG;10004;Máquina de lavar ropa;Electrodomésticos;1099;1709,1;2;0,07;17/11/20 14:50;19/11/20 17:55
123456555;Marta Cury;Vendedor;CL002;Filial MG;10019;Sofá;Casa;789,9;1399;1;;28/01/20 16:34;4/02/20 9:15
123456555;Marta Cury;Vendedor;CL002;Filial MG;10011;Licuadora;Cocina;59,9;142,4;2;;17/11/20 12:58;18/11/20 9:07
123456555;Marta Cury;Vendedor;CL002;Filial MG;10007;Batidora;Cocina;49,9;95,9;4;;20/09/19 12:48;21/09/19 11:21
123456555;Marta Cury;Vendedor;CL002;Filial MG;10018;Colchón;Casa;109,9;249,9;4;;21/01/20 14:20;21/01/20 15:01
123456555;Marta Cury;Vendedor;CL002;Filial MG;10004;Máquina de lavar ropa;Electrodomésticos;1099;1709,1;3;0,09;12/01/19 9:48;17/01/19 15:31
123456555;Marta Cury;Vendedor;CL002;Filial MG;10018;Colchón;Casa;109,9;249,9;4;;25/11/20 14:13;26/11/20 9:54
123456555;Marta Cury;Vendedor;CL002;Filial MG;10017;Cama Box;Casa;1189,9;1899,5;3;;16/04/20 11:45;19/04/20 16:17
123456555;Marta Cury;Vendedor;CL002;Filial MG;10008;Cafetera;Cocina;159,9;284,9;1;;18/11/20 9:12;18/11/20 14:38
123456555;Marta Cury;Vendedor;CL002;Filial MG;10009;Plancha;Casa;27,9;55,9;1;;2/11/20 10:04;2/11/20 11:34
123456555;Marta Cury;Vendedor;CL002;Filial MG;10002;Tablet;Electrónicos;799;1424,91;4;;29/05/19 12:08;30/05/19 11:47
123456555;Marta Cury;Vendedor;CL002;Filial MG;10006;Aspiradora de piso;Casa;88,9;189,9;4;;1/04/20 16:44;1/04/20 17:40
123456555;Marta Cury;Vendedor;CL002;Filial MG;10009;Plancha;Casa;27,9;55,9;4;;7/06/20 11:50;7/06/20 14:07
123456555;Marta Cury;Vendedor;CL002;Filial MG;10005;Notebook;Electrónicos;2299,9;3199;2;;3/04/19 12:16;4/04/19 11:29
123456555;Marta Cury;Vendedor;CL002;Filial MG;10018;Colchón;Casa;109,9;249,9;1;;2/03/19 15:26;2/03/19 17:25
123456555;Marta Cury;Vendedor;CL002;Filial MG;10012;Procesador de alimentos;Cocina;110;189,9;1;;11/07/19 17:41;12/07/19 14:02
123456555;Marta Cury;Vendedor;CL002;Filial MG;10004;Máquina de lavar ropa;Electrodomésticos;1099;1709,1;4;0,1;30/07/20 12:57;1/08/20 15:32
123456555;Marta Cury;Vendedor;CL002;Filial MG;10018;Colchón;Casa;109,9;249,9;3;;6/04/19 9:19;6/04/19 15:46
123456555;Marta Cury;Vendedor;CL002;Filial MG;10011;Licuadora;Cocina;59,9;142,4;4;;9/05/19 10:13;9/05/19 12:15
123456555;Marta Cury;Vendedor;CL002;Filial MG;10011;Licuadora;Cocina;59,9;142,4;4;;6/01/19 14:35;6/01/19 17:21
123456555;Marta Cury;Vendedor;CL002;Filial MG;10013;Fogón;Electrodomésticos;210,9;404,1;1;;6/04/20 11:10;8/04/20 16:04
123456555;Marta Cury;Vendedor;CL002;Filial MG;10013;Fogón;Electrodomésticos;210,9;404,1;2;;27/07/19 12:08;3/08/19 13:46
123456555;Marta Cury;Vendedor;CL002;Filial MG;10001;Smartphone;Electrónicos;899,9;1676,9;2;;3/12/20 15:22;3/12/20 16:55
123456555;Marta Cury;Vendedor;CL002;Filial MG;10017;Cama Box;Casa;1189,9;1899,5;3;;28/09/19 11:53;5/10/19 17:54
123456555;Marta Cury;Vendedor;CL002;Filial MG;10006;Aspiradora de piso;Casa;88,9;189,9;1;;7/12/19 15:35;8/12/19 14:52
123456555;Marta Cury;Vendedor;CL002;Filial MG;10012;Procesador de alimentos;Cocina;110;189,9;2;;3/11/19 16:24;4/11/19 9:17
123456555;Marta Cury;Vendedor;CL002;Filial MG;10009;Plancha;Casa;27,9;55,9;3;;20/09/19 9:17;20/09/19 16:07
123456555;Marta Cury;Vendedor;CL002;Filial MG;10006;Aspiradora de piso;Casa;88,9;189,9;2;;11/03/20 10:03;11/03/20 14:06
123456555;Marta Cury;Vendedor;CL002;Filial MG;10016;Guarda Ropa;Casa;489,9;999;3;;22/02/19 16:37;28/02/19 12:09
123456555;Marta Cury;Vendedor;CL002;Filial MG;10012;Procesador de alimentos;Cocina;110;189,9;2;;6/11/19 17:41;7/11/19 15:11
123456555;Marta Cury;Vendedor;CL002;Filial MG;10004;Máquina de lavar ropa;Electrodomésticos;1099;1709,1;1;0,05;12/09/19 12:15;19/09/19 16:49
123456555;Marta Cury;Vendedor;CL002;Filial MG;10003;Televisor;Electrodomésticos;1400,9;2279,99;1;;25/09/20 16:27;30/09/20 13:07
123456555;Marta Cury;Vendedor;CL002;Filial MG;10014;Heladera;Electrodomésticos;699,9;1346,9;2;;17/05/20 16:13;21/05/20 17:07
123456555;Marta Cury;Vendedor;CL002;Filial MG;10003;Televisor;Electrodomésticos;1400,9;2279,99;3;;16/04/20 9:36;23/04/20 17:08
123456555;Marta Cury;Vendedor;CL002;Filial MG;10020;Impresora;Electrónicos;329,9;674,1;3;;13/05/20 14:46;14/05/20 9:58
123456555;Marta Cury;Vendedor;CL002;Filial MG;10020;Impresora;Electrónicos;329,9;674,1;2;;18/04/20 14:11;19/04/20 12:34
123456555;Marta Cury;Vendedor;CL002;Filial MG;10004;Máquina de lavar ropa;Electrodomésticos;1099;1709,1;1;0,05;23/09/20 15:42;26/09/20 10:13
123456555;Marta Cury;Vendedor;CL002;Filial MG;10013;Fogón;Electrodomésticos;210,9;404,1;3;;15/06/20 17:45;18/06/20 14:07
123456555;Marta Cury;Vendedor;CL002;Filial MG;10012;Procesador de alimentos;Cocina;110;189,9;3;;1/05/20 16:23;1/05/20 16:40
123456555;Marta Cury;Vendedor;CL002;Filial MG;10001;Smartphone;Electrónicos;899,9;1676,9;3;;2/01/19 17:23;3/01/19 14:03
123456555;Marta Cury;Vendedor;CL002;Filial MG;10001;Smartphone;Electrónicos;899,9;1676,9;2;;25/05/20 15:55;25/05/20 17:14
123456555;Marta Cury;Vendedor;CL002;Filial MG;10016;Guarda Ropa;Casa;489,9;999;1;;28/05/20 17:28;3/06/20 16:27
123456555;Marta Cury;Vendedor;CL002;Filial MG;10007;Batidora;Cocina;49,9;95,9;1;;6/05/20 16:26;6/05/20 17:32
123456555;Marta Cury;Vendedor;CL002;Filial MG;10002;Tablet;Electrónicos;799;1424,91;1;;12/12/19 9:32;12/12/19 12:48
123456555;Marta Cury;Vendedor;CL002;Filial MG;10010;Freidora eléctrica;Cocina;187,9;340;3;;5/06/20 17:55;6/06/20 15:18
123456555;Marta Cury;Vendedor;CL002;Filial MG;10011;Licuadora;Cocina;59,9;142,4;1;;24/11/20 17:51;25/11/20 13:44
123456555;Marta Cury;Vendedor;CL002;Filial MG;10012;Procesador de alimentos;Cocina;110;189,9;3;;20/04/19 13:50;20/04/19 15:06
123456555;Marta Cury;Vendedor;CL002;Filial MG;10003;Televisor;Electrodomésticos;1400,9;2279,99;2;;23/12/19 16:31;25/12/19 10:27
123456555;Marta Cury;Vendedor;CL002;Filial MG;10014;Heladera;Electrodomésticos;699,9;1346,9;2;;5/11/19 16:53;7/11/19 14:38
123456555;Marta Cury;Vendedor;CL002;Filial MG;10005;Notebook;Electrónicos;2299,9;3199;3;;4/06/19 13:40;5/06/19 13:07
123456555;Marta Cury;Vendedor;CL002;Filial MG;10005;Notebook;Electrónicos;2299,9;3199;4;;3/01/19 15:47;4/01/19 10:55
123456555;Marta Cury;Vendedor;CL002;Filial MG;10010;Freidora eléctrica;Cocina;187,9;340;4;;26/05/20 12:42;26/05/20 13:26
123456555;Marta Cury;Vendedor;CL002;Filial MG;10013;Fogón;Electrodomésticos;210,9;404,1;3;;1/06/20 15:37;5/06/20 10:05
123456555;Marta Cury;Vendedor;CL002;Filial MG;10008;Cafetera;Cocina;159,9;284,9;4;;5/07/19 13:10;6/07/19 9:18
123456555;Marta Cury;Vendedor;CL002;Filial MG;10011;Licuadora;Cocina;59,9;142,4;2;;5/02/19 14:34;5/02/19 17:52
123456555;Marta Cury;Vendedor;CL002;Filial MG;10015;Microondas;Electrodomésticos;189;364,5;2;;30/08/19 14:46;31/08/19 12:29
123456555;Marta Cury;Vendedor;CL002;Filial MG;10007;Batidora;Cocina;49,9;95,9;3;;14/09/19 16:34;15/09/19 14:03
123456555;Marta Cury;Vendedor;CL002;Filial MG;10003;Televisor;Electrodomésticos;1400,9;2279,99;2;;5/06/20 10:41;7/06/20 9:53
123456555;Marta Cury;Vendedor;CL002;Filial MG;10004;Máquina de lavar ropa;Electrodomésticos;1099;1709,1;4;0,1;9/10/20 16:32;15/10/20 13:52
123456555;Marta Cury;Vendedor;CL002;Filial MG;10013;Fogón;Electrodomésticos;210,9;404,1;4;;3/03/19 10:12;6/03/19 11:14
123456555;Marta Cury;Vendedor;CL002;Filial MG;10014;Heladera;Electrodomésticos;699,9;1346,9;1;;10/11/20 14:41;15/11/20 9:26
123456555;Marta Cury;Vendedor;CL002;Filial MG;10016;Guarda Ropa;Casa;489,9;999;3;;11/11/19 16:03;17/11/19 9:35
123456555;Marta Cury;Vendedor;CL002;Filial MG;10018;Colchón;Casa;109,9;249,9;1;;23/09/20 12:47;24/09/20 9:19
123456555;Marta Cury;Vendedor;CL002;Filial MG;10013;Fogón;Electrodomésticos;210,9;404,1;1;;11/12/19 11:53;18/12/19 14:13
123456555;Marta Cury;Vendedor;CL002;Filial MG;10014;Heladera;Electrodomésticos;699,9;1346,9;1;;26/02/20 17:29;1/03/20 15:42
123456555;Marta Cury;Vendedor;CL002;Filial MG;10017;Cama Box;Casa;1189,9;1899,5;4;;29/12/19 9:23;1/01/20 13:38
123456555;Marta Cury;Vendedor;CL002;Filial MG;10004;Máquina de lavar ropa;Electrodomésticos;1099;1709,1;4;0,1;16/12/20 13:27;21/12/20 13:10
123456555;Marta Cury;Vendedor;CL002;Filial MG;10001;Smartphone;Electrónicos;899,9;1676,9;2;;20/07/20 12:39;20/07/20 14:41
123456555;Marta Cury;Vendedor;CL002;Filial MG;10016;Guarda Ropa;Casa;489,9;999;4;;7/10/20 14:19;12/10/20 17:30
123456555;Marta Cury;Vendedor;CL002;Filial MG;10007;Batidora;Cocina;49,9;95,9;3;;28/05/19 11:26;28/05/19 17:46
123456555;Marta Cury;Vendedor;CL002;Filial MG;10015;Microondas;Electrodomésticos;189;364,5;1;;17/01/19 10:48;17/01/19 11:08
123456555;Marta Cury;Vendedor;CL002;Filial MG;10013;Fogón;Electrodomésticos;210,9;404,1;2;;13/05/19 15:09;18/05/19 14:27
123456555;Marta Cury;Vendedor;CL002;Filial MG;10018;Colchón;Casa;109,9;249,9;1;;31/12/19 13:37;1/01/20 10:03
123456555;Marta Cury;Vendedor;CL002;Filial MG;10005;Notebook;Electrónicos;2299,9;3199;2;;16/03/19 13:30;17/03/19 10:04
123456555;Marta Cury;Vendedor;CL002;Filial MG;10008;Cafetera;Cocina;159,9;284,9;4;;10/05/19 12:06;10/05/19 15:21
123456555;Marta Cury;Vendedor;CL002;Filial MG;10019;Sofá;Casa;789,9;1399;2;;12/11/20 17:52;17/11/20 14:11
123456555;Marta Cury;Vendedor;CL002;Filial MG;10019;Sofá;Casa;789,9;1399;1;;27/06/19 13:29;3/07/19 17:33
123456555;Marta Cury;Vendedor;CL002;Filial MG;10004;Máquina de lavar ropa;Electrodomésticos;1099;1709,1;4;0,1;20/08/19 16:08;25/08/19 15:50
123456555;Marta Cury;Vendedor;CL002;Filial MG;10015;Microondas;Electrodomésticos;189;364,5;2;;27/09/20 10:58;28/09/20 10:07
123456555;Marta Cury;Vendedor;CL002;Filial MG;10017;Cama Box;Casa;1189,9;1899,5;3;;22/07/20 12:05;27/07/20 14:13
123456555;Marta Cury;Vendedor;CL002;Filial MG;10006;Aspiradora de piso;Casa;88,9;189,9;4;;10/07/19 9:15;11/07/19 9:02
123456555;Marta Cury;Vendedor;CL002;Filial MG;10011;Licuadora;Cocina;59,9;142,4;2;;17/10/20 10:08;17/10/20 16:55
123456555;Marta Cury;Vendedor;CL002;Filial MG;10004;Máquina de lavar ropa;Electrodomésticos;1099;1709,1;1;0,05;11/06/20 10:35;18/06/20 15:16
123456555;Marta Cury;Vendedor;CL002;Filial MG;10013;Fogón;Electrodomésticos;210,9;404,1;2;;12/01/20 16:03;18/01/20 15:35
123456555;Marta Cury;Vendedor;CL002;Filial MG;10019;Sofá;Casa;789,9;1399;3;;29/05/19 13:15;1/06/19 9:20
123456555;Marta Cury;Vendedor;CL002;Filial MG;10001;Smartphone;Electrónicos;899,9;1676,9;2;;24/08/20 9:02;24/08/20 17:24
123456555;Marta Cury;Vendedor;CL002;Filial MG;10016;Guarda Ropa;Casa;489,9;999;3;;3/10/20 15:27;7/10/20 11:12
123456555;Marta Cury;Vendedor;CL002;Filial MG;10013;Fogón;Electrodomésticos;210,9;404,1;2;;26/06/19 14:18;3/07/19 15:13
123456555;Marta Cury;Vendedor;CL002;Filial MG;10010;Freidora eléctrica;Cocina;187,9;340;1;;16/05/20 12:21;17/05/20 11:40
123456555;Marta Cury;Vendedor;CL002;Filial MG;10007;Batidora;Cocina;49,9;95,9;1;;25/09/20 17:07;25/09/20 17:29
123456555;Marta Cury;Vendedor;CL002;Filial MG;10006;Aspiradora de piso;Casa;88,9;189,9;4;;30/05/19 14:20;31/05/19 10:52
123456555;Marta Cury;Vendedor;CL002;Filial MG;10006;Aspiradora de piso;Casa;88,9;189,9;3;;27/11/20 15:53;28/11/20 9:09
123456555;Marta Cury;Vendedor;CL002;Filial MG;10006;Aspiradora de piso;Casa;88,9;189,9;4;;7/06/19 14:35;7/06/19 17:40
123456555;Marta Cury;Vendedor;CL002;Filial MG;10013;Fogón;Electrodomésticos;210,9;404,1;4;;14/04/19 14:05;16/04/19 13:16
123456555;Marta Cury;Vendedor;CL002;Filial MG;10015;Microondas;Electrodomésticos;189;364,5;4;;24/12/19 13:16;25/12/19 9:07
123456555;Marta Cury;Vendedor;CL002;Filial MG;10019;Sofá;Casa;789,9;1399;2;;12/07/19 12:58;17/07/19 10:54
123456555;Marta Cury;Vendedor;CL002;Filial MG;10011;Licuadora;Cocina;59,9;142,4;4;;19/12/19 13:16;20/12/19 10:49
123456555;Marta Cury;Vendedor;CL002;Filial MG;10009;Plancha;Casa;27,9;55,9;2;;21/04/20 17:15;22/04/20 16:40
123456555;Marta Cury;Vendedor;CL002;Filial MG;10019;Sofá;Casa;789,9;1399;4;;29/09/20 10:34;5/10/20 12:32
123456555;Marta Cury;Vendedor;CL002;Filial MG;10007;Batidora;Cocina;49,9;95,9;3;;22/05/20 15:17;23/05/20 10:52
123456555;Marta Cury;Vendedor;CL002;Filial MG;10013;Fogón;Electrodomésticos;210,9;404,1;3;;27/08/20 17:53;1/09/20 10:20
123456555;Marta Cury;Vendedor;CL002;Filial MG;10004;Máquina de lavar ropa;Electrodomésticos;1099;1709,1;1;0,05;2/07/20 15:32;4/07/20 15:06
123456555;Marta Cury;Vendedor;CL002;Filial MG;10004;Máquina de lavar ropa;Electrodomésticos;1099;1709,1;3;0,09;25/05/20 12:20;29/05/20 17:47
123456555;Marta Cury;Vendedor;CL002;Filial MG;10020;Impresora;Electrónicos;329,9;674,1;1;;13/12/20 10:05;13/12/20 14:53
123456555;Marta Cury;Vendedor;CL002;Filial MG;10013;Fogón;Electrodomésticos;210,9;404,1;4;;10/09/19 9:17;17/09/19 9:21
123456555;Marta Cury;Vendedor;CL002;Filial MG;10004;Máquina de lavar ropa;Electrodomésticos;1099;1709,1;1;0,05;25/06/20 12:00;30/06/20 16:56
123456555;Marta Cury;Vendedor;CL002;Filial MG;10016;Guarda Ropa;Casa;489,9;999;2;;29/11/20 12:42;5/12/20 12:49
123456555;Marta Cury;Vendedor;CL002;Filial MG;10011;Licuadora;Cocina;59,9;142,4;2;;29/08/19 17:14;30/08/19 13:34
123456555;Marta Cury;Vendedor;CL002;Filial MG;10010;Freidora eléctrica;Cocina;187,9;340;4;;11/08/19 11:26;11/08/19 17:55
123456555;Marta Cury;Vendedor;CL002;Filial MG;10011;Licuadora;Cocina;59,9;142,4;3;;26/12/19 13:00;26/12/19 17:16
123456555;Marta Cury;Vendedor;CL002;Filial MG;10007;Batidora;Cocina;49,9;95,9;2;;17/10/20 9:56;17/10/20 16:17
123456555;Marta Cury;Vendedor;CL002;Filial MG;10016;Guarda Ropa;Casa;489,9;999;1;;4/03/19 14:01;11/03/19 14:39
123456555;Marta Cury;Vendedor;CL002;Filial MG;10007;Batidora;Cocina;49,9;95,9;3;;30/05/20 16:41;31/05/20 13:27
123456555;Marta Cury;Vendedor;CL002;Filial MG;10003;Televisor;Electrodomésticos;1400,9;2279,99;4;;5/03/19 12:55;11/03/19 15:43
123456555;Marta Cury;Vendedor;CL002;Filial MG;10010;Freidora eléctrica;Cocina;187,9;340;3;;31/12/19 16:38;1/01/20 12:55
123456555;Marta Cury;Vendedor;CL002;Filial MG;10007;Batidora;Cocina;49,9;95,9;1;;30/08/19 17:20;31/08/19 15:37
123456555;Marta Cury;Vendedor;CL002;Filial MG;10016;Guarda Ropa;Casa;489,9;999;2;;26/06/19 13:30;30/06/19 14:55
123456555;Marta Cury;Vendedor;CL002;Filial MG;10003;Televisor;Electrodomésticos;1400,9;2279,99;1;;4/10/19 9:30;8/10/19 10:50
123456555;Marta Cury;Vendedor;CL002;Filial MG;10010;Freidora eléctrica;Cocina;187,9;340;2;;16/08/19 11:58;16/08/19 15:24
123456555;Marta Cury;Vendedor;CL002;Filial MG;10006;Aspiradora de piso;Casa;88,9;189,9;2;;22/11/20 16:34;23/11/20 14:15
123456555;Marta Cury;Vendedor;CL002;Filial MG;10007;Batidora;Cocina;49,9;95,9;1;;4/07/20 16:28;5/07/20 15:32
123456555;Marta Cury;Vendedor;CL002;Filial MG;10009;Plancha;Casa;27,9;55,9;1;;12/11/19 17:16;13/11/19 17:04
123456555;Marta Cury;Vendedor;CL002;Filial MG;10005;Notebook;Electrónicos;2299,9;3199;3;;17/08/20 9:14;18/08/20 9:10
123456555;Marta Cury;Vendedor;CL002;Filial MG;10004;Máquina de lavar ropa;Electrodomésticos;1099;1709,1;3;0,09;18/12/19 17:01;24/12/19 14:52
123456555;Marta Cury;Vendedor;CL002;Filial MG;10006;Aspiradora de piso;Casa;88,9;189,9;4;;26/09/20 13:51;27/09/20 13:50
123456555;Marta Cury;Vendedor;CL002;Filial MG;10014;Heladera;Electrodomésticos;699,9;1346,9;1;;15/10/19 12:30;22/10/19 13:04
123456555;Marta Cury;Vendedor;CL002;Filial MG;10003;Televisor;Electrodomésticos;1400,9;2279,99;3;;17/11/20 10:40;21/11/20 17:43
123456555;Marta Cury;Vendedor;CL002;Filial MG;10003;Televisor;Electrodomésticos;1400,9;2279,99;4;;11/10/19 9:09;13/10/19 12:24
123456555;Marta Cury;Vendedor;CL002;Filial MG;10001;Smartphone;Electrónicos;899,9;1676,9;1;;29/05/19 15:17;30/05/19 13:54
123456555;Marta Cury;Vendedor;CL002;Filial MG;10018;Colchón;Casa;109,9;249,9;1;;1/02/19 12:08;1/02/19 14:52
123456555;Marta Cury;Vendedor;CL002;Filial MG;10018;Colchón;Casa;109,9;249,9;2;;26/02/20 16:33;27/02/20 11:26
123456555;Marta Cury;Vendedor;CL002;Filial MG;10001;Smartphone;Electrónicos;899,9;1676,9;1;;8/03/20 9:48;8/03/20 10:38
123456555;Marta Cury;Vendedor;CL002;Filial MG;10017;Cama Box;Casa;1189,9;1899,5;3;;28/09/19 17:28;3/10/19 10:28
123456555;Marta Cury;Vendedor;CL002;Filial MG;10006;Aspiradora de piso;Casa;88,9;189,9;1;;8/07/19 15:42;9/07/19 14:53
123456555;Marta Cury;Vendedor;CL002;Filial MG;10016;Guarda Ropa;Casa;489,9;999;1;;21/11/19 13:34;24/11/19 11:58
123456555;Marta Cury;Vendedor;CL002;Filial MG;10019;Sofá;Casa;789,9;1399;1;;12/01/20 11:03;14/01/20 15:45
123456555;Marta Cury;Vendedor;CL002;Filial MG;10002;Tablet;Electrónicos;799;1424,91;3;;26/06/20 13:12;27/06/20 12:15
123456555;Marta Cury;Vendedor;CL002;Filial MG;10002;Tablet;Electrónicos;799;1424,91;2;;23/09/20 10:40;24/09/20 10:38
123456555;Marta Cury;Vendedor;CL002;Filial MG;10019;Sofá;Casa;789,9;1399;2;;16/02/19 14:05;21/02/19 11:07
123456555;Marta Cury;Vendedor;CL002;Filial MG;10019;Sofá;Casa;789,9;1399;1;;17/09/19 16:22;22/09/19 14:27
123456555;Marta Cury;Vendedor;CL002;Filial MG;10012;Procesador de alimentos;Cocina;110;189,9;3;;27/11/20 16:18;28/11/20 11:02
123456555;Marta Cury;Vendedor;CL002;Filial MG;10011;Licuadora;Cocina;59,9;142,4;2;;9/01/19 12:26;9/01/19 13:16
123456555;Marta Cury;Vendedor;CL002;Filial MG;10015;Microondas;Electrodomésticos;189;364,5;4;;6/12/19 16:53;7/12/19 13:19
123456555;Marta Cury;Vendedor;CL002;Filial MG;10012;Procesador de alimentos;Cocina;110;189,9;3;;1/06/19 16:34;2/06/19 9:38
123456555;Marta Cury;Vendedor;CL002;Filial MG;10012;Procesador de alimentos;Cocina;110;189,9;4;;19/07/20 10:43;19/07/20 11:11
123456555;Marta Cury;Vendedor;CL002;Filial MG;10018;Colchón;Casa;109,9;249,9;3;;10/11/19 16:52;11/11/19 16:11
123456555;Marta Cury;Vendedor;CL002;Filial MG;10016;Guarda Ropa;Casa;489,9;999;4;;29/11/19 11:43;5/12/19 16:26
123456555;Marta Cury;Vendedor;CL002;Filial MG;10009;Plancha;Casa;27,9;55,9;4;;26/04/19 11:47;26/04/19 11:51
123456555;Marta Cury;Vendedor;CL002;Filial MG;10017;Cama Box;Casa;1189,9;1899,5;3;;5/07/20 17:40;10/07/20 14:06
123456555;Marta Cury;Vendedor;CL002;Filial MG;10016;Guarda Ropa;Casa;489,9;999;3;;12/01/19 14:59;18/01/19 17:34
123456555;Marta Cury;Vendedor;CL002;Filial MG;10016;Guarda Ropa;Casa;489,9;999;3;;29/05/19 9:03;1/06/19 13:46
123456555;Marta Cury;Vendedor;CL002;Filial MG;10015;Microondas;Electrodomésticos;189;364,5;4;;26/03/20 12:16;27/03/20 10:58
123456555;Marta Cury;Vendedor;CL002;Filial MG;10011;Licuadora;Cocina;59,9;142,4;3;;21/08/19 12:41;22/08/19 10:54
123456555;Marta Cury;Vendedor;CL002;Filial MG;10014;Heladera;Electrodomésticos;699,9;1346,9;1;;9/01/19 15:52;16/01/19 14:12
123456555;Marta Cury;Vendedor;CL002;Filial MG;10017;Cama Box;Casa;1189,9;1899,5;2;;20/11/19 13:22;26/11/19 16:34
123456555;Marta Cury;Vendedor;CL002;Filial MG;10006;Aspiradora de piso;Casa;88,9;189,9;4;;3/09/20 17:49;4/09/20 9:58
123456444;Ricardo Lemos;Vendedor;CL002;Filial MG;10008;Cafetera;Cocina;159,9;284,9;2;;25/07/20 11:00;25/07/20 11:39
123456444;Ricardo Lemos;Vendedor;CL002;Filial MG;10003;Televisor;Electrodomésticos;1400,9;2279,99;1;;3/05/20 17:50;8/05/20 13:13
123456444;Ricardo Lemos;Vendedor;CL002;Filial MG;10020;Impresora;Electrónicos;329,9;674,1;2;;11/01/19 14:57;12/01/19 10:38
123456444;Ricardo Lemos;Vendedor;CL002;Filial MG;10002;Tablet;Electrónicos;799;1424,91;2;;21/05/20 15:33;22/05/20 13:14
123456444;Ricardo Lemos;Vendedor;CL002;Filial MG;10015;Microondas;Electrodomésticos;189;364,5;3;;18/04/19 12:08;18/04/19 12:47
123456444;Ricardo Lemos;Vendedor;CL002;Filial MG;10019;Sofá;Casa;789,9;1399;3;;20/09/20 14:39;24/09/20 15:22
123456444;Ricardo Lemos;Vendedor;CL002;Filial MG;10017;Cama Box;Casa;1189,9;1899,5;1;;13/01/19 10:26;15/01/19 14:43
123456444;Ricardo Lemos;Vendedor;CL002;Filial MG;10017;Cama Box;Casa;1189,9;1899,5;1;;4/12/19 17:33;10/12/19 17:26
123456444;Ricardo Lemos;Vendedor;CL002;Filial MG;10019;Sofá;Casa;789,9;1399;2;;8/05/20 13:01;13/05/20 17:15
123456444;Ricardo Lemos;Vendedor;CL002;Filial MG;10001;Smartphone;Electrónicos;899,9;1676,9;1;;17/10/20 16:49;18/10/20 9:47
123456444;Ricardo Lemos;Vendedor;CL002;Filial MG;10015;Microondas;Electrodomésticos;189;364,5;3;;9/10/20 17:04;10/10/20 10:52
123456444;Ricardo Lemos;Vendedor;CL002;Filial MG;10020;Impresora;Electrónicos;329,9;674,1;3;;24/07/19 13:32;24/07/19 13:39
123456444;Ricardo Lemos;Vendedor;CL002;Filial MG;10019;Sofá;Casa;789,9;1399;3;;16/08/20 17:10;20/08/20 16:46
123456444;Ricardo Lemos;Vendedor;CL002;Filial MG;10012;Procesador de alimentos;Cocina;110;189,9;1;;21/10/19 9:28;21/10/19 11:54
123456444;Ricardo Lemos;Vendedor;CL002;Filial MG;10016;Guarda Ropa;Casa;489,9;999;3;;29/05/19 11:42;2/06/19 10:43
123456444;Ricardo Lemos;Vendedor;CL002;Filial MG;10015;Microondas;Electrodomésticos;189;364,5;3;;9/09/19 9:10;9/09/19 13:39
123456444;Ricardo Lemos;Vendedor;CL002;Filial MG;10014;Heladera;Electrodomésticos;699,9;1346,9;2;;4/01/19 9:52;8/01/19 16:21
123456444;Ricardo Lemos;Vendedor;CL002;Filial MG;10007;Batidora;Cocina;49,9;95,9;4;;5/08/20 16:08;6/08/20 11:44
123456444;Ricardo Lemos;Vendedor;CL002;Filial MG;10007;Batidora;Cocina;49,9;95,9;2;;12/05/19 9:51;12/05/19 13:39
123456444;Ricardo Lemos;Vendedor;CL002;Filial MG;10009;Plancha;Casa;27,9;55,9;3;;10/12/19 15:08;11/12/19 14:39
123456444;Ricardo Lemos;Vendedor;CL002;Filial MG;10015;Microondas;Electrodomésticos;189;364,5;4;;21/02/19 10:20;21/02/19 14:18
123456444;Ricardo Lemos;Vendedor;CL002;Filial MG;10013;Fogón;Electrodomésticos;210,9;404,1;2;;10/12/20 17:38;17/12/20 12:20
123456444;Ricardo Lemos;Vendedor;CL002;Filial MG;10017;Cama Box;Casa;1189,9;1899,5;3;;1/08/20 10:04;8/08/20 17:33
123456444;Ricardo Lemos;Vendedor;CL002;Filial MG;10010;Freidora eléctrica;Cocina;187,9;340;4;;7/12/20 13:50;7/12/20 15:15
123456444;Ricardo Lemos;Vendedor;CL002;Filial MG;10014;Heladera;Electrodomésticos;699,9;1346,9;2;;5/04/19 9:43;11/04/19 13:03
123456444;Ricardo Lemos;Vendedor;CL002;Filial MG;10015;Microondas;Electrodomésticos;189;364,5;1;;13/09/20 12:33;14/09/20 11:21
123456444;Ricardo Lemos;Vendedor;CL002;Filial MG;10001;Smartphone;Electrónicos;899,9;1676,9;1;;3/09/20 16:39;3/09/20 17:29
123456444;Ricardo Lemos;Vendedor;CL002;Filial MG;10013;Fogón;Electrodomésticos;210,9;404,1;3;;20/04/19 10:44;22/04/19 11:47
123456444;Ricardo Lemos;Vendedor;CL002;Filial MG;10017;Cama Box;Casa;1189,9;1899,5;1;;12/11/19 13:06;17/11/19 10:25
123456444;Ricardo Lemos;Vendedor;CL002;Filial MG;10005;Notebook;Electrónicos;2299,9;3199;3;;2/02/19 13:07;2/02/19 13:39
123456444;Ricardo Lemos;Vendedor;CL002;Filial MG;10013;Fogón;Electrodomésticos;210,9;404,1;3;;29/01/19 13:58;3/02/19 17:06
123456444;Ricardo Lemos;Vendedor;CL002;Filial MG;10011;Licuadora;Cocina;59,9;142,4;2;;25/09/19 14:14;26/09/19 13:46
123456444;Ricardo Lemos;Vendedor;CL002;Filial MG;10001;Smartphone;Electrónicos;899,9;1676,9;2;;26/05/20 11:56;26/05/20 17:23
123456444;Ricardo Lemos;Vendedor;CL002;Filial MG;10017;Cama Box;Casa;1189,9;1899,5;2;;7/06/20 16:14;9/06/20 12:10
123456444;Ricardo Lemos;Vendedor;CL002;Filial MG;10020;Impresora;Electrónicos;329,9;674,1;1;;24/12/19 15:46;24/12/19 17:06
123456444;Ricardo Lemos;Vendedor;CL002;Filial MG;10007;Batidora;Cocina;49,9;95,9;3;;24/02/20 16:44;25/02/20 13:27
123456444;Ricardo Lemos;Vendedor;CL002;Filial MG;10012;Procesador de alimentos;Cocina;110;189,9;1;;1/05/19 9:39;1/05/19 13:05
123456444;Ricardo Lemos;Vendedor;CL002;Filial MG;10018;Colchón;Casa;109,9;249,9;2;;13/07/20 13:17;13/07/20 15:20
123456444;Ricardo Lemos;Vendedor;CL002;Filial MG;10009;Plancha;Casa;27,9;55,9;2;;16/06/20 16:37;17/06/20 11:05
123456444;Ricardo Lemos;Vendedor;CL002;Filial MG;10008;Cafetera;Cocina;159,9;284,9;3;;2/07/19 15:02;2/07/19 17:51
123456444;Ricardo Lemos;Vendedor;CL002;Filial MG;10013;Fogón;Electrodomésticos;210,9;404,1;1;;5/03/19 16:37;9/03/19 13:10
123456444;Ricardo Lemos;Vendedor;CL002;Filial MG;10007;Batidora;Cocina;49,9;95,9;4;;16/04/19 12:52;17/04/19 12:20
123456444;Ricardo Lemos;Vendedor;CL002;Filial MG;10019;Sofá;Casa;789,9;1399;3;;18/01/19 15:10;22/01/19 16:02
123456444;Ricardo Lemos;Vendedor;CL002;Filial MG;10009;Plancha;Casa;27,9;55,9;3;;15/04/19 10:24;15/04/19 11:47
123456444;Ricardo Lemos;Vendedor;CL002;Filial MG;10017;Cama Box;Casa;1189,9;1899,5;3;;16/05/20 14:57;21/05/20 12:51
123456444;Ricardo Lemos;Vendedor;CL002;Filial MG;10006;Aspiradora de piso;Casa;88,9;189,9;2;;1/12/20 16:28;2/12/20 9:06
123456444;Ricardo Lemos;Vendedor;CL002;Filial MG;10008;Cafetera;Cocina;159,9;284,9;4;;24/10/19 13:10;24/10/19 17:26
123456444;Ricardo Lemos;Vendedor;CL002;Filial MG;10005;Notebook;Electrónicos;2299,9;3199;2;;14/06/20 12:15;14/06/20 13:18
123456444;Ricardo Lemos;Vendedor;CL002;Filial MG;10016;Guarda Ropa;Casa;489,9;999;2;;23/11/19 17:35;29/11/19 15:02
123456444;Ricardo Lemos;Vendedor;CL002;Filial MG;10002;Tablet;Electrónicos;799;1424,91;2;;16/03/19 14:34;16/03/19 17:18
123456444;Ricardo Lemos;Vendedor;CL002;Filial MG;10006;Aspiradora de piso;Casa;88,9;189,9;2;;30/07/20 9:10;30/07/20 10:10
123456444;Ricardo Lemos;Vendedor;CL002;Filial MG;10017;Cama Box;Casa;1189,9;1899,5;3;;3/09/20 15:40;8/09/20 15:36
123456444;Ricardo Lemos;Vendedor;CL002;Filial MG;10007;Batidora;Cocina;49,9;95,9;3;;8/04/20 16:55;9/04/20 15:57
123456444;Ricardo Lemos;Vendedor;CL002;Filial MG;10020;Impresora;Electrónicos;329,9;674,1;4;;1/06/20 15:53;1/06/20 17:02
123456444;Ricardo Lemos;Vendedor;CL002;Filial MG;10019;Sofá;Casa;789,9;1399;2;;3/06/20 13:39;7/06/20 12:17
123456444;Ricardo Lemos;Vendedor;CL002;Filial MG;10018;Colchón;Casa;109,9;249,9;1;;18/01/20 13:31;18/01/20 16:44
123456444;Ricardo Lemos;Vendedor;CL002;Filial MG;10012;Procesador de alimentos;Cocina;110;189,9;3;;6/01/20 11:09;7/01/20 10:51
123456444;Ricardo Lemos;Vendedor;CL002;Filial MG;10004;Máquina de lavar ropa;Electrodomésticos;1099;1709,1;3;0,09;21/07/19 11:10;26/07/19 12:22
123456444;Ricardo Lemos;Vendedor;CL002;Filial MG;10006;Aspiradora de piso;Casa;88,9;189,9;3;;27/12/20 12:09;27/12/20 12:58
123456444;Ricardo Lemos;Vendedor;CL002;Filial MG;10015;Microondas;Electrodomésticos;189;364,5;2;;22/07/19 13:09;22/07/19 15:03
123456444;Ricardo Lemos;Vendedor;CL002;Filial MG;10006;Aspiradora de piso;Casa;88,9;189,9;4;;13/02/19 10:28;14/02/19 9:59
123456444;Ricardo Lemos;Vendedor;CL002;Filial MG;10013;Fogón;Electrodomésticos;210,9;404,1;3;;2/01/20 9:35;5/01/20 10:19
123456444;Ricardo Lemos;Vendedor;CL002;Filial MG;10013;Fogón;Electrodomésticos;210,9;404,1;4;;10/05/20 13:28;15/05/20 10:07
123456444;Ricardo Lemos;Vendedor;CL002;Filial MG;10011;Licuadora;Cocina;59,9;142,4;2;;3/09/19 17:22;4/09/19 10:41
123456444;Ricardo Lemos;Vendedor;CL002;Filial MG;10006;Aspiradora de piso;Casa;88,9;189,9;1;;26/12/20 13:11;26/12/20 16:46
123456444;Ricardo Lemos;Vendedor;CL002;Filial MG;10007;Batidora;Cocina;49,9;95,9;2;;22/12/19 15:09;22/12/19 17:19
123456444;Ricardo Lemos;Vendedor;CL002;Filial MG;10005;Notebook;Electrónicos;2299,9;3199;1;;22/12/19 10:32;22/12/19 13:29
123456444;Ricardo Lemos;Vendedor;CL002;Filial MG;10001;Smartphone;Electrónicos;899,9;1676,9;3;;21/03/20 9:25;21/03/20 12:24
123456444;Ricardo Lemos;Vendedor;CL002;Filial MG;10020;Impresora;Electrónicos;329,9;674,1;1;;10/04/19 9:57;10/04/19 15:39
123456444;Ricardo Lemos;Vendedor;CL002;Filial MG;10019;Sofá;Casa;789,9;1399;2;;22/05/19 14:28;29/05/19 11:32
123456444;Ricardo Lemos;Vendedor;CL002;Filial MG;10017;Cama Box;Casa;1189,9;1899,5;1;;8/05/19 9:05;13/05/19 10:48
123456444;Ricardo Lemos;Vendedor;CL002;Filial MG;10004;Máquina de lavar ropa;Electrodomésticos;1099;1709,1;4;0,1;4/05/19 15:10;6/05/19 15:20
123456444;Ricardo Lemos;Vendedor;CL002;Filial MG;10015;Microondas;Electrodomésticos;189;364,5;1;;24/10/20 14:12;25/10/20 13:47
123456444;Ricardo Lemos;Vendedor;CL002;Filial MG;10007;Batidora;Cocina;49,9;95,9;3;;27/01/20 15:38;28/01/20 9:46
123456444;Ricardo Lemos;Vendedor;CL002;Filial MG;10004;Máquina de lavar ropa;Electrodomésticos;1099;1709,1;2;0,07;16/01/19 11:44;20/01/19 13:31
123456444;Ricardo Lemos;Vendedor;CL002;Filial MG;10011;Licuadora;Cocina;59,9;142,4;3;;28/09/20 14:01;29/09/20 11:58
123456444;Ricardo Lemos;Vendedor;CL002;Filial MG;10002;Tablet;Electrónicos;799;1424,91;4;;28/09/20 13:26;29/09/20 11:49
123456444;Ricardo Lemos;Vendedor;CL002;Filial MG;10006;Aspiradora de piso;Casa;88,9;189,9;3;;4/09/20 10:51;5/09/20 9:01
123456444;Ricardo Lemos;Vendedor;CL002;Filial MG;10002;Tablet;Electrónicos;799;1424,91;2;;1/08/19 10:30;1/08/19 15:41
123456444;Ricardo Lemos;Vendedor;CL002;Filial MG;10004;Máquina de lavar ropa;Electrodomésticos;1099;1709,1;1;0,05;26/01/19 14:15;29/01/19 12:46
123456444;Ricardo Lemos;Vendedor;CL002;Filial MG;10012;Procesador de alimentos;Cocina;110;189,9;1;;12/11/19 11:25;13/11/19 9:14
123456444;Ricardo Lemos;Vendedor;CL002;Filial MG;10013;Fogón;Electrodomésticos;210,9;404,1;2;;20/01/19 10:26;24/01/19 11:19
123456444;Ricardo Lemos;Vendedor;CL002;Filial MG;10001;Smartphone;Electrónicos;899,9;1676,9;4;;20/08/19 10:32;20/08/19 17:16
123456444;Ricardo Lemos;Vendedor;CL002;Filial MG;10020;Impresora;Electrónicos;329,9;674,1;1;;28/07/20 13:20;28/07/20 15:58
123456444;Ricardo Lemos;Vendedor;CL002;Filial MG;10016;Guarda Ropa;Casa;489,9;999;2;;5/01/19 13:05;9/01/19 10:55
123456444;Ricardo Lemos;Vendedor;CL002;Filial MG;10012;Procesador de alimentos;Cocina;110;189,9;1;;19/01/20 13:36;20/01/20 12:32
123456444;Ricardo Lemos;Vendedor;CL002;Filial MG;10012;Procesador de alimentos;Cocina;110;189,9;3;;29/04/19 15:21;30/04/19 13:02
123456444;Ricardo Lemos;Vendedor;CL002;Filial MG;10005;Notebook;Electrónicos;2299,9;3199;4;;11/05/20 13:50;11/05/20 14:18
123456444;Ricardo Lemos;Vendedor;CL002;Filial MG;10011;Licuadora;Cocina;59,9;142,4;1;;19/09/20 13:59;19/09/20 15:01
123456444;Ricardo Lemos;Vendedor;CL002;Filial MG;10012;Procesador de alimentos;Cocina;110;189,9;2;;2/09/20 10:08;2/09/20 14:38
123456444;Ricardo Lemos;Vendedor;CL002;Filial MG;10014;Heladera;Electrodomésticos;699,9;1346,9;3;;23/02/19 15:47;26/02/19 15:59
123456444;Ricardo Lemos;Vendedor;CL002;Filial MG;10005;Notebook;Electrónicos;2299,9;3199;1;;2/03/20 11:24;2/03/20 16:02
123456444;Ricardo Lemos;Vendedor;CL002;Filial MG;10008;Cafetera;Cocina;159,9;284,9;3;;25/08/20 14:11;26/08/20 13:20
123456444;Ricardo Lemos;Vendedor;CL002;Filial MG;10016;Guarda Ropa;Casa;489,9;999;3;;20/06/19 10:15;25/06/19 10:41
123456444;Ricardo Lemos;Vendedor;CL002;Filial MG;10008;Cafetera;Cocina;159,9;284,9;2;;23/04/20 17:27;24/04/20 16:05
123456444;Ricardo Lemos;Vendedor;CL002;Filial MG;10015;Microondas;Electrodomésticos;189;364,5;3;;30/09/20 9:04;30/09/20 10:51
123456444;Ricardo Lemos;Vendedor;CL002;Filial MG;10014;Heladera;Electrodomésticos;699,9;1346,9;3;;8/09/20 17:24;11/09/20 12:02
123456444;Ricardo Lemos;Vendedor;CL002;Filial MG;10010;Freidora eléctrica;Cocina;187,9;340;3;;27/02/19 12:45;27/02/19 15:09
123456444;Ricardo Lemos;Vendedor;CL002;Filial MG;10004;Máquina de lavar ropa;Electrodomésticos;1099;1709,1;1;0,05;18/07/19 14:08;20/07/19 14:45
123456444;Ricardo Lemos;Vendedor;CL002;Filial MG;10007;Batidora;Cocina;49,9;95,9;2;;12/12/20 9:20;12/12/20 14:51
123456444;Ricardo Lemos;Vendedor;CL002;Filial MG;10020;Impresora;Electrónicos;329,9;674,1;4;;4/06/20 13:25;4/06/20 15:21
123456444;Ricardo Lemos;Vendedor;CL002;Filial MG;10008;Cafetera;Cocina;159,9;284,9;2;;10/11/20 13:21;11/11/20 13:11
123456444;Ricardo Lemos;Vendedor;CL002;Filial MG;10012;Procesador de alimentos;Cocina;110;189,9;4;;17/07/20 13:57;18/07/20 10:39
123456444;Ricardo Lemos;Vendedor;CL002;Filial MG;10018;Colchón;Casa;109,9;249,9;4;;21/02/19 9:40;21/02/19 11:33
123456444;Ricardo Lemos;Vendedor;CL002;Filial MG;10001;Smartphone;Electrónicos;899,9;1676,9;3;;3/10/20 10:23;3/10/20 17:37
123456444;Ricardo Lemos;Vendedor;CL002;Filial MG;10009;Plancha;Casa;27,9;55,9;1;;25/04/20 13:08;26/04/20 9:50
123456444;Ricardo Lemos;Vendedor;CL002;Filial MG;10011;Licuadora;Cocina;59,9;142,4;2;;9/01/20 12:50;9/01/20 15:33
123456444;Ricardo Lemos;Vendedor;CL002;Filial MG;10005;Notebook;Electrónicos;2299,9;3199;4;;1/12/20 16:48;2/12/20 14:44
123456444;Ricardo Lemos;Vendedor;CL002;Filial MG;10009;Plancha;Casa;27,9;55,9;2;;17/03/19 9:13;17/03/19 12:30
123456444;Ricardo Lemos;Vendedor;CL002;Filial MG;10002;Tablet;Electrónicos;799;1424,91;1;;17/10/20 15:26;18/10/20 14:55
123456444;Ricardo Lemos;Vendedor;CL002;Filial MG;10010;Freidora eléctrica;Cocina;187,9;340;4;;22/11/20 15:58;23/11/20 13:56
123456444;Ricardo Lemos;Vendedor;CL002;Filial MG;10001;Smartphone;Electrónicos;899,9;1676,9;1;;19/06/19 17:00;20/06/19 16:45
123456444;Ricardo Lemos;Vendedor;CL002;Filial MG;10017;Cama Box;Casa;1189,9;1899,5;1;;13/10/20 10:13;16/10/20 16:41
123456444;Ricardo Lemos;Vendedor;CL002;Filial MG;10010;Freidora eléctrica;Cocina;187,9;340;1;;15/07/19 9:29;15/07/19 10:23
123456444;Ricardo Lemos;Vendedor;CL002;Filial MG;10013;Fogón;Electrodomésticos;210,9;404,1;3;;22/06/20 14:16;29/06/20 9:49
123456444;Ricardo Lemos;Vendedor;CL002;Filial MG;10002;Tablet;Electrónicos;799;1424,91;2;;11/08/20 10:12;11/08/20 15:33
123456444;Ricardo Lemos;Vendedor;CL002;Filial MG;10008;Cafetera;Cocina;159,9;284,9;2;;29/10/20 17:31;30/10/20 11:50
123456444;Ricardo Lemos;Vendedor;CL002;Filial MG;10001;Smartphone;Electrónicos;899,9;1676,9;1;;28/03/20 9:14;28/03/20 14:17
123456444;Ricardo Lemos;Vendedor;CL002;Filial MG;10018;Colchón;Casa;109,9;249,9;4;;8/03/20 15:23;8/03/20 17:17
123456444;Ricardo Lemos;Vendedor;CL002;Filial MG;10018;Colchón;Casa;109,9;249,9;3;;6/11/19 11:54;7/11/19 9:40
123456444;Ricardo Lemos;Vendedor;CL002;Filial MG;10014;Heladera;Electrodomésticos;699,9;1346,9;4;;2/12/19 11:21;8/12/19 11:04
123456444;Ricardo Lemos;Vendedor;CL002;Filial MG;10012;Procesador de alimentos;Cocina;110;189,9;2;;31/03/19 17:42;1/04/19 12:41
123456444;Ricardo Lemos;Vendedor;CL002;Filial MG;10010;Freidora eléctrica;Cocina;187,9;340;4;;24/01/20 10:02;24/01/20 10:36
123456444;Ricardo Lemos;Vendedor;CL002;Filial MG;10009;Plancha;Casa;27,9;55,9;1;;2/08/19 15:50;3/08/19 14:47
123456444;Ricardo Lemos;Vendedor;CL002;Filial MG;10019;Sofá;Casa;789,9;1399;4;;23/06/19 15:45;28/06/19 12:11
123456444;Ricardo Lemos;Vendedor;CL002;Filial MG;10001;Smartphone;Electrónicos;899,9;1676,9;1;;11/08/19 12:05;11/08/19 14:50
123456444;Ricardo Lemos;Vendedor;CL002;Filial MG;10013;Fogón;Electrodomésticos;210,9;404,1;3;;2/11/20 10:32;4/11/20 9:37
123456444;Ricardo Lemos;Vendedor;CL002;Filial MG;10007;Batidora;Cocina;49,9;95,9;4;;16/06/20 15:07;16/06/20 16:48
123456444;Ricardo Lemos;Vendedor;CL002;Filial MG;10002;Tablet;Electrónicos;799;1424,91;4;;10/06/19 9:31;10/06/19 13:53
123456444;Ricardo Lemos;Vendedor;CL002;Filial MG;10017;Cama Box;Casa;1189,9;1899,5;2;;3/08/19 17:47;6/08/19 9:03
123456444;Ricardo Lemos;Vendedor;CL002;Filial MG;10011;Licuadora;Cocina;59,9;142,4;4;;16/05/19 10:25;16/05/19 11:14
123456444;Ricardo Lemos;Vendedor;CL002;Filial MG;10015;Microondas;Electrodomésticos;189;364,5;2;;21/04/19 13:29;22/04/19 12:02
123456444;Ricardo Lemos;Vendedor;CL002;Filial MG;10018;Colchón;Casa;109,9;249,9;1;;15/12/19 14:27;16/12/19 13:01
123456444;Ricardo Lemos;Vendedor;CL002;Filial MG;10002;Tablet;Electrónicos;799;1424,91;2;;27/07/19 12:10;27/07/19 12:50
123456444;Ricardo Lemos;Vendedor;CL002;Filial MG;10020;Impresora;Electrónicos;329,9;674,1;1;;28/08/20 15:41;29/08/20 10:39
123456444;Ricardo Lemos;Vendedor;CL002;Filial MG;10015;Microondas;Electrodomésticos;189;364,5;3;;24/12/19 16:33;25/12/19 15:34
123456444;Ricardo Lemos;Vendedor;CL002;Filial MG;10014;Heladera;Electrodomésticos;699,9;1346,9;2;;28/07/19 10:47;2/08/19 17:25
123456444;Ricardo Lemos;Vendedor;CL002;Filial MG;10015;Microondas;Electrodomésticos;189;364,5;2;;29/01/19 14:19;29/01/19 14:47
123456444;Ricardo Lemos;Vendedor;CL002;Filial MG;10006;Aspiradora de piso;Casa;88,9;189,9;2;;10/02/20 16:28;11/02/20 11:41
123456444;Ricardo Lemos;Vendedor;CL002;Filial MG;10007;Batidora;Cocina;49,9;95,9;1;;3/11/20 11:34;3/11/20 17:59
123456444;Ricardo Lemos;Vendedor;CL002;Filial MG;10006;Aspiradora de piso;Casa;88,9;189,9;1;;5/04/19 11:30;5/04/19 17:33
123456444;Ricardo Lemos;Vendedor;CL002;Filial MG;10009;Plancha;Casa;27,9;55,9;4;;8/01/20 12:07;8/01/20 17:16
123456444;Ricardo Lemos;Vendedor;CL002;Filial MG;10007;Batidora;Cocina;49,9;95,9;1;;22/09/20 17:00;23/09/20 11:01
123456444;Ricardo Lemos;Vendedor;CL002;Filial MG;10013;Fogón;Electrodomésticos;210,9;404,1;1;;10/12/20 12:58;16/12/20 15:04
123456444;Ricardo Lemos;Vendedor;CL002;Filial MG;10010;Freidora eléctrica;Cocina;187,9;340;2;;17/09/19 10:31;17/09/19 14:55
123456444;Ricardo Lemos;Vendedor;CL002;Filial MG;10002;Tablet;Electrónicos;799;1424,91;4;;17/03/20 9:31;18/03/20 9:00
123456444;Ricardo Lemos;Vendedor;CL002;Filial MG;10011;Licuadora;Cocina;59,9;142,4;4;;4/07/20 17:37;5/07/20 17:13
123456444;Ricardo Lemos;Vendedor;CL002;Filial MG;10019;Sofá;Casa;789,9;1399;3;;13/12/20 15:06;20/12/20 13:46
123456444;Ricardo Lemos;Vendedor;CL002;Filial MG;10020;Impresora;Electrónicos;329,9;674,1;3;;22/02/20 11:25;23/02/20 10:57
123456444;Ricardo Lemos;Vendedor;CL002;Filial MG;10016;Guarda Ropa;Casa;489,9;999;1;;22/09/20 12:51;27/09/20 16:42
123456444;Ricardo Lemos;Vendedor;CL002;Filial MG;10019;Sofá;Casa;789,9;1399;1;;26/07/20 13:51;30/07/20 11:45
123456444;Ricardo Lemos;Vendedor;CL002;Filial MG;10015;Microondas;Electrodomésticos;189;364,5;3;;1/06/20 10:57;1/06/20 16:22
123456444;Ricardo Lemos;Vendedor;CL002;Filial MG;10013;Fogón;Electrodomésticos;210,9;404,1;1;;28/11/20 15:09;1/12/20 11:43
123456444;Ricardo Lemos;Vendedor;CL002;Filial MG;10012;Procesador de alimentos;Cocina;110;189,9;1;;14/05/19 10:26;14/05/19 10:52
123456444;Ricardo Lemos;Vendedor;CL002;Filial MG;10018;Colchón;Casa;109,9;249,9;3;;21/06/19 17:43;22/06/19 11:44
123456444;Ricardo Lemos;Vendedor;CL002;Filial MG;10005;Notebook;Electrónicos;2299,9;3199;2;;21/06/19 12:34;22/06/19 11:51
123456444;Ricardo Lemos;Vendedor;CL002;Filial MG;10004;Máquina de lavar ropa;Electrodomésticos;1099;1709,1;1;0,05;27/06/20 12:01;1/07/20 10:30
123456444;Ricardo Lemos;Vendedor;CL002;Filial MG;10017;Cama Box;Casa;1189,9;1899,5;2;;7/01/19 17:39;9/01/19 10:00
123456444;Ricardo Lemos;Vendedor;CL002;Filial MG;10020;Impresora;Electrónicos;329,9;674,1;4;;31/10/19 17:28;1/11/19 12:24
123456444;Ricardo Lemos;Vendedor;CL002;Filial MG;10005;Notebook;Electrónicos;2299,9;3199;2;;12/10/19 14:08;12/10/19 16:29
123456444;Ricardo Lemos;Vendedor;CL002;Filial MG;10006;Aspiradora de piso;Casa;88,9;189,9;2;;14/02/19 9:32;14/02/19 16:11
123456444;Ricardo Lemos;Vendedor;CL002;Filial MG;10003;Televisor;Electrodomésticos;1400,9;2279,99;4;;28/10/19 16:33;1/11/19 14:31
123456444;Ricardo Lemos;Vendedor;CL002;Filial MG;10004;Máquina de lavar ropa;Electrodomésticos;1099;1709,1;1;0,05;18/08/19 17:38;24/08/19 11:36
123456444;Ricardo Lemos;Vendedor;CL002;Filial MG;10018;Colchón;Casa;109,9;249,9;2;;26/09/19 15:48;27/09/19 10:52
123456444;Ricardo Lemos;Vendedor;CL002;Filial MG;10014;Heladera;Electrodomésticos;699,9;1346,9;4;;29/09/20 10:56;3/10/20 10:09
123456444;Ricardo Lemos;Vendedor;CL002;Filial MG;10004;Máquina de lavar ropa;Electrodomésticos;1099;1709,1;2;0,07;20/05/19 10:33;23/05/19 13:05
123456444;Ricardo Lemos;Vendedor;CL002;Filial MG;10015;Microondas;Electrodomésticos;189;364,5;2;;8/10/20 13:00;8/10/20 15:24
123456444;Ricardo Lemos;Vendedor;CL002;Filial MG;10008;Cafetera;Cocina;159,9;284,9;2;;1/04/20 16:08;2/04/20 11:56
123456444;Ricardo Lemos;Vendedor;CL002;Filial MG;10019;Sofá;Casa;789,9;1399;3;;15/04/19 16:22;18/04/19 12:06
123456444;Ricardo Lemos;Vendedor;CL002;Filial MG;10011;Licuadora;Cocina;59,9;142,4;2;;18/09/19 12:46;19/09/19 9:15
123456444;Ricardo Lemos;Vendedor;CL002;Filial MG;10011;Licuadora;Cocina;59,9;142,4;3;;3/07/20 16:23;4/07/20 12:35
123456444;Ricardo Lemos;Vendedor;CL002;Filial MG;10009;Plancha;Casa;27,9;55,9;1;;3/04/20 11:23;4/04/20 9:30
123456444;Ricardo Lemos;Vendedor;CL002;Filial MG;10010;Freidora eléctrica;Cocina;187,9;340;4;;15/03/19 10:31;15/03/19 14:41
123456444;Ricardo Lemos;Vendedor;CL002;Filial MG;10008;Cafetera;Cocina;159,9;284,9;3;;4/10/20 13:25;4/10/20 16:10
123456444;Ricardo Lemos;Vendedor;CL002;Filial MG;10012;Procesador de alimentos;Cocina;110;189,9;4;;27/08/20 15:48;27/08/20 15:50
123456444;Ricardo Lemos;Vendedor;CL002;Filial MG;10013;Fogón;Electrodomésticos;210,9;404,1;4;;16/04/20 9:40;19/04/20 15:12
123456444;Ricardo Lemos;Vendedor;CL002;Filial MG;10016;Guarda Ropa;Casa;489,9;999;1;;22/06/20 17:17;26/06/20 17:10
123456444;Ricardo Lemos;Vendedor;CL002;Filial MG;10006;Aspiradora de piso;Casa;88,9;189,9;2;;12/04/19 12:31;13/04/19 12:04
123456444;Ricardo Lemos;Vendedor;CL002;Filial MG;10010;Freidora eléctrica;Cocina;187,9;340;4;;18/02/19 12:26;18/02/19 15:49
123456444;Ricardo Lemos;Vendedor;CL002;Filial MG;10002;Tablet;Electrónicos;799;1424,91;3;;25/06/20 15:41;26/06/20 11:53
123456444;Ricardo Lemos;Vendedor;CL002;Filial MG;10017;Cama Box;Casa;1189,9;1899,5;4;;15/09/19 13:40;18/09/19 14:57
123456444;Ricardo Lemos;Vendedor;CL002;Filial MG;10010;Freidora eléctrica;Cocina;187,9;340;1;;13/11/20 17:08;14/11/20 15:35
123456444;Ricardo Lemos;Vendedor;CL002;Filial MG;10001;Smartphone;Electrónicos;899,9;1676,9;3;;7/03/19 12:20;8/03/19 9:23
123456444;Ricardo Lemos;Vendedor;CL002;Filial MG;10015;Microondas;Electrodomésticos;189;364,5;2;;5/07/20 16:59;5/07/20 17:09
123456444;Ricardo Lemos;Vendedor;CL002;Filial MG;10020;Impresora;Electrónicos;329,9;674,1;1;;30/06/19 12:08;30/06/19 16:46
123456444;Ricardo Lemos;Vendedor;CL002;Filial MG;10003;Televisor;Electrodomésticos;1400,9;2279,99;2;;7/08/19 11:28;12/08/19 15:33
123456444;Ricardo Lemos;Vendedor;CL002;Filial MG;10006;Aspiradora de piso;Casa;88,9;189,9;4;;4/05/19 12:12;5/05/19 10:35
123456444;Ricardo Lemos;Vendedor;CL002;Filial MG;10019;Sofá;Casa;789,9;1399;3;;13/02/19 10:01;19/02/19 11:39
123456444;Ricardo Lemos;Vendedor;CL002;Filial MG;10013;Fogón;Electrodomésticos;210,9;404,1;1;;25/04/20 17:05;28/04/20 13:36
123456444;Ricardo Lemos;Vendedor;CL002;Filial MG;10013;Fogón;Electrodomésticos;210,9;404,1;1;;2/02/19 15:00;9/02/19 12:05
123456444;Ricardo Lemos;Vendedor;CL002;Filial MG;10004;Máquina de lavar ropa;Electrodomésticos;1099;1709,1;4;0,1;12/01/19 14:23;15/01/19 10:18
123456444;Ricardo Lemos;Vendedor;CL002;Filial MG;10014;Heladera;Electrodomésticos;699,9;1346,9;1;;11/07/19 17:06;18/07/19 11:31
123456444;Ricardo Lemos;Vendedor;CL002;Filial MG;10010;Freidora eléctrica;Cocina;187,9;340;3;;14/06/19 9:02;14/06/19 14:21
123456444;Ricardo Lemos;Vendedor;CL002;Filial MG;10013;Fogón;Electrodomésticos;210,9;404,1;2;;2/07/19 12:37;9/07/19 12:42
123456444;Ricardo Lemos;Vendedor;CL002;Filial MG;10003;Televisor;Electrodomésticos;1400,9;2279,99;3;;3/12/19 15:07;9/12/19 10:12
123456444;Ricardo Lemos;Vendedor;CL002;Filial MG;10016;Guarda Ropa;Casa;489,9;999;4;;2/12/19 15:18;8/12/19 17:40
123456444;Ricardo Lemos;Vendedor;CL002;Filial MG;10014;Heladera;Electrodomésticos;699,9;1346,9;2;;21/05/20 9:28;24/05/20 9:12
123456444;Ricardo Lemos;Vendedor;CL002;Filial MG;10020;Impresora;Electrónicos;329,9;674,1;2;;19/04/19 15:02;20/04/19 9:50
123456444;Ricardo Lemos;Vendedor;CL002;Filial MG;10016;Guarda Ropa;Casa;489,9;999;1;;17/01/20 10:22;24/01/20 15:18
123456444;Ricardo Lemos;Vendedor;CL002;Filial MG;10018;Colchón;Casa;109,9;249,9;3;;26/11/20 11:55;26/11/20 12:06
123456444;Ricardo Lemos;Vendedor;CL002;Filial MG;10001;Smartphone;Electrónicos;899,9;1676,9;1;;18/10/19 11:08;18/10/19 13:33
123456444;Ricardo Lemos;Vendedor;CL002;Filial MG;10015;Microondas;Electrodomésticos;189;364,5;1;;10/12/19 14:28;11/12/19 9:07
123456444;Ricardo Lemos;Vendedor;CL002;Filial MG;10014;Heladera;Electrodomésticos;699,9;1346,9;4;;29/04/19 11:10;3/05/19 14:20
123456444;Ricardo Lemos;Vendedor;CL002;Filial MG;10017;Cama Box;Casa;1189,9;1899,5;1;;13/01/20 14:31;20/01/20 10:42
123456444;Ricardo Lemos;Vendedor;CL002;Filial MG;10001;Smartphone;Electrónicos;899,9;1676,9;2;;17/01/20 14:56;17/01/20 16:09
123456444;Ricardo Lemos;Vendedor;CL002;Filial MG;10016;Guarda Ropa;Casa;489,9;999;4;;22/12/19 11:29;29/12/19 9:09
123456444;Ricardo Lemos;Vendedor;CL002;Filial MG;10019;Sofá;Casa;789,9;1399;4;;18/08/20 12:34;23/08/20 16:57
123456444;Ricardo Lemos;Vendedor;CL002;Filial MG;10012;Procesador de alimentos;Cocina;110;189,9;4;;25/03/19 11:03;25/03/19 16:09
123456444;Ricardo Lemos;Vendedor;CL002;Filial MG;10013;Fogón;Electrodomésticos;210,9;404,1;3;;17/01/20 11:57;19/01/20 17:59
123456444;Ricardo Lemos;Vendedor;CL002;Filial MG;10012;Procesador de alimentos;Cocina;110;189,9;2;;27/02/19 9:18;27/02/19 12:22
123456444;Ricardo Lemos;Vendedor;CL002;Filial MG;10004;Máquina de lavar ropa;Electrodomésticos;1099;1709,1;1;0,05;26/03/19 15:15;28/03/19 9:36
123456444;Ricardo Lemos;Vendedor;CL002;Filial MG;10006;Aspiradora de piso;Casa;88,9;189,9;2;;28/10/19 15:57;28/10/19 17:05
123456444;Ricardo Lemos;Vendedor;CL002;Filial MG;10017;Cama Box;Casa;1189,9;1899,5;1;;3/07/20 16:53;10/07/20 16:29
123456444;Ricardo Lemos;Vendedor;CL002;Filial MG;10019;Sofá;Casa;789,9;1399;1;;21/02/20 16:56;24/02/20 16:52
123456444;Ricardo Lemos;Vendedor;CL002;Filial MG;10003;Televisor;Electrodomésticos;1400,9;2279,99;4;;24/02/20 13:30;2/03/20 13:38
123456444;Ricardo Lemos;Vendedor;CL002;Filial MG;10012;Procesador de alimentos;Cocina;110;189,9;4;;24/01/20 16:00;25/01/20 12:57
123456444;Ricardo Lemos;Vendedor;CL002;Filial MG;10009;Plancha;Casa;27,9;55,9;4;;10/01/20 16:01;11/01/20 14:34
123456444;Ricardo Lemos;Vendedor;CL002;Filial MG;10001;Smartphone;Electrónicos;899,9;1676,9;4;;4/02/20 9:03;4/02/20 15:11
123456444;Ricardo Lemos;Vendedor;CL002;Filial MG;10016;Guarda Ropa;Casa;489,9;999;4;;8/02/19 17:32;11/02/19 13:00
123456444;Ricardo Lemos;Vendedor;CL002;Filial MG;10012;Procesador de alimentos;Cocina;110;189,9;1;;17/03/20 11:56;18/03/20 9:33
123456444;Ricardo Lemos;Vendedor;CL002;Filial MG;10012;Procesador de alimentos;Cocina;110;189,9;3;;21/06/19 10:37;21/06/19 13:17
123456444;Ricardo Lemos;Vendedor;CL002;Filial MG;10012;Procesador de alimentos;Cocina;110;189,9;2;;1/06/19 15:15;1/06/19 15:33
123456444;Ricardo Lemos;Vendedor;CL002;Filial MG;10002;Tablet;Electrónicos;799;1424,91;4;;25/12/19 11:14;25/12/19 16:38
123456444;Ricardo Lemos;Vendedor;CL002;Filial MG;10014;Heladera;Electrodomésticos;699,9;1346,9;2;;5/04/20 16:44;10/04/20 9:40
123456444;Ricardo Lemos;Vendedor;CL002;Filial MG;10008;Cafetera;Cocina;159,9;284,9;1;;13/09/19 13:44;14/09/19 12:59
123456444;Ricardo Lemos;Vendedor;CL002;Filial MG;10007;Batidora;Cocina;49,9;95,9;2;;10/08/19 16:23;11/08/19 11:48
123456444;Ricardo Lemos;Vendedor;CL002;Filial MG;10003;Televisor;Electrodomésticos;1400,9;2279,99;2;;16/03/20 11:13;18/03/20 12:06
123456444;Ricardo Lemos;Vendedor;CL002;Filial MG;10010;Freidora eléctrica;Cocina;187,9;340;3;;24/06/20 15:30;25/06/20 10:27
123456444;Ricardo Lemos;Vendedor;CL002;Filial MG;10016;Guarda Ropa;Casa;489,9;999;4;;11/10/20 14:42;17/10/20 14:47
123456444;Ricardo Lemos;Vendedor;CL002;Filial MG;10008;Cafetera;Cocina;159,9;284,9;4;;8/11/20 15:59;9/11/20 13:54
123456444;Ricardo Lemos;Vendedor;CL002;Filial MG;10001;Smartphone;Electrónicos;899,9;1676,9;3;;13/01/20 13:22;13/01/20 16:25
123456444;Ricardo Lemos;Vendedor;CL002;Filial MG;10020;Impresora;Electrónicos;329,9;674,1;1;;29/09/19 9:47;29/09/19 15:22
123456444;Ricardo Lemos;Vendedor;CL002;Filial MG;10013;Fogón;Electrodomésticos;210,9;404,1;2;;20/09/19 13:16;27/09/19 12:52
123456444;Ricardo Lemos;Vendedor;CL002;Filial MG;10017;Cama Box;Casa;1189,9;1899,5;3;;9/06/20 15:07;12/06/20 10:46
123456444;Ricardo Lemos;Vendedor;CL002;Filial MG;10015;Microondas;Electrodomésticos;189;364,5;3;;28/06/20 11:27;28/06/20 16:53
123456444;Ricardo Lemos;Vendedor;CL002;Filial MG;10002;Tablet;Electrónicos;799;1424,91;3;;5/06/19 9:25;5/06/19 17:32
123456444;Ricardo Lemos;Vendedor;CL002;Filial MG;10019;Sofá;Casa;789,9;1399;3;;2/03/20 12:10;6/03/20 15:26
123456444;Ricardo Lemos;Vendedor;CL002;Filial MG;10008;Cafetera;Cocina;159,9;284,9;3;;26/07/20 13:45;27/07/20 12:41
123456444;Ricardo Lemos;Vendedor;CL002;Filial MG;10012;Procesador de alimentos;Cocina;110;189,9;1;;28/03/20 13:22;29/03/20 12:41
123456444;Ricardo Lemos;Vendedor;CL002;Filial MG;10009;Plancha;Casa;27,9;55,9;1;;22/06/19 12:56;23/06/19 12:11
123456444;Ricardo Lemos;Vendedor;CL002;Filial MG;10009;Plancha;Casa;27,9;55,9;1;;31/03/19 9:56;31/03/19 17:13
123456444;Ricardo Lemos;Vendedor;CL002;Filial MG;10011;Licuadora;Cocina;59,9;142,4;4;;14/08/19 17:35;15/08/19 14:46
123456444;Ricardo Lemos;Vendedor;CL002;Filial MG;10018;Colchón;Casa;109,9;249,9;1;;1/06/20 15:57;2/06/20 14:17
123456444;Ricardo Lemos;Vendedor;CL002;Filial MG;10010;Freidora eléctrica;Cocina;187,9;340;2;;29/03/19 17:30;30/03/19 10:55
123456444;Ricardo Lemos;Vendedor;CL002;Filial MG;10018;Colchón;Casa;109,9;249,9;2;;12/09/20 16:13;13/09/20 16:06
123456444;Ricardo Lemos;Vendedor;CL002;Filial MG;10016;Guarda Ropa;Casa;489,9;999;1;;20/07/20 16:17;25/07/20 15:45
123456444;Ricardo Lemos;Vendedor;CL002;Filial MG;10018;Colchón;Casa;109,9;249,9;1;;15/02/19 14:05;16/02/19 13:17
123456444;Ricardo Lemos;Vendedor;CL002;Filial MG;10018;Colchón;Casa;109,9;249,9;3;;6/08/20 11:22;6/08/20 11:57
123456444;Ricardo Lemos;Vendedor;CL002;Filial MG;10001;Smartphone;Electrónicos;899,9;1676,9;3;;10/08/20 15:40;11/08/20 11:30
123456444;Ricardo Lemos;Vendedor;CL002;Filial MG;10019;Sofá;Casa;789,9;1399;1;;15/05/19 17:29;18/05/19 16:49
123456444;Ricardo Lemos;Vendedor;CL002;Filial MG;10001;Smartphone;Electrónicos;899,9;1676,9;4;;30/06/20 13:29;30/06/20 15:17
123456444;Ricardo Lemos;Vendedor;CL002;Filial MG;10008;Cafetera;Cocina;159,9;284,9;2;;27/05/19 17:30;28/05/19 12:35
123456666;Reinaldo Salcedo;Vendedor;CL002;Filial MG;10020;Impresora;Electrónicos;329,9;674,1;1;;3/04/19 15:52;4/04/19 14:03
123456666;Reinaldo Salcedo;Vendedor;CL002;Filial MG;10011;Licuadora;Cocina;59,9;142,4;2;;12/06/19 11:25;13/06/19 9:43
123456666;Reinaldo Salcedo;Vendedor;CL002;Filial MG;10005;Notebook;Electrónicos;2299,9;3199;3;;24/03/20 13:12;25/03/20 9:10
123456666;Reinaldo Salcedo;Vendedor;CL002;Filial MG;10013;Fogón;Electrodomésticos;210,9;404,1;1;;18/08/19 13:58;25/08/19 14:07
123456666;Reinaldo Salcedo;Vendedor;CL002;Filial MG;10004;Máquina de lavar ropa;Electrodomésticos;1099;1709,1;2;0,07;1/08/20 13:29;4/08/20 9:11
123456666;Reinaldo Salcedo;Vendedor;CL002;Filial MG;10020;Impresora;Electrónicos;329,9;674,1;3;;11/02/20 11:19;11/02/20 15:55
123456666;Reinaldo Salcedo;Vendedor;CL002;Filial MG;10010;Freidora eléctrica;Cocina;187,9;340;2;;12/03/20 9:55;12/03/20 11:51
123456666;Reinaldo Salcedo;Vendedor;CL002;Filial MG;10018;Colchón;Casa;109,9;249,9;4;;9/11/19 11:31;9/11/19 14:10
123456666;Reinaldo Salcedo;Vendedor;CL002;Filial MG;10014;Heladera;Electrodomésticos;699,9;1346,9;3;;2/05/19 16:16;5/05/19 12:44
123456666;Reinaldo Salcedo;Vendedor;CL002;Filial MG;10020;Impresora;Electrónicos;329,9;674,1;2;;25/04/20 9:41;25/04/20 17:48
123456666;Reinaldo Salcedo;Vendedor;CL002;Filial MG;10009;Plancha;Casa;27,9;55,9;2;;4/11/20 16:59;5/11/20 16:44
123456666;Reinaldo Salcedo;Vendedor;CL002;Filial MG;10007;Batidora;Cocina;49,9;95,9;3;;1/04/19 9:33;1/04/19 15:12
123456666;Reinaldo Salcedo;Vendedor;CL002;Filial MG;10004;Máquina de lavar ropa;Electrodomésticos;1099;1709,1;2;0,07;18/12/19 11:33;23/12/19 16:01
123456666;Reinaldo Salcedo;Vendedor;CL002;Filial MG;10012;Procesador de alimentos;Cocina;110;189,9;2;;11/12/20 9:26;11/12/20 16:26
123456666;Reinaldo Salcedo;Vendedor;CL002;Filial MG;10004;Máquina de lavar ropa;Electrodomésticos;1099;1709,1;1;0,05;18/12/20 12:20;25/12/20 14:26
123456666;Reinaldo Salcedo;Vendedor;CL002;Filial MG;10008;Cafetera;Cocina;159,9;284,9;1;;19/05/19 12:08;19/05/19 15:04
123456666;Reinaldo Salcedo;Vendedor;CL002;Filial MG;10013;Fogón;Electrodomésticos;210,9;404,1;1;;24/06/19 9:53;28/06/19 15:43
123456666;Reinaldo Salcedo;Vendedor;CL002;Filial MG;10004;Máquina de lavar ropa;Electrodomésticos;1099;1709,1;1;0,05;6/12/20 9:32;13/12/20 11:21
123456666;Reinaldo Salcedo;Vendedor;CL002;Filial MG;10018;Colchón;Casa;109,9;249,9;2;;17/11/20 14:26;18/11/20 12:25
123456666;Reinaldo Salcedo;Vendedor;CL002;Filial MG;10004;Máquina de lavar ropa;Electrodomésticos;1099;1709,1;1;0,05;17/10/19 17:31;20/10/19 11:39
123456666;Reinaldo Salcedo;Vendedor;CL002;Filial MG;10007;Batidora;Cocina;49,9;95,9;3;;13/01/19 10:44;14/01/19 10:15
123456666;Reinaldo Salcedo;Vendedor;CL002;Filial MG;10016;Guarda Ropa;Casa;489,9;999;1;;15/02/20 14:15;19/02/20 11:36
123456666;Reinaldo Salcedo;Vendedor;CL002;Filial MG;10011;Licuadora;Cocina;59,9;142,4;2;;8/11/19 13:02;9/11/19 10:02
123456666;Reinaldo Salcedo;Vendedor;CL002;Filial MG;10005;Notebook;Electrónicos;2299,9;3199;1;;17/04/20 17:31;18/04/20 12:55
123456666;Reinaldo Salcedo;Vendedor;CL002;Filial MG;10002;Tablet;Electrónicos;799;1424,91;1;;6/11/20 9:12;6/11/20 14:45
123456666;Reinaldo Salcedo;Vendedor;CL002;Filial MG;10012;Procesador de alimentos;Cocina;110;189,9;1;;12/07/19 17:29;13/07/19 16:01
123456666;Reinaldo Salcedo;Vendedor;CL002;Filial MG;10009;Plancha;Casa;27,9;55,9;3;;10/06/19 12:25;10/06/19 13:58
123456666;Reinaldo Salcedo;Vendedor;CL002;Filial MG;10015;Microondas;Electrodomésticos;189;364,5;4;;24/03/19 9:49;24/03/19 15:06
123456666;Reinaldo Salcedo;Vendedor;CL002;Filial MG;10007;Batidora;Cocina;49,9;95,9;3;;22/04/19 16:01;23/04/19 14:07
123456666;Reinaldo Salcedo;Vendedor;CL002;Filial MG;10015;Microondas;Electrodomésticos;189;364,5;1;;22/11/19 9:34;22/11/19 17:24
123456666;Reinaldo Salcedo;Vendedor;CL002;Filial MG;10019;Sofá;Casa;789,9;1399;4;;4/07/19 9:48;7/07/19 9:02
123456666;Reinaldo Salcedo;Vendedor;CL002;Filial MG;10007;Batidora;Cocina;49,9;95,9;3;;17/04/20 14:46;17/04/20 16:36
123456666;Reinaldo Salcedo;Vendedor;CL002;Filial MG;10015;Microondas;Electrodomésticos;189;364,5;4;;21/05/19 12:34;21/05/19 14:07
123456666;Reinaldo Salcedo;Vendedor;CL002;Filial MG;10019;Sofá;Casa;789,9;1399;2;;22/07/20 14:47;25/07/20 12:56
123456666;Reinaldo Salcedo;Vendedor;CL002;Filial MG;10005;Notebook;Electrónicos;2299,9;3199;2;;25/09/19 17:04;26/09/19 10:45
123456666;Reinaldo Salcedo;Vendedor;CL002;Filial MG;10010;Freidora eléctrica;Cocina;187,9;340;4;;24/09/19 13:42;24/09/19 14:48
123456666;Reinaldo Salcedo;Vendedor;CL002;Filial MG;10009;Plancha;Casa;27,9;55,9;2;;14/07/20 10:35;14/07/20 16:19
123456666;Reinaldo Salcedo;Vendedor;CL002;Filial MG;10014;Heladera;Electrodomésticos;699,9;1346,9;2;;9/11/19 17:50;14/11/19 11:34
123456666;Reinaldo Salcedo;Vendedor;CL002;Filial MG;10013;Fogón;Electrodomésticos;210,9;404,1;1;;31/10/19 10:09;6/11/19 10:30
123456666;Reinaldo Salcedo;Vendedor;CL002;Filial MG;10016;Guarda Ropa;Casa;489,9;999;1;;22/12/20 10:32;28/12/20 11:54
123456666;Reinaldo Salcedo;Vendedor;CL002;Filial MG;10020;Impresora;Electrónicos;329,9;674,1;1;;12/03/20 12:49;12/03/20 17:27
123456666;Reinaldo Salcedo;Vendedor;CL002;Filial MG;10002;Tablet;Electrónicos;799;1424,91;2;;20/01/19 10:45;21/01/19 9:24
123456666;Reinaldo Salcedo;Vendedor;CL002;Filial MG;10016;Guarda Ropa;Casa;489,9;999;4;;22/04/19 13:25;28/04/19 14:11
123456666;Reinaldo Salcedo;Vendedor;CL002;Filial MG;10020;Impresora;Electrónicos;329,9;674,1;2;;7/12/20 16:49;8/12/20 16:01
123456666;Reinaldo Salcedo;Vendedor;CL002;Filial MG;10007;Batidora;Cocina;49,9;95,9;3;;26/04/19 14:10;26/04/19 16:37
123456666;Reinaldo Salcedo;Vendedor;CL002;Filial MG;10003;Televisor;Electrodomésticos;1400,9;2279,99;4;;25/09/19 11:31;28/09/19 15:42
123456666;Reinaldo Salcedo;Vendedor;CL002;Filial MG;10006;Aspiradora de piso;Casa;88,9;189,9;3;;6/05/19 12:26;6/05/19 14:21
123456666;Reinaldo Salcedo;Vendedor;CL002;Filial MG;10018;Colchón;Casa;109,9;249,9;2;;7/09/19 17:30;8/09/19 14:19
123456666;Reinaldo Salcedo;Vendedor;CL002;Filial MG;10010;Freidora eléctrica;Cocina;187,9;340;4;;1/09/20 10:02;1/09/20 16:26
123456666;Reinaldo Salcedo;Vendedor;CL002;Filial MG;10006;Aspiradora de piso;Casa;88,9;189,9;4;;2/04/19 16:22;3/04/19 13:30
123456666;Reinaldo Salcedo;Vendedor;CL002;Filial MG;10015;Microondas;Electrodomésticos;189;364,5;1;;23/03/20 17:39;24/03/20 14:29
123456666;Reinaldo Salcedo;Vendedor;CL002;Filial MG;10004;Máquina de lavar ropa;Electrodomésticos;1099;1709,1;4;0,1;9/07/19 11:04;14/07/19 13:27
123456666;Reinaldo Salcedo;Vendedor;CL002;Filial MG;10008;Cafetera;Cocina;159,9;284,9;1;;5/06/20 9:05;5/06/20 10:46
123456666;Reinaldo Salcedo;Vendedor;CL002;Filial MG;10003;Televisor;Electrodomésticos;1400,9;2279,99;3;;2/11/20 11:52;8/11/20 11:41
123456666;Reinaldo Salcedo;Vendedor;CL002;Filial MG;10007;Batidora;Cocina;49,9;95,9;3;;13/04/20 13:10;13/04/20 14:14
123456666;Reinaldo Salcedo;Vendedor;CL002;Filial MG;10008;Cafetera;Cocina;159,9;284,9;4;;6/09/19 13:51;6/09/19 16:34
123456666;Reinaldo Salcedo;Vendedor;CL002;Filial MG;10018;Colchón;Casa;109,9;249,9;3;;3/06/20 16:48;4/06/20 12:11
123456666;Reinaldo Salcedo;Vendedor;CL002;Filial MG;10004;Máquina de lavar ropa;Electrodomésticos;1099;1709,1;2;0,07;4/05/20 9:25;8/05/20 15:17
123456666;Reinaldo Salcedo;Vendedor;CL002;Filial MG;10009;Plancha;Casa;27,9;55,9;3;;15/11/20 17:49;16/11/20 15:13
123456666;Reinaldo Salcedo;Vendedor;CL002;Filial MG;10008;Cafetera;Cocina;159,9;284,9;2;;4/08/20 13:27;4/08/20 15:25
123456666;Reinaldo Salcedo;Vendedor;CL002;Filial MG;10016;Guarda Ropa;Casa;489,9;999;4;;8/09/19 14:11;10/09/19 17:04
123456666;Reinaldo Salcedo;Vendedor;CL002;Filial MG;10006;Aspiradora de piso;Casa;88,9;189,9;2;;15/04/19 10:04;15/04/19 16:53
123456666;Reinaldo Salcedo;Vendedor;CL002;Filial MG;10003;Televisor;Electrodomésticos;1400,9;2279,99;4;;6/07/20 9:47;12/07/20 13:10
123456666;Reinaldo Salcedo;Vendedor;CL002;Filial MG;10015;Microondas;Electrodomésticos;189;364,5;2;;11/02/20 13:48;11/02/20 16:31
123456666;Reinaldo Salcedo;Vendedor;CL002;Filial MG;10020;Impresora;Electrónicos;329,9;674,1;3;;2/10/19 12:20;3/10/19 10:01
123456666;Reinaldo Salcedo;Vendedor;CL002;Filial MG;10016;Guarda Ropa;Casa;489,9;999;2;;25/05/20 15:24;1/06/20 11:28
123456666;Reinaldo Salcedo;Vendedor;CL002;Filial MG;10002;Tablet;Electrónicos;799;1424,91;3;;29/08/20 14:07;29/08/20 15:46
123456666;Reinaldo Salcedo;Vendedor;CL002;Filial MG;10013;Fogón;Electrodomésticos;210,9;404,1;4;;15/09/19 13:05;17/09/19 9:54
123456666;Reinaldo Salcedo;Vendedor;CL002;Filial MG;10003;Televisor;Electrodomésticos;1400,9;2279,99;1;;17/09/19 16:57;21/09/19 14:51
123456666;Reinaldo Salcedo;Vendedor;CL002;Filial MG;10015;Microondas;Electrodomésticos;189;364,5;4;;16/09/20 16:23;17/09/20 15:30
123456666;Reinaldo Salcedo;Vendedor;CL002;Filial MG;10004;Máquina de lavar ropa;Electrodomésticos;1099;1709,1;1;0,05;25/07/20 15:17;1/08/20 14:08
123456666;Reinaldo Salcedo;Vendedor;CL002;Filial MG;10006;Aspiradora de piso;Casa;88,9;189,9;4;;1/11/19 15:57;1/11/19 16:03
123456666;Reinaldo Salcedo;Vendedor;CL002;Filial MG;10013;Fogón;Electrodomésticos;210,9;404,1;3;;11/11/20 14:50;18/11/20 13:18
123456666;Reinaldo Salcedo;Vendedor;CL002;Filial MG;10018;Colchón;Casa;109,9;249,9;3;;30/12/19 17:50;31/12/19 9:27
123456666;Reinaldo Salcedo;Vendedor;CL002;Filial MG;10005;Notebook;Electrónicos;2299,9;3199;1;;30/04/19 15:26;1/05/19 12:27
123456666;Reinaldo Salcedo;Vendedor;CL002;Filial MG;10009;Plancha;Casa;27,9;55,9;1;;3/08/20 17:00;4/08/20 11:52
123456666;Reinaldo Salcedo;Vendedor;CL002;Filial MG;10014;Heladera;Electrodomésticos;699,9;1346,9;4;;19/08/19 9:15;26/08/19 17:40
123456666;Reinaldo Salcedo;Vendedor;CL002;Filial MG;10010;Freidora eléctrica;Cocina;187,9;340;2;;9/05/19 9:26;9/05/19 9:48
123456666;Reinaldo Salcedo;Vendedor;CL002;Filial MG;10017;Cama Box;Casa;1189,9;1899,5;1;;25/07/19 16:49;30/07/19 16:04
123456666;Reinaldo Salcedo;Vendedor;CL002;Filial MG;10004;Máquina de lavar ropa;Electrodomésticos;1099;1709,1;1;0,05;24/11/20 9:58;28/11/20 13:00
123456666;Reinaldo Salcedo;Vendedor;CL002;Filial MG;10015;Microondas;Electrodomésticos;189;364,5;3;;19/07/19 13:21;20/07/19 9:19
123456666;Reinaldo Salcedo;Vendedor;CL002;Filial MG;10001;Smartphone;Electrónicos;899,9;1676,9;3;;9/12/20 16:06;10/12/20 13:50
123456666;Reinaldo Salcedo;Vendedor;CL002;Filial MG;10008;Cafetera;Cocina;159,9;284,9;1;;7/09/19 14:35;8/09/19 12:03
123456666;Reinaldo Salcedo;Vendedor;CL002;Filial MG;10001;Smartphone;Electrónicos;899,9;1676,9;3;;11/01/20 10:03;11/01/20 17:48
123456666;Reinaldo Salcedo;Vendedor;CL002;Filial MG;10004;Máquina de lavar ropa;Electrodomésticos;1099;1709,1;4;0,1;17/12/20 9:26;24/12/20 17:57
123456666;Reinaldo Salcedo;Vendedor;CL002;Filial MG;10006;Aspiradora de piso;Casa;88,9;189,9;4;;19/10/20 9:28;19/10/20 17:48
123456666;Reinaldo Salcedo;Vendedor;CL002;Filial MG;10016;Guarda Ropa;Casa;489,9;999;1;;31/12/19 11:09;2/01/20 17:37
123456666;Reinaldo Salcedo;Vendedor;CL002;Filial MG;10010;Freidora eléctrica;Cocina;187,9;340;2;;20/06/19 13:01;21/06/19 11:43
123456666;Reinaldo Salcedo;Vendedor;CL002;Filial MG;10014;Heladera;Electrodomésticos;699,9;1346,9;4;;11/01/19 17:43;16/01/19 10:13
123456666;Reinaldo Salcedo;Vendedor;CL002;Filial MG;10001;Smartphone;Electrónicos;899,9;1676,9;4;;10/03/19 12:07;10/03/19 17:18
123456666;Reinaldo Salcedo;Vendedor;CL002;Filial MG;10009;Plancha;Casa;27,9;55,9;3;;26/04/19 9:10;26/04/19 12:20
123456666;Reinaldo Salcedo;Vendedor;CL002;Filial MG;10010;Freidora eléctrica;Cocina;187,9;340;4;;31/01/19 13:15;31/01/19 13:48
123456666;Reinaldo Salcedo;Vendedor;CL002;Filial MG;10004;Máquina de lavar ropa;Electrodomésticos;1099;1709,1;3;0,09;18/10/20 9:48;22/10/20 10:40
123456666;Reinaldo Salcedo;Vendedor;CL002;Filial MG;10004;Máquina de lavar ropa;Electrodomésticos;1099;1709,1;2;0,07;27/03/20 11:10;3/04/20 16:23
123456666;Reinaldo Salcedo;Vendedor;CL002;Filial MG;10015;Microondas;Electrodomésticos;189;364,5;3;;17/08/20 16:23;17/08/20 16:25
123456666;Reinaldo Salcedo;Vendedor;CL002;Filial MG;10012;Procesador de alimentos;Cocina;110;189,9;3;;10/07/19 10:38;10/07/19 17:37
123456666;Reinaldo Salcedo;Vendedor;CL002;Filial MG;10009;Plancha;Casa;27,9;55,9;2;;11/05/20 10:26;11/05/20 11:11
123456666;Reinaldo Salcedo;Vendedor;CL002;Filial MG;10006;Aspiradora de piso;Casa;88,9;189,9;2;;6/11/20 12:28;6/11/20 14:21
123456666;Reinaldo Salcedo;Vendedor;CL002;Filial MG;10014;Heladera;Electrodomésticos;699,9;1346,9;3;;2/06/19 16:41;7/06/19 12:44
123456666;Reinaldo Salcedo;Vendedor;CL002;Filial MG;10020;Impresora;Electrónicos;329,9;674,1;3;;7/12/19 10:44;8/12/19 10:16
123456666;Reinaldo Salcedo;Vendedor;CL002;Filial MG;10011;Licuadora;Cocina;59,9;142,4;2;;20/01/20 14:50;21/01/20 12:03
123456666;Reinaldo Salcedo;Vendedor;CL002;Filial MG;10008;Cafetera;Cocina;159,9;284,9;2;;26/08/20 17:16;27/08/20 16:40
123456666;Reinaldo Salcedo;Vendedor;CL002;Filial MG;10012;Procesador de alimentos;Cocina;110;189,9;2;;26/07/19 13:01;26/07/19 15:32
123456666;Reinaldo Salcedo;Vendedor;CL002;Filial MG;10016;Guarda Ropa;Casa;489,9;999;3;;28/01/19 13:27;3/02/19 16:15
123456666;Reinaldo Salcedo;Vendedor;CL002;Filial MG;10002;Tablet;Electrónicos;799;1424,91;3;;18/08/20 17:15;19/08/20 15:59
123456666;Reinaldo Salcedo;Vendedor;CL002;Filial MG;10007;Batidora;Cocina;49,9;95,9;2;;7/10/20 17:01;8/10/20 16:52
123456666;Reinaldo Salcedo;Vendedor;CL002;Filial MG;10002;Tablet;Electrónicos;799;1424,91;4;;31/10/20 17:01;31/10/20 17:33
123456666;Reinaldo Salcedo;Vendedor;CL002;Filial MG;10005;Notebook;Electrónicos;2299,9;3199;2;;8/03/19 13:19;8/03/19 17:17
123456666;Reinaldo Salcedo;Vendedor;CL002;Filial MG;10007;Batidora;Cocina;49,9;95,9;1;;27/03/19 12:36;27/03/19 13:52
123456666;Reinaldo Salcedo;Vendedor;CL002;Filial MG;10019;Sofá;Casa;789,9;1399;3;;30/03/19 12:47;4/04/19 14:42
123456666;Reinaldo Salcedo;Vendedor;CL002;Filial MG;10014;Heladera;Electrodomésticos;699,9;1346,9;1;;11/01/20 15:44;15/01/20 12:10
123456666;Reinaldo Salcedo;Vendedor;CL002;Filial MG;10004;Máquina de lavar ropa;Electrodomésticos;1099;1709,1;1;0,05;25/04/20 15:37;28/04/20 11:46
123456666;Reinaldo Salcedo;Vendedor;CL002;Filial MG;10016;Guarda Ropa;Casa;489,9;999;3;;18/12/19 17:12;23/12/19 9:43
123456666;Reinaldo Salcedo;Vendedor;CL002;Filial MG;10013;Fogón;Electrodomésticos;210,9;404,1;1;;26/09/19 14:35;2/10/19 11:47
123456666;Reinaldo Salcedo;Vendedor;CL002;Filial MG;10007;Batidora;Cocina;49,9;95,9;4;;14/04/19 9:36;14/04/19 15:52
123456666;Reinaldo Salcedo;Vendedor;CL002;Filial MG;10002;Tablet;Electrónicos;799;1424,91;1;;22/05/19 12:57;22/05/19 13:40
123456666;Reinaldo Salcedo;Vendedor;CL002;Filial MG;10014;Heladera;Electrodomésticos;699,9;1346,9;1;;1/09/20 17:00;7/09/20 9:58
123456666;Reinaldo Salcedo;Vendedor;CL002;Filial MG;10003;Televisor;Electrodomésticos;1400,9;2279,99;2;;4/02/19 14:32;10/02/19 10:47
123456666;Reinaldo Salcedo;Vendedor;CL002;Filial MG;10006;Aspiradora de piso;Casa;88,9;189,9;2;;31/01/19 12:03;31/01/19 15:25
123456666;Reinaldo Salcedo;Vendedor;CL002;Filial MG;10009;Plancha;Casa;27,9;55,9;3;;21/06/20 11:28;21/06/20 14:17
123456666;Reinaldo Salcedo;Vendedor;CL002;Filial MG;10010;Freidora eléctrica;Cocina;187,9;340;3;;23/09/19 17:13;24/09/19 13:18
123456666;Reinaldo Salcedo;Vendedor;CL002;Filial MG;10005;Notebook;Electrónicos;2299,9;3199;3;;6/09/20 10:24;7/09/20 10:07
123456666;Reinaldo Salcedo;Vendedor;CL002;Filial MG;10002;Tablet;Electrónicos;799;1424,91;4;;5/10/19 10:30;5/10/19 13:19
123456666;Reinaldo Salcedo;Vendedor;CL002;Filial MG;10009;Plancha;Casa;27,9;55,9;3;;23/11/19 17:18;24/11/19 11:52
123456666;Reinaldo Salcedo;Vendedor;CL002;Filial MG;10002;Tablet;Electrónicos;799;1424,91;1;;5/07/19 11:43;5/07/19 11:54
123456666;Reinaldo Salcedo;Vendedor;CL002;Filial MG;10006;Aspiradora de piso;Casa;88,9;189,9;1;;14/06/19 14:06;14/06/19 16:56
123456666;Reinaldo Salcedo;Vendedor;CL002;Filial MG;10016;Guarda Ropa;Casa;489,9;999;2;;28/02/19 13:53;4/03/19 16:42
123456666;Reinaldo Salcedo;Vendedor;CL002;Filial MG;10018;Colchón;Casa;109,9;249,9;4;;30/12/19 15:53;31/12/19 9:20
123456666;Reinaldo Salcedo;Vendedor;CL002;Filial MG;10003;Televisor;Electrodomésticos;1400,9;2279,99;3;;4/02/20 12:04;9/02/20 17:44
123456666;Reinaldo Salcedo;Vendedor;CL002;Filial MG;10011;Licuadora;Cocina;59,9;142,4;4;;15/02/20 13:18;16/02/20 11:12
123456666;Reinaldo Salcedo;Vendedor;CL002;Filial MG;10020;Impresora;Electrónicos;329,9;674,1;1;;4/02/20 12:20;5/02/20 11:59
123456666;Reinaldo Salcedo;Vendedor;CL002;Filial MG;10009;Plancha;Casa;27,9;55,9;1;;27/07/20 14:32;27/07/20 14:35
123456666;Reinaldo Salcedo;Vendedor;CL002;Filial MG;10017;Cama Box;Casa;1189,9;1899,5;1;;3/10/20 11:32;8/10/20 11:12
123456666;Reinaldo Salcedo;Vendedor;CL002;Filial MG;10010;Freidora eléctrica;Cocina;187,9;340;3;;25/05/19 12:31;25/05/19 14:00
123456666;Reinaldo Salcedo;Vendedor;CL002;Filial MG;10004;Máquina de lavar ropa;Electrodomésticos;1099;1709,1;2;0,07;6/03/19 14:39;11/03/19 12:01
123456666;Reinaldo Salcedo;Vendedor;CL002;Filial MG;10008;Cafetera;Cocina;159,9;284,9;3;;19/11/20 12:31;19/11/20 16:52
123456666;Reinaldo Salcedo;Vendedor;CL002;Filial MG;10004;Máquina de lavar ropa;Electrodomésticos;1099;1709,1;2;0,07;23/05/19 17:07;27/05/19 14:26
123456666;Reinaldo Salcedo;Vendedor;CL002;Filial MG;10001;Smartphone;Electrónicos;899,9;1676,9;4;;10/07/19 11:29;11/07/19 11:20
123456666;Reinaldo Salcedo;Vendedor;CL002;Filial MG;10012;Procesador de alimentos;Cocina;110;189,9;2;;18/09/20 17:18;19/09/20 17:13
123456666;Reinaldo Salcedo;Vendedor;CL002;Filial MG;10015;Microondas;Electrodomésticos;189;364,5;2;;2/11/20 10:33;2/11/20 11:12
123456666;Reinaldo Salcedo;Vendedor;CL002;Filial MG;10006;Aspiradora de piso;Casa;88,9;189,9;3;;4/11/19 14:26;5/11/19 10:24
123456666;Reinaldo Salcedo;Vendedor;CL002;Filial MG;10010;Freidora eléctrica;Cocina;187,9;340;1;;26/05/20 12:08;27/05/20 11:15
123456666;Reinaldo Salcedo;Vendedor;CL002;Filial MG;10012;Procesador de alimentos;Cocina;110;189,9;3;;23/06/19 13:12;24/06/19 11:01
123456666;Reinaldo Salcedo;Vendedor;CL002;Filial MG;10012;Procesador de alimentos;Cocina;110;189,9;3;;10/08/19 11:56;11/08/19 11:50
123456666;Reinaldo Salcedo;Vendedor;CL002;Filial MG;10006;Aspiradora de piso;Casa;88,9;189,9;3;;2/03/19 12:20;2/03/19 16:56
123456666;Reinaldo Salcedo;Vendedor;CL002;Filial MG;10012;Procesador de alimentos;Cocina;110;189,9;2;;7/11/20 17:01;8/11/20 16:21
123456666;Reinaldo Salcedo;Vendedor;CL002;Filial MG;10015;Microondas;Electrodomésticos;189;364,5;3;;20/04/19 10:58;20/04/19 11:48
123456666;Reinaldo Salcedo;Vendedor;CL002;Filial MG;10017;Cama Box;Casa;1189,9;1899,5;3;;25/11/19 12:32;27/11/19 11:32
123456666;Reinaldo Salcedo;Vendedor;CL002;Filial MG;10009;Plancha;Casa;27,9;55,9;2;;15/09/19 16:14;16/09/19 16:05
123456666;Reinaldo Salcedo;Vendedor;CL002;Filial MG;10002;Tablet;Electrónicos;799;1424,91;4;;5/02/19 9:50;6/02/19 9:01
123456666;Reinaldo Salcedo;Vendedor;CL002;Filial MG;10011;Licuadora;Cocina;59,9;142,4;1;;21/06/20 10:27;21/06/20 12:40
123456666;Reinaldo Salcedo;Vendedor;CL002;Filial MG;10011;Licuadora;Cocina;59,9;142,4;1;;15/05/20 16:26;16/05/20 10:20
123456666;Reinaldo Salcedo;Vendedor;CL002;Filial MG;10011;Licuadora;Cocina;59,9;142,4;3;;18/11/19 11:51;18/11/19 16:12
123456666;Reinaldo Salcedo;Vendedor;CL002;Filial MG;10008;Cafetera;Cocina;159,9;284,9;4;;8/04/20 14:20;8/04/20 16:41
123456666;Reinaldo Salcedo;Vendedor;CL002;Filial MG;10013;Fogón;Electrodomésticos;210,9;404,1;4;;8/11/19 15:31;13/11/19 17:13
123456666;Reinaldo Salcedo;Vendedor;CL002;Filial MG;10015;Microondas;Electrodomésticos;189;364,5;4;;4/10/19 16:36;5/10/19 16:07
123456666;Reinaldo Salcedo;Vendedor;CL002;Filial MG;10002;Tablet;Electrónicos;799;1424,91;1;;28/11/19 14:59;29/11/19 14:27
123456666;Reinaldo Salcedo;Vendedor;CL002;Filial MG;10017;Cama Box;Casa;1189,9;1899,5;1;;16/08/20 14:43;23/08/20 14:26
123456666;Reinaldo Salcedo;Vendedor;CL002;Filial MG;10020;Impresora;Electrónicos;329,9;674,1;1;;18/01/20 9:20;18/01/20 15:48
123456666;Reinaldo Salcedo;Vendedor;CL002;Filial MG;10019;Sofá;Casa;789,9;1399;4;;27/04/20 16:14;30/04/20 10:49
123456666;Reinaldo Salcedo;Vendedor;CL002;Filial MG;10010;Freidora eléctrica;Cocina;187,9;340;1;;23/11/19 17:09;24/11/19 16:41
123456666;Reinaldo Salcedo;Vendedor;CL002;Filial MG;10009;Plancha;Casa;27,9;55,9;1;;24/11/20 10:01;24/11/20 11:33
123456666;Reinaldo Salcedo;Vendedor;CL002;Filial MG;10001;Smartphone;Electrónicos;899,9;1676,9;1;;1/10/19 11:38;2/10/19 10:40
123456666;Reinaldo Salcedo;Vendedor;CL002;Filial MG;10009;Plancha;Casa;27,9;55,9;3;;24/10/19 10:17;24/10/19 16:36
123456666;Reinaldo Salcedo;Vendedor;CL002;Filial MG;10009;Plancha;Casa;27,9;55,9;2;;29/05/20 11:40;30/05/20 10:43
123456666;Reinaldo Salcedo;Vendedor;CL002;Filial MG;10013;Fogón;Electrodomésticos;210,9;404,1;4;;14/06/19 16:29;18/06/19 11:08
123456666;Reinaldo Salcedo;Vendedor;CL002;Filial MG;10002;Tablet;Electrónicos;799;1424,91;2;;4/02/19 13:35;5/02/19 9:33
123456666;Reinaldo Salcedo;Vendedor;CL002;Filial MG;10009;Plancha;Casa;27,9;55,9;4;;18/04/19 14:30;18/04/19 15:00
123456666;Reinaldo Salcedo;Vendedor;CL002;Filial MG;10007;Batidora;Cocina;49,9;95,9;4;;7/02/20 15:35;8/02/20 11:02
123456666;Reinaldo Salcedo;Vendedor;CL002;Filial MG;10020;Impresora;Electrónicos;329,9;674,1;3;;12/04/19 16:42;12/04/19 17:59
123456666;Reinaldo Salcedo;Vendedor;CL002;Filial MG;10011;Licuadora;Cocina;59,9;142,4;3;;5/09/20 17:10;6/09/20 14:50
123456666;Reinaldo Salcedo;Vendedor;CL002;Filial MG;10011;Licuadora;Cocina;59,9;142,4;1;;26/05/19 10:14;26/05/19 15:04
123456666;Reinaldo Salcedo;Vendedor;CL002;Filial MG;10007;Batidora;Cocina;49,9;95,9;3;;7/01/19 12:50;7/01/19 17:19
123456666;Reinaldo Salcedo;Vendedor;CL002;Filial MG;10007;Batidora;Cocina;49,9;95,9;2;;19/05/20 14:15;20/05/20 9:51
123456666;Reinaldo Salcedo;Vendedor;CL002;Filial MG;10009;Plancha;Casa;27,9;55,9;4;;2/06/20 12:12;2/06/20 13:07
123456666;Reinaldo Salcedo;Vendedor;CL002;Filial MG;10014;Heladera;Electrodomésticos;699,9;1346,9;1;;12/12/19 15:44;14/12/19 14:04
123456666;Reinaldo Salcedo;Vendedor;CL002;Filial MG;10010;Freidora eléctrica;Cocina;187,9;340;2;;3/01/20 17:20;4/01/20 9:44
123456666;Reinaldo Salcedo;Vendedor;CL002;Filial MG;10010;Freidora eléctrica;Cocina;187,9;340;4;;22/03/19 14:26;22/03/19 14:30
123456666;Reinaldo Salcedo;Vendedor;CL002;Filial MG;10011;Licuadora;Cocina;59,9;142,4;1;;3/05/19 10:01;3/05/19 14:46
123456666;Reinaldo Salcedo;Vendedor;CL002;Filial MG;10012;Procesador de alimentos;Cocina;110;189,9;4;;8/08/19 11:00;8/08/19 14:16
123456666;Reinaldo Salcedo;Vendedor;CL002;Filial MG;10016;Guarda Ropa;Casa;489,9;999;2;;3/02/20 16:56;5/02/20 14:19
123456666;Reinaldo Salcedo;Vendedor;CL002;Filial MG;10010;Freidora eléctrica;Cocina;187,9;340;4;;24/06/19 16:27;25/06/19 15:38
123456666;Reinaldo Salcedo;Vendedor;CL002;Filial MG;10005;Notebook;Electrónicos;2299,9;3199;4;;21/08/20 13:58;22/08/20 10:33
123456666;Reinaldo Salcedo;Vendedor;CL002;Filial MG;10011;Licuadora;Cocina;59,9;142,4;4;;25/06/19 13:45;25/06/19 17:06
123456666;Reinaldo Salcedo;Vendedor;CL002;Filial MG;10015;Microondas;Electrodomésticos;189;364,5;2;;19/01/19 13:37;20/01/19 11:39
123456666;Reinaldo Salcedo;Vendedor;CL002;Filial MG;10002;Tablet;Electrónicos;799;1424,91;3;;31/03/19 17:35;1/04/19 15:29
123456666;Reinaldo Salcedo;Vendedor;CL002;Filial MG;10012;Procesador de alimentos;Cocina;110;189,9;1;;6/07/19 11:06;7/07/19 10:19
123456666;Reinaldo Salcedo;Vendedor;CL002;Filial MG;10014;Heladera;Electrodomésticos;699,9;1346,9;4;;4/03/19 9:23;7/03/19 15:26
123456666;Reinaldo Salcedo;Vendedor;CL002;Filial MG;10017;Cama Box;Casa;1189,9;1899,5;1;;12/01/19 10:49;17/01/19 12:45
123456666;Reinaldo Salcedo;Vendedor;CL002;Filial MG;10018;Colchón;Casa;109,9;249,9;3;;23/07/20 14:05;24/07/20 9:58
123456666;Reinaldo Salcedo;Vendedor;CL002;Filial MG;10019;Sofá;Casa;789,9;1399;4;;2/07/20 11:31;4/07/20 10:36
123456666;Reinaldo Salcedo;Vendedor;CL002;Filial MG;10008;Cafetera;Cocina;159,9;284,9;4;;15/09/20 17:56;16/09/20 10:23
123456666;Reinaldo Salcedo;Vendedor;CL002;Filial MG;10019;Sofá;Casa;789,9;1399;1;;13/03/20 10:21;15/03/20 13:16
123456666;Reinaldo Salcedo;Vendedor;CL002;Filial MG;10013;Fogón;Electrodomésticos;210,9;404,1;1;;27/10/19 17:02;30/10/19 16:50
123456666;Reinaldo Salcedo;Vendedor;CL002;Filial MG;10017;Cama Box;Casa;1189,9;1899,5;1;;16/12/20 12:42;23/12/20 15:33
123456666;Reinaldo Salcedo;Vendedor;CL002;Filial MG;10019;Sofá;Casa;789,9;1399;1;;20/11/19 13:36;25/11/19 13:47
123456666;Reinaldo Salcedo;Vendedor;CL002;Filial MG;10014;Heladera;Electrodomésticos;699,9;1346,9;2;;10/09/20 10:02;12/09/20 11:38
123456666;Reinaldo Salcedo;Vendedor;CL002;Filial MG;10015;Microondas;Electrodomésticos;189;364,5;1;;1/07/20 15:55;1/07/20 17:58
123456666;Reinaldo Salcedo;Vendedor;CL002;Filial MG;10005;Notebook;Electrónicos;2299,9;3199;1;;25/09/20 17:35;25/09/20 17:41
123456666;Reinaldo Salcedo;Vendedor;CL002;Filial MG;10006;Aspiradora de piso;Casa;88,9;189,9;2;;12/09/19 14:27;12/09/19 15:19
123456666;Reinaldo Salcedo;Vendedor;CL002;Filial MG;10018;Colchón;Casa;109,9;249,9;3;;28/03/20 13:16;28/03/20 14:34
123456666;Reinaldo Salcedo;Vendedor;CL002;Filial MG;10014;Heladera;Electrodomésticos;699,9;1346,9;4;;21/11/19 11:24;26/11/19 13:59
123456666;Reinaldo Salcedo;Vendedor;CL002;Filial MG;10018;Colchón;Casa;109,9;249,9;2;;1/12/19 9:05;1/12/19 16:36
123456666;Reinaldo Salcedo;Vendedor;CL002;Filial MG;10020;Impresora;Electrónicos;329,9;674,1;2;;1/04/19 14:01;1/04/19 14:18
123456666;Reinaldo Salcedo;Vendedor;CL002;Filial MG;10002;Tablet;Electrónicos;799;1424,91;2;;1/05/19 11:38;2/05/19 10:40
123456666;Reinaldo Salcedo;Vendedor;CL002;Filial MG;10001;Smartphone;Electrónicos;899,9;1676,9;2;;9/08/20 10:12;9/08/20 11:24
123456666;Reinaldo Salcedo;Vendedor;CL002;Filial MG;10008;Cafetera;Cocina;159,9;284,9;4;;14/08/19 10:02;14/08/19 10:33
123456666;Reinaldo Salcedo;Vendedor;CL002;Filial MG;10007;Batidora;Cocina;49,9;95,9;1;;2/01/19 17:30;3/01/19 12:52
123456666;Reinaldo Salcedo;Vendedor;CL002;Filial MG;10020;Impresora;Electrónicos;329,9;674,1;1;;21/04/20 14:54;21/04/20 15:30
123456666;Reinaldo Salcedo;Vendedor;CL002;Filial MG;10004;Máquina de lavar ropa;Electrodomésticos;1099;1709,1;1;0,05;24/09/19 11:23;30/09/19 10:09
123456666;Reinaldo Salcedo;Vendedor;CL002;Filial MG;10006;Aspiradora de piso;Casa;88,9;189,9;2;;22/12/19 9:02;22/12/19 13:22
123456666;Reinaldo Salcedo;Vendedor;CL002;Filial MG;10012;Procesador de alimentos;Cocina;110;189,9;2;;10/06/19 15:56;11/06/19 15:53
123456666;Reinaldo Salcedo;Vendedor;CL002;Filial MG;10001;Smartphone;Electrónicos;899,9;1676,9;2;;21/01/20 10:56;22/01/20 10:54
123456666;Reinaldo Salcedo;Vendedor;CL002;Filial MG;10003;Televisor;Electrodomésticos;1400,9;2279,99;1;;31/12/19 9:16;5/01/20 17:12
123456666;Reinaldo Salcedo;Vendedor;CL002;Filial MG;10002;Tablet;Electrónicos;799;1424,91;4;;21/04/19 17:18;22/04/19 9:16
123456666;Reinaldo Salcedo;Vendedor;CL002;Filial MG;10002;Tablet;Electrónicos;799;1424,91;1;;13/11/19 14:23;14/11/19 9:27
123456666;Reinaldo Salcedo;Vendedor;CL002;Filial MG;10008;Cafetera;Cocina;159,9;284,9;2;;15/02/20 12:34;16/02/20 10:35
123456666;Reinaldo Salcedo;Vendedor;CL002;Filial MG;10012;Procesador de alimentos;Cocina;110;189,9;2;;13/07/19 13:28;13/07/19 16:38
123456666;Reinaldo Salcedo;Vendedor;CL002;Filial MG;10013;Fogón;Electrodomésticos;210,9;404,1;4;;22/06/19 11:10;26/06/19 10:21
123456666;Reinaldo Salcedo;Vendedor;CL002;Filial MG;10005;Notebook;Electrónicos;2299,9;3199;1;;1/12/20 10:22;1/12/20 17:21
123456666;Reinaldo Salcedo;Vendedor;CL002;Filial MG;10002;Tablet;Electrónicos;799;1424,91;3;;16/12/20 12:15;16/12/20 13:05
123456666;Reinaldo Salcedo;Vendedor;CL002;Filial MG;10013;Fogón;Electrodomésticos;210,9;404,1;2;;24/09/20 12:08;27/09/20 9:31
123456666;Reinaldo Salcedo;Vendedor;CL002;Filial MG;10012;Procesador de alimentos;Cocina;110;189,9;2;;23/03/20 13:39;24/03/20 10:48
123456666;Reinaldo Salcedo;Vendedor;CL002;Filial MG;10016;Guarda Ropa;Casa;489,9;999;2;;20/08/20 11:57;26/08/20 15:20
123456666;Reinaldo Salcedo;Vendedor;CL002;Filial MG;10012;Procesador de alimentos;Cocina;110;189,9;1;;11/10/19 10:23;11/10/19 14:55
123456666;Reinaldo Salcedo;Vendedor;CL002;Filial MG;10012;Procesador de alimentos;Cocina;110;189,9;2;;28/12/20 9:20;28/12/20 12:26
123456666;Reinaldo Salcedo;Vendedor;CL002;Filial MG;10012;Procesador de alimentos;Cocina;110;189,9;4;;1/07/19 10:53;2/07/19 10:40
123456666;Reinaldo Salcedo;Vendedor;CL002;Filial MG;10014;Heladera;Electrodomésticos;699,9;1346,9;4;;7/07/19 14:28;12/07/19 13:17
123456666;Reinaldo Salcedo;Vendedor;CL002;Filial MG;10020;Impresora;Electrónicos;329,9;674,1;1;;24/09/20 16:53;24/09/20 17:19
123456666;Reinaldo Salcedo;Vendedor;CL002;Filial MG;10010;Freidora eléctrica;Cocina;187,9;340;3;;27/08/19 16:10;28/08/19 13:35
123456666;Reinaldo Salcedo;Vendedor;CL002;Filial MG;10017;Cama Box;Casa;1189,9;1899,5;4;;29/06/20 16:28;3/07/20 16:25
123456666;Reinaldo Salcedo;Vendedor;CL002;Filial MG;10012;Procesador de alimentos;Cocina;110;189,9;1;;27/12/20 11:08;27/12/20 16:26
123456666;Reinaldo Salcedo;Vendedor;CL002;Filial MG;10017;Cama Box;Casa;1189,9;1899,5;1;;17/06/19 11:28;24/06/19 13:11
123456666;Reinaldo Salcedo;Vendedor;CL002;Filial MG;10020;Impresora;Electrónicos;329,9;674,1;4;;28/03/20 16:30;29/03/20 15:23
123456666;Reinaldo Salcedo;Vendedor;CL002;Filial MG;10017;Cama Box;Casa;1189,9;1899,5;1;;12/12/20 10:03;15/12/20 10:46
123456666;Reinaldo Salcedo;Vendedor;CL002;Filial MG;10017;Cama Box;Casa;1189,9;1899,5;4;;2/09/19 10:10;6/09/19 15:08
123456666;Reinaldo Salcedo;Vendedor;CL002;Filial MG;10003;Televisor;Electrodomésticos;1400,9;2279,99;2;;16/02/19 13:22;19/02/19 13:12
123456666;Reinaldo Salcedo;Vendedor;CL002;Filial MG;10013;Fogón;Electrodomésticos;210,9;404,1;3;;18/10/20 17:56;21/10/20 16:46
123456666;Reinaldo Salcedo;Vendedor;CL002;Filial MG;10016;Guarda Ropa;Casa;489,9;999;1;;14/02/20 13:06;20/02/20 17:37
123456666;Reinaldo Salcedo;Vendedor;CL002;Filial MG;10015;Microondas;Electrodomésticos;189;364,5;4;;14/11/19 17:44;15/11/19 17:38
123456666;Reinaldo Salcedo;Vendedor;CL002;Filial MG;10014;Heladera;Electrodomésticos;699,9;1346,9;1;;4/05/19 11:13;7/05/19 17:59
123456666;Reinaldo Salcedo;Vendedor;CL002;Filial MG;10009;Plancha;Casa;27,9;55,9;2;;28/02/19 14:24;1/03/19 11:07
123456666;Reinaldo Salcedo;Vendedor;CL002;Filial MG;10018;Colchón;Casa;109,9;249,9;2;;7/06/19 10:10;7/06/19 17:58
123456666;Reinaldo Salcedo;Vendedor;CL002;Filial MG;10006;Aspiradora de piso;Casa;88,9;189,9;3;;6/07/19 13:26;6/07/19 14:06
123456666;Reinaldo Salcedo;Vendedor;CL002;Filial MG;10006;Aspiradora de piso;Casa;88,9;189,9;3;;13/11/20 17:28;14/11/20 14:16
123456666;Reinaldo Salcedo;Vendedor;CL002;Filial MG;10003;Televisor;Electrodomésticos;1400,9;2279,99;1;;24/06/20 15:27;28/06/20 16:22
123456666;Reinaldo Salcedo;Vendedor;CL002;Filial MG;10004;Máquina de lavar ropa;Electrodomésticos;1099;1709,1;1;0,05;28/12/19 10:44;31/12/19 16:57
123456666;Reinaldo Salcedo;Vendedor;CL002;Filial MG;10014;Heladera;Electrodomésticos;699,9;1346,9;2;;26/02/20 14:24;5/03/20 16:44
123456666;Reinaldo Salcedo;Vendedor;CL002;Filial MG;10005;Notebook;Electrónicos;2299,9;3199;4;;20/03/20 15:20;20/03/20 15:47
123456666;Reinaldo Salcedo;Vendedor;CL002;Filial MG;10017;Cama Box;Casa;1189,9;1899,5;1;;22/01/20 12:59;24/01/20 10:46
123456666;Reinaldo Salcedo;Vendedor;CL002;Filial MG;10009;Plancha;Casa;27,9;55,9;2;;15/05/19 15:31;16/05/19 13:21
123456666;Reinaldo Salcedo;Vendedor;CL002;Filial MG;10014;Heladera;Electrodomésticos;699,9;1346,9;3;;12/04/20 14:30;15/04/20 17:19
123456666;Reinaldo Salcedo;Vendedor;CL002;Filial MG;10007;Batidora;Cocina;49,9;95,9;2;;10/05/20 15:14;11/05/20 12:17
123456666;Reinaldo Salcedo;Vendedor;CL002;Filial MG;10016;Guarda Ropa;Casa;489,9;999;3;;23/01/19 16:06;25/01/19 11:45
123456666;Reinaldo Salcedo;Vendedor;CL002;Filial MG;10009;Plancha;Casa;27,9;55,9;1;;22/01/19 14:37;23/01/19 9:06
123456999;Felipe Mariño;Vendedor;CL003;Filial SP;10015;Microondas;Electrodomésticos;189;364,5;1;;23/02/19 15:13;24/02/19 11:08
123456999;Felipe Mariño;Vendedor;CL003;Filial SP;10010;Freidora eléctrica;Cocina;187,9;340;4;;5/05/19 11:05;5/05/19 12:23
123456999;Felipe Mariño;Vendedor;CL003;Filial SP;10003;Televisor;Electrodomésticos;1400,9;2279,99;4;;3/04/19 12:30;7/04/19 15:33
123456999;Felipe Mariño;Vendedor;CL003;Filial SP;10006;Aspiradora de piso;Casa;88,9;189,9;1;;3/11/20 16:39;4/11/20 9:04
123456999;Felipe Mariño;Vendedor;CL003;Filial SP;10006;Aspiradora de piso;Casa;88,9;189,9;4;;28/02/20 9:59;28/02/20 10:18
123456999;Felipe Mariño;Vendedor;CL003;Filial SP;10013;Fogón;Electrodomésticos;210,9;404,1;4;;18/12/19 10:47;20/12/19 11:11
123456999;Felipe Mariño;Vendedor;CL003;Filial SP;10015;Microondas;Electrodomésticos;189;364,5;1;;11/07/20 12:48;11/07/20 17:18
123456999;Felipe Mariño;Vendedor;CL003;Filial SP;10015;Microondas;Electrodomésticos;189;364,5;1;;16/04/19 16:40;16/04/19 17:42
123456999;Felipe Mariño;Vendedor;CL003;Filial SP;10020;Impresora;Electrónicos;329,9;674,1;1;;24/11/19 15:45;25/11/19 12:07
123456999;Felipe Mariño;Vendedor;CL003;Filial SP;10003;Televisor;Electrodomésticos;1400,9;2279,99;4;;4/09/20 10:55;11/09/20 10:41
123456999;Felipe Mariño;Vendedor;CL003;Filial SP;10017;Cama Box;Casa;1189,9;1899,5;1;;9/11/20 17:19;11/11/20 9:14
123456999;Felipe Mariño;Vendedor;CL003;Filial SP;10015;Microondas;Electrodomésticos;189;364,5;1;;16/04/19 15:44;16/04/19 17:14
123456999;Felipe Mariño;Vendedor;CL003;Filial SP;10007;Batidora;Cocina;49,9;95,9;4;;15/11/19 9:28;15/11/19 12:27
123456999;Felipe Mariño;Vendedor;CL003;Filial SP;10016;Guarda Ropa;Casa;489,9;999;4;;25/02/19 9:32;4/03/19 12:17
123456999;Felipe Mariño;Vendedor;CL003;Filial SP;10015;Microondas;Electrodomésticos;189;364,5;1;;30/05/20 15:26;31/05/20 10:46
123456999;Felipe Mariño;Vendedor;CL003;Filial SP;10008;Cafetera;Cocina;159,9;284,9;4;;9/05/20 9:50;9/05/20 11:04
123456999;Felipe Mariño;Vendedor;CL003;Filial SP;10020;Impresora;Electrónicos;329,9;674,1;1;;25/06/19 15:56;26/06/19 12:05
123456999;Felipe Mariño;Vendedor;CL003;Filial SP;10014;Heladera;Electrodomésticos;699,9;1346,9;4;;14/12/20 10:49;20/12/20 10:42
123456999;Felipe Mariño;Vendedor;CL003;Filial SP;10008;Cafetera;Cocina;159,9;284,9;1;;21/06/19 16:39;21/06/19 17:40
123456999;Felipe Mariño;Vendedor;CL003;Filial SP;10004;Máquina de lavar ropa;Electrodomésticos;1099;1709,1;4;0,1;23/03/19 14:16;28/03/19 9:35
123456999;Felipe Mariño;Vendedor;CL003;Filial SP;10008;Cafetera;Cocina;159,9;284,9;4;;31/12/20 13:55;31/12/20 17:28
123456999;Felipe Mariño;Vendedor;CL003;Filial SP;10010;Freidora eléctrica;Cocina;187,9;340;4;;24/10/19 10:30;24/10/19 14:49
123456999;Felipe Mariño;Vendedor;CL003;Filial SP;10006;Aspiradora de piso;Casa;88,9;189,9;1;;14/02/20 10:14;14/02/20 10:42
123456999;Felipe Mariño;Vendedor;CL003;Filial SP;10019;Sofá;Casa;789,9;1399;1;;13/06/20 13:22;17/06/20 14:14
123456999;Felipe Mariño;Vendedor;CL003;Filial SP;10017;Cama Box;Casa;1189,9;1899,5;4;;27/05/19 14:41;30/05/19 9:26
123456999;Felipe Mariño;Vendedor;CL003;Filial SP;10008;Cafetera;Cocina;159,9;284,9;4;;14/05/19 16:13;15/05/19 9:39
123456999;Felipe Mariño;Vendedor;CL003;Filial SP;10002;Tablet;Electrónicos;799;1424,91;1;;29/08/20 12:04;29/08/20 15:43
123456999;Felipe Mariño;Vendedor;CL003;Filial SP;10016;Guarda Ropa;Casa;489,9;999;1;;3/10/20 17:05;9/10/20 17:11
123456999;Felipe Mariño;Vendedor;CL003;Filial SP;10014;Heladera;Electrodomésticos;699,9;1346,9;4;;31/08/19 17:30;7/09/19 17:01
123456999;Felipe Mariño;Vendedor;CL003;Filial SP;10019;Sofá;Casa;789,9;1399;4;;14/10/19 17:08;19/10/19 9:40
123456999;Felipe Mariño;Vendedor;CL003;Filial SP;10002;Tablet;Electrónicos;799;1424,91;4;;4/04/20 17:05;5/04/20 9:23
123456999;Felipe Mariño;Vendedor;CL003;Filial SP;10005;Notebook;Electrónicos;2299,9;3199;4;;1/05/19 9:56;2/05/19 9:52
123456999;Felipe Mariño;Vendedor;CL003;Filial SP;10015;Microondas;Electrodomésticos;189;364,5;1;;14/11/19 17:46;15/11/19 9:35
123456999;Felipe Mariño;Vendedor;CL003;Filial SP;10017;Cama Box;Casa;1189,9;1899,5;1;;26/08/20 12:36;29/08/20 10:43
123456999;Felipe Mariño;Vendedor;CL003;Filial SP;10010;Freidora eléctrica;Cocina;187,9;340;4;;6/12/20 12:33;6/12/20 14:40
123456999;Felipe Mariño;Vendedor;CL003;Filial SP;10011;Licuadora;Cocina;59,9;142,4;4;;10/06/19 9:19;10/06/19 12:01
123456999;Felipe Mariño;Vendedor;CL003;Filial SP;10004;Máquina de lavar ropa;Electrodomésticos;1099;1709,1;1;0,05;1/08/20 16:44;5/08/20 14:11
123456999;Felipe Mariño;Vendedor;CL003;Filial SP;10004;Máquina de lavar ropa;Electrodomésticos;1099;1709,1;4;0,1;27/12/20 17:36;29/12/20 17:34
123456999;Felipe Mariño;Vendedor;CL003;Filial SP;10017;Cama Box;Casa;1189,9;1899,5;1;;27/06/19 10:57;1/07/19 15:20
123456999;Felipe Mariño;Vendedor;CL003;Filial SP;10018;Colchón;Casa;109,9;249,9;4;;4/12/20 14:03;5/12/20 13:23
123456999;Felipe Mariño;Vendedor;CL003;Filial SP;10010;Freidora eléctrica;Cocina;187,9;340;1;;16/02/20 14:35;16/02/20 14:37
123456999;Felipe Mariño;Vendedor;CL003;Filial SP;10001;Smartphone;Electrónicos;899,9;1676,9;4;;5/04/20 12:15;5/04/20 17:29
123456999;Felipe Mariño;Vendedor;CL003;Filial SP;10020;Impresora;Electrónicos;329,9;674,1;4;;28/06/20 14:00;28/06/20 14:33
123456999;Felipe Mariño;Vendedor;CL003;Filial SP;10019;Sofá;Casa;789,9;1399;4;;1/05/19 13:10;6/05/19 10:56
123456999;Felipe Mariño;Vendedor;CL003;Filial SP;10020;Impresora;Electrónicos;329,9;674,1;4;;4/05/20 14:05;4/05/20 15:10
123456999;Felipe Mariño;Vendedor;CL003;Filial SP;10013;Fogón;Electrodomésticos;210,9;404,1;4;;14/12/20 9:40;16/12/20 10:13
123456999;Felipe Mariño;Vendedor;CL003;Filial SP;10004;Máquina de lavar ropa;Electrodomésticos;1099;1709,1;4;0,1;12/03/20 10:49;14/03/20 14:26
123456999;Felipe Mariño;Vendedor;CL003;Filial SP;10003;Televisor;Electrodomésticos;1400,9;2279,99;4;;24/01/19 15:41;26/01/19 17:23
123456999;Felipe Mariño;Vendedor;CL003;Filial SP;10007;Batidora;Cocina;49,9;95,9;1;;16/05/20 14:55;17/05/20 10:34
123456999;Felipe Mariño;Vendedor;CL003;Filial SP;10007;Batidora;Cocina;49,9;95,9;1;;31/08/19 17:42;1/09/19 12:18
123456999;Felipe Mariño;Vendedor;CL003;Filial SP;10019;Sofá;Casa;789,9;1399;4;;25/07/19 11:55;1/08/19 15:01
123456999;Felipe Mariño;Vendedor;CL003;Filial SP;10003;Televisor;Electrodomésticos;1400,9;2279,99;1;;25/12/20 9:51;30/12/20 12:00
123456999;Felipe Mariño;Vendedor;CL003;Filial SP;10017;Cama Box;Casa;1189,9;1899,5;4;;8/10/20 13:07;15/10/20 14:52
123456999;Felipe Mariño;Vendedor;CL003;Filial SP;10007;Batidora;Cocina;49,9;95,9;1;;27/10/20 10:31;27/10/20 12:57
123456999;Felipe Mariño;Vendedor;CL003;Filial SP;10014;Heladera;Electrodomésticos;699,9;1346,9;4;;17/03/19 9:39;22/03/19 9:03
123456999;Felipe Mariño;Vendedor;CL003;Filial SP;10009;Plancha;Casa;27,9;55,9;4;;2/01/19 13:55;2/01/19 14:58
123456999;Felipe Mariño;Vendedor;CL003;Filial SP;10011;Licuadora;Cocina;59,9;142,4;4;;13/03/19 9:02;13/03/19 12:48
123456999;Felipe Mariño;Vendedor;CL003;Filial SP;10006;Aspiradora de piso;Casa;88,9;189,9;1;;4/09/19 10:25;5/09/19 9:35
123456999;Felipe Mariño;Vendedor;CL003;Filial SP;10018;Colchón;Casa;109,9;249,9;1;;6/02/19 17:10;7/02/19 11:43
123456999;Felipe Mariño;Vendedor;CL003;Filial SP;10016;Guarda Ropa;Casa;489,9;999;1;;11/04/19 9:17;18/04/19 14:27
123456999;Felipe Mariño;Vendedor;CL003;Filial SP;10011;Licuadora;Cocina;59,9;142,4;1;;25/11/19 10:32;25/11/19 13:13
123456999;Felipe Mariño;Vendedor;CL003;Filial SP;10018;Colchón;Casa;109,9;249,9;1;;26/06/19 9:36;26/06/19 9:58
123456999;Felipe Mariño;Vendedor;CL003;Filial SP;10016;Guarda Ropa;Casa;489,9;999;4;;22/07/20 11:47;29/07/20 11:17
123456999;Felipe Mariño;Vendedor;CL003;Filial SP;10016;Guarda Ropa;Casa;489,9;999;1;;4/07/19 12:45;7/07/19 10:23
123456999;Felipe Mariño;Vendedor;CL003;Filial SP;10020;Impresora;Electrónicos;329,9;674,1;4;;9/07/19 10:14;9/07/19 11:53
123456999;Felipe Mariño;Vendedor;CL003;Filial SP;10017;Cama Box;Casa;1189,9;1899,5;4;;3/03/20 11:21;5/03/20 9:14
123456999;Felipe Mariño;Vendedor;CL003;Filial SP;10008;Cafetera;Cocina;159,9;284,9;4;;28/01/20 15:02;28/01/20 17:56
123456999;Felipe Mariño;Vendedor;CL003;Filial SP;10020;Impresora;Electrónicos;329,9;674,1;1;;24/06/20 15:26;25/06/20 12:52
123456999;Felipe Mariño;Vendedor;CL003;Filial SP;10001;Smartphone;Electrónicos;899,9;1676,9;1;;21/04/19 14:06;22/04/19 12:05
123456999;Felipe Mariño;Vendedor;CL003;Filial SP;10013;Fogón;Electrodomésticos;210,9;404,1;4;;26/09/19 11:35;28/09/19 11:00
123456999;Felipe Mariño;Vendedor;CL003;Filial SP;10019;Sofá;Casa;789,9;1399;1;;23/06/19 14:33;27/06/19 11:50
123456999;Felipe Mariño;Vendedor;CL003;Filial SP;10001;Smartphone;Electrónicos;899,9;1676,9;4;;3/11/20 16:14;3/11/20 17:31
123456999;Felipe Mariño;Vendedor;CL003;Filial SP;10020;Impresora;Electrónicos;329,9;674,1;1;;2/09/19 13:22;3/09/19 10:25
123456999;Felipe Mariño;Vendedor;CL003;Filial SP;10011;Licuadora;Cocina;59,9;142,4;1;;6/04/19 9:52;6/04/19 17:17
123456999;Felipe Mariño;Vendedor;CL003;Filial SP;10003;Televisor;Electrodomésticos;1400,9;2279,99;1;;15/08/20 16:55;20/08/20 17:28
123456999;Felipe Mariño;Vendedor;CL003;Filial SP;10013;Fogón;Electrodomésticos;210,9;404,1;1;;20/01/19 13:11;22/01/19 9:10
123456999;Felipe Mariño;Vendedor;CL003;Filial SP;10004;Máquina de lavar ropa;Electrodomésticos;1099;1709,1;4;0,1;15/10/20 17:45;20/10/20 14:08
123456999;Felipe Mariño;Vendedor;CL003;Filial SP;10016;Guarda Ropa;Casa;489,9;999;4;;9/01/20 11:09;11/01/20 9:49
123456999;Felipe Mariño;Vendedor;CL003;Filial SP;10003;Televisor;Electrodomésticos;1400,9;2279,99;1;;2/06/19 17:58;8/06/19 15:14
123456999;Felipe Mariño;Vendedor;CL003;Filial SP;10003;Televisor;Electrodomésticos;1400,9;2279,99;1;;11/02/20 9:27;16/02/20 17:49
123456999;Felipe Mariño;Vendedor;CL003;Filial SP;10018;Colchón;Casa;109,9;249,9;4;;17/03/19 15:39;18/03/19 11:19
123456999;Felipe Mariño;Vendedor;CL003;Filial SP;10011;Licuadora;Cocina;59,9;142,4;4;;12/03/20 16:41;13/03/20 13:51
123456999;Felipe Mariño;Vendedor;CL003;Filial SP;10007;Batidora;Cocina;49,9;95,9;4;;5/03/19 15:46;6/03/19 13:00
123456999;Felipe Mariño;Vendedor;CL003;Filial SP;10012;Procesador de alimentos;Cocina;110;189,9;1;;2/02/19 17:44;3/02/19 11:08
123456999;Felipe Mariño;Vendedor;CL003;Filial SP;10004;Máquina de lavar ropa;Electrodomésticos;1099;1709,1;4;0,1;3/08/20 10:58;9/08/20 14:57
123456999;Felipe Mariño;Vendedor;CL003;Filial SP;10019;Sofá;Casa;789,9;1399;1;;21/10/20 16:31;23/10/20 14:40
123456999;Felipe Mariño;Vendedor;CL003;Filial SP;10013;Fogón;Electrodomésticos;210,9;404,1;1;;13/04/20 9:58;18/04/20 10:20
123456999;Felipe Mariño;Vendedor;CL003;Filial SP;10015;Microondas;Electrodomésticos;189;364,5;1;;3/02/19 17:20;4/02/19 11:57
123456999;Felipe Mariño;Vendedor;CL003;Filial SP;10012;Procesador de alimentos;Cocina;110;189,9;4;;25/01/19 16:49;26/01/19 11:49
123456999;Felipe Mariño;Vendedor;CL003;Filial SP;10019;Sofá;Casa;789,9;1399;4;;25/06/19 11:09;30/06/19 17:05
123456999;Felipe Mariño;Vendedor;CL003;Filial SP;10016;Guarda Ropa;Casa;489,9;999;4;;24/11/20 14:16;28/11/20 14:30
123456999;Felipe Mariño;Vendedor;CL003;Filial SP;10013;Fogón;Electrodomésticos;210,9;404,1;1;;9/12/20 13:07;12/12/20 14:30
123456999;Felipe Mariño;Vendedor;CL003;Filial SP;10007;Batidora;Cocina;49,9;95,9;4;;22/11/20 15:03;22/11/20 15:23
123456999;Felipe Mariño;Vendedor;CL003;Filial SP;10012;Procesador de alimentos;Cocina;110;189,9;1;;31/01/19 11:31;31/01/19 16:35
123456999;Felipe Mariño;Vendedor;CL003;Filial SP;10002;Tablet;Electrónicos;799;1424,91;1;;6/12/20 11:07;6/12/20 16:17
123456999;Felipe Mariño;Vendedor;CL003;Filial SP;10010;Freidora eléctrica;Cocina;187,9;340;1;;24/04/20 12:06;25/04/20 11:16
123456999;Felipe Mariño;Vendedor;CL003;Filial SP;10002;Tablet;Electrónicos;799;1424,91;4;;21/01/20 11:17;21/01/20 13:41
123456999;Felipe Mariño;Vendedor;CL003;Filial SP;10006;Aspiradora de piso;Casa;88,9;189,9;1;;3/04/19 13:29;4/04/19 13:25
123456999;Felipe Mariño;Vendedor;CL003;Filial SP;10018;Colchón;Casa;109,9;249,9;4;;4/01/20 17:10;5/01/20 13:42
123456999;Felipe Mariño;Vendedor;CL003;Filial SP;10005;Notebook;Electrónicos;2299,9;3199;1;;27/04/19 15:34;28/04/19 14:33
123456999;Felipe Mariño;Vendedor;CL003;Filial SP;10017;Cama Box;Casa;1189,9;1899,5;1;;8/09/20 15:36;14/09/20 12:32
123456999;Felipe Mariño;Vendedor;CL003;Filial SP;10011;Licuadora;Cocina;59,9;142,4;1;;6/10/19 10:05;6/10/19 14:58
123456999;Felipe Mariño;Vendedor;CL003;Filial SP;10010;Freidora eléctrica;Cocina;187,9;340;1;;31/12/19 17:22;1/01/20 17:07
123456999;Felipe Mariño;Vendedor;CL003;Filial SP;10017;Cama Box;Casa;1189,9;1899,5;4;;22/03/19 15:14;24/03/19 16:39
123456999;Felipe Mariño;Vendedor;CL003;Filial SP;10007;Batidora;Cocina;49,9;95,9;1;;30/12/19 15:57;31/12/19 11:20
123456999;Felipe Mariño;Vendedor;CL003;Filial SP;10014;Heladera;Electrodomésticos;699,9;1346,9;1;;28/11/20 17:02;3/12/20 12:33
123456999;Felipe Mariño;Vendedor;CL003;Filial SP;10016;Guarda Ropa;Casa;489,9;999;1;;20/02/19 13:05;26/02/19 10:45
123456999;Felipe Mariño;Vendedor;CL003;Filial SP;10004;Máquina de lavar ropa;Electrodomésticos;1099;1709,1;4;0,1;21/06/19 15:45;25/06/19 9:34
123456999;Felipe Mariño;Vendedor;CL003;Filial SP;10019;Sofá;Casa;789,9;1399;1;;13/09/19 15:55;16/09/19 17:59
123456999;Felipe Mariño;Vendedor;CL003;Filial SP;10008;Cafetera;Cocina;159,9;284,9;1;;5/09/20 12:04;5/09/20 13:46
123456999;Felipe Mariño;Vendedor;CL003;Filial SP;10012;Procesador de alimentos;Cocina;110;189,9;4;;6/04/20 13:00;6/04/20 13:59
123456999;Felipe Mariño;Vendedor;CL003;Filial SP;10019;Sofá;Casa;789,9;1399;1;;14/04/19 11:08;18/04/19 14:22
123456999;Felipe Mariño;Vendedor;CL003;Filial SP;10015;Microondas;Electrodomésticos;189;364,5;1;;10/04/20 10:51;10/04/20 12:18
123456999;Felipe Mariño;Vendedor;CL003;Filial SP;10018;Colchón;Casa;109,9;249,9;4;;29/04/19 12:49;29/04/19 17:42
123456999;Felipe Mariño;Vendedor;CL003;Filial SP;10010;Freidora eléctrica;Cocina;187,9;340;4;;11/07/19 13:37;11/07/19 14:06
123456999;Felipe Mariño;Vendedor;CL003;Filial SP;10009;Plancha;Casa;27,9;55,9;1;;14/06/20 17:57;15/06/20 17:17
123456999;Felipe Mariño;Vendedor;CL003;Filial SP;10010;Freidora eléctrica;Cocina;187,9;340;4;;11/12/20 9:23;11/12/20 10:33
123456999;Felipe Mariño;Vendedor;CL003;Filial SP;10014;Heladera;Electrodomésticos;699,9;1346,9;4;;9/02/19 14:32;16/02/19 13:58
123456999;Felipe Mariño;Vendedor;CL003;Filial SP;10007;Batidora;Cocina;49,9;95,9;2;;31/05/19 11:08;31/05/19 14:07
123456999;Felipe Mariño;Vendedor;CL003;Filial SP;10014;Heladera;Electrodomésticos;699,9;1346,9;2;;27/09/20 14:10;29/09/20 17:57
123456999;Felipe Mariño;Vendedor;CL003;Filial SP;10020;Impresora;Electrónicos;329,9;674,1;2;;4/03/19 10:03;4/03/19 17:16
123456999;Felipe Mariño;Vendedor;CL003;Filial SP;10013;Fogón;Electrodomésticos;210,9;404,1;2;;20/11/20 14:22;22/11/20 11:40
123456999;Felipe Mariño;Vendedor;CL003;Filial SP;10004;Máquina de lavar ropa;Electrodomésticos;1099;1709,1;2;0,07;12/09/19 13:09;15/09/19 10:38
123456999;Felipe Mariño;Vendedor;CL003;Filial SP;10006;Aspiradora de piso;Casa;88,9;189,9;2;;27/08/20 10:33;27/08/20 17:13
123456999;Felipe Mariño;Vendedor;CL003;Filial SP;10003;Televisor;Electrodomésticos;1400,9;2279,99;2;;20/05/20 9:35;23/05/20 17:44
123456999;Felipe Mariño;Vendedor;CL003;Filial SP;10001;Smartphone;Electrónicos;899,9;1676,9;2;;5/07/19 16:00;6/07/19 14:57
123456999;Felipe Mariño;Vendedor;CL003;Filial SP;10004;Máquina de lavar ropa;Electrodomésticos;1099;1709,1;2;0,07;16/03/20 14:44;20/03/20 11:47
123456999;Felipe Mariño;Vendedor;CL003;Filial SP;10012;Procesador de alimentos;Cocina;110;189,9;2;;20/03/20 9:44;20/03/20 13:56
123456999;Felipe Mariño;Vendedor;CL003;Filial SP;10002;Tablet;Electrónicos;799;1424,91;2;;4/11/20 12:01;5/11/20 11:11
123456999;Felipe Mariño;Vendedor;CL003;Filial SP;10013;Fogón;Electrodomésticos;210,9;404,1;2;;4/04/19 16:39;6/04/19 13:50
123456999;Felipe Mariño;Vendedor;CL003;Filial SP;10006;Aspiradora de piso;Casa;88,9;189,9;2;;5/02/19 10:43;5/02/19 15:34
123456999;Felipe Mariño;Vendedor;CL003;Filial SP;10016;Guarda Ropa;Casa;489,9;999;2;;2/10/20 13:56;5/10/20 16:33
123456999;Felipe Mariño;Vendedor;CL003;Filial SP;10012;Procesador de alimentos;Cocina;110;189,9;2;;27/09/19 10:07;27/09/19 11:10
123456999;Felipe Mariño;Vendedor;CL003;Filial SP;10008;Cafetera;Cocina;159,9;284,9;2;;20/07/19 13:32;21/07/19 9:09
123456999;Felipe Mariño;Vendedor;CL003;Filial SP;10006;Aspiradora de piso;Casa;88,9;189,9;2;;13/02/19 11:35;13/02/19 16:31
123456999;Felipe Mariño;Vendedor;CL003;Filial SP;10005;Notebook;Electrónicos;2299,9;3199;2;;5/11/19 17:00;6/11/19 13:07
123456999;Felipe Mariño;Vendedor;CL003;Filial SP;10008;Cafetera;Cocina;159,9;284,9;2;;19/11/19 17:50;20/11/19 16:35
123456999;Felipe Mariño;Vendedor;CL003;Filial SP;10007;Batidora;Cocina;49,9;95,9;2;;4/03/19 10:04;4/03/19 13:02
123456999;Felipe Mariño;Vendedor;CL003;Filial SP;10015;Microondas;Electrodomésticos;189;364,5;2;;31/08/20 12:54;1/09/20 9:20
123456999;Felipe Mariño;Vendedor;CL003;Filial SP;10011;Licuadora;Cocina;59,9;142,4;2;;10/02/19 13:00;11/02/19 11:53
123456999;Felipe Mariño;Vendedor;CL003;Filial SP;10018;Colchón;Casa;109,9;249,9;2;;21/10/19 14:35;22/10/19 10:36
123456999;Felipe Mariño;Vendedor;CL003;Filial SP;10004;Máquina de lavar ropa;Electrodomésticos;1099;1709,1;2;0,07;25/12/20 16:30;31/12/20 12:38
123456999;Felipe Mariño;Vendedor;CL003;Filial SP;10003;Televisor;Electrodomésticos;1400,9;2279,99;2;;3/09/20 12:14;5/09/20 13:05
123456999;Felipe Mariño;Vendedor;CL003;Filial SP;10010;Freidora eléctrica;Cocina;187,9;340;2;;15/11/19 10:45;15/11/19 11:17
123456999;Felipe Mariño;Vendedor;CL003;Filial SP;10018;Colchón;Casa;109,9;249,9;2;;5/06/20 14:07;6/06/20 11:08
123456999;Felipe Mariño;Vendedor;CL003;Filial SP;10016;Guarda Ropa;Casa;489,9;999;2;;31/05/19 16:16;4/06/19 15:46
123456999;Felipe Mariño;Vendedor;CL003;Filial SP;10001;Smartphone;Electrónicos;899,9;1676,9;2;;10/06/19 9:35;10/06/19 10:50
123456999;Felipe Mariño;Vendedor;CL003;Filial SP;10011;Licuadora;Cocina;59,9;142,4;2;;2/12/20 17:46;3/12/20 11:16
123456999;Felipe Mariño;Vendedor;CL003;Filial SP;10008;Cafetera;Cocina;159,9;284,9;2;;21/11/20 13:33;22/11/20 9:59
123456999;Felipe Mariño;Vendedor;CL003;Filial SP;10003;Televisor;Electrodomésticos;1400,9;2279,99;2;;26/09/19 14:32;29/09/19 12:19
123456999;Felipe Mariño;Vendedor;CL003;Filial SP;10009;Plancha;Casa;27,9;55,9;2;;4/11/20 17:01;5/11/20 11:49
123456999;Felipe Mariño;Vendedor;CL003;Filial SP;10020;Impresora;Electrónicos;329,9;674,1;2;;21/10/19 12:53;21/10/19 14:21
123456999;Felipe Mariño;Vendedor;CL003;Filial SP;10008;Cafetera;Cocina;159,9;284,9;2;;11/05/19 9:39;11/05/19 17:35
123456999;Felipe Mariño;Vendedor;CL003;Filial SP;10018;Colchón;Casa;109,9;249,9;2;;7/03/19 17:55;8/03/19 11:52
123456999;Felipe Mariño;Vendedor;CL003;Filial SP;10001;Smartphone;Electrónicos;899,9;1676,9;2;;26/03/20 9:49;26/03/20 10:41
123456999;Felipe Mariño;Vendedor;CL003;Filial SP;10013;Fogón;Electrodomésticos;210,9;404,1;2;;23/03/19 16:42;30/03/19 12:42
123456999;Felipe Mariño;Vendedor;CL003;Filial SP;10020;Impresora;Electrónicos;329,9;674,1;2;;24/10/19 9:40;24/10/19 12:56
123456999;Felipe Mariño;Vendedor;CL003;Filial SP;10003;Televisor;Electrodomésticos;1400,9;2279,99;2;;16/09/19 17:17;20/09/19 13:23
123456999;Felipe Mariño;Vendedor;CL003;Filial SP;10010;Freidora eléctrica;Cocina;187,9;340;2;;29/03/19 10:37;29/03/19 11:06
123456999;Felipe Mariño;Vendedor;CL003;Filial SP;10007;Batidora;Cocina;49,9;95,9;2;;11/05/19 9:52;11/05/19 15:21
123456999;Felipe Mariño;Vendedor;CL003;Filial SP;10014;Heladera;Electrodomésticos;699,9;1346,9;2;;17/03/20 14:23;23/03/20 14:37
123456999;Felipe Mariño;Vendedor;CL003;Filial SP;10003;Televisor;Electrodomésticos;1400,9;2279,99;2;;14/07/19 14:39;18/07/19 15:37
123456999;Felipe Mariño;Vendedor;CL003;Filial SP;10003;Televisor;Electrodomésticos;1400,9;2279,99;2;;16/04/19 17:44;22/04/19 12:04
123456999;Felipe Mariño;Vendedor;CL003;Filial SP;10014;Heladera;Electrodomésticos;699,9;1346,9;2;;5/12/19 17:38;11/12/19 10:47
123456999;Felipe Mariño;Vendedor;CL003;Filial SP;10019;Sofá;Casa;789,9;1399;2;;26/05/19 16:34;28/05/19 13:35
123456999;Felipe Mariño;Vendedor;CL003;Filial SP;10011;Licuadora;Cocina;59,9;142,4;2;;10/06/20 15:34;11/06/20 13:59
123456999;Felipe Mariño;Vendedor;CL003;Filial SP;10013;Fogón;Electrodomésticos;210,9;404,1;2;;21/03/19 15:58;28/03/19 9:44
123456999;Felipe Mariño;Vendedor;CL003;Filial SP;10004;Máquina de lavar ropa;Electrodomésticos;1099;1709,1;2;0,07;16/09/19 14:46;20/09/19 9:22
123456999;Felipe Mariño;Vendedor;CL003;Filial SP;10005;Notebook;Electrónicos;2299,9;3199;2;;25/11/19 16:28;26/11/19 13:42
123456999;Felipe Mariño;Vendedor;CL003;Filial SP;10018;Colchón;Casa;109,9;249,9;2;;28/09/19 12:02;28/09/19 14:06
123456999;Felipe Mariño;Vendedor;CL003;Filial SP;10010;Freidora eléctrica;Cocina;187,9;340;2;;1/11/19 11:05;1/11/19 13:45
123456999;Felipe Mariño;Vendedor;CL003;Filial SP;10018;Colchón;Casa;109,9;249,9;2;;1/11/20 11:48;1/11/20 12:31
123456999;Felipe Mariño;Vendedor;CL003;Filial SP;10018;Colchón;Casa;109,9;249,9;2;;23/06/20 10:47;23/06/20 15:56
123456999;Felipe Mariño;Vendedor;CL003;Filial SP;10010;Freidora eléctrica;Cocina;187,9;340;2;;1/04/20 16:50;2/04/20 15:20
123456999;Felipe Mariño;Vendedor;CL003;Filial SP;10010;Freidora eléctrica;Cocina;187,9;340;2;;27/01/20 17:32;28/01/20 16:20
123456999;Felipe Mariño;Vendedor;CL003;Filial SP;10003;Televisor;Electrodomésticos;1400,9;2279,99;2;;13/07/20 15:57;17/07/20 15:48
123456999;Felipe Mariño;Vendedor;CL003;Filial SP;10003;Televisor;Electrodomésticos;1400,9;2279,99;2;;22/12/19 13:18;26/12/19 16:18
123456999;Felipe Mariño;Vendedor;CL003;Filial SP;10003;Televisor;Electrodomésticos;1400,9;2279,99;2;;16/02/20 16:12;19/02/20 11:21
123456999;Felipe Mariño;Vendedor;CL003;Filial SP;10012;Procesador de alimentos;Cocina;110;189,9;2;;2/07/20 12:27;2/07/20 16:27
123456999;Felipe Mariño;Vendedor;CL003;Filial SP;10004;Máquina de lavar ropa;Electrodomésticos;1099;1709,1;2;0,07;31/05/19 14:14;3/06/19 10:17
123456999;Felipe Mariño;Vendedor;CL003;Filial SP;10013;Fogón;Electrodomésticos;210,9;404,1;2;;5/12/19 14:57;12/12/19 13:12
123456999;Felipe Mariño;Vendedor;CL003;Filial SP;10009;Plancha;Casa;27,9;55,9;2;;21/06/19 10:21;21/06/19 10:31
123456999;Felipe Mariño;Vendedor;CL003;Filial SP;10016;Guarda Ropa;Casa;489,9;999;2;;25/03/19 13:01;31/03/19 13:46
123456999;Felipe Mariño;Vendedor;CL003;Filial SP;10002;Tablet;Electrónicos;799;1424,91;2;;10/12/20 11:41;10/12/20 15:53
123456999;Felipe Mariño;Vendedor;CL003;Filial SP;10006;Aspiradora de piso;Casa;88,9;189,9;2;;15/01/19 12:15;15/01/19 16:14
123456999;Felipe Mariño;Vendedor;CL003;Filial SP;10005;Notebook;Electrónicos;2299,9;3199;2;;14/12/19 13:44;15/12/19 9:06
123456999;Felipe Mariño;Vendedor;CL003;Filial SP;10005;Notebook;Electrónicos;2299,9;3199;2;;31/05/20 17:46;1/06/20 15:56
123456999;Felipe Mariño;Vendedor;CL003;Filial SP;10011;Licuadora;Cocina;59,9;142,4;3;;4/02/19 13:45;4/02/19 16:26
123456999;Felipe Mariño;Vendedor;CL003;Filial SP;10014;Heladera;Electrodomésticos;699,9;1346,9;3;;4/07/19 9:50;10/07/19 14:18
123456999;Felipe Mariño;Vendedor;CL003;Filial SP;10004;Máquina de lavar ropa;Electrodomésticos;1099;1709,1;3;0,09;10/08/19 16:08;13/08/19 14:12
123456999;Felipe Mariño;Vendedor;CL003;Filial SP;10001;Smartphone;Electrónicos;899,9;1676,9;3;;21/02/20 14:19;22/02/20 10:54
123456999;Felipe Mariño;Vendedor;CL003;Filial SP;10015;Microondas;Electrodomésticos;189;364,5;3;;30/03/19 11:14;31/03/19 10:21
123456999;Felipe Mariño;Vendedor;CL003;Filial SP;10013;Fogón;Electrodomésticos;210,9;404,1;3;;4/03/20 9:11;8/03/20 11:48
123456999;Felipe Mariño;Vendedor;CL003;Filial SP;10019;Sofá;Casa;789,9;1399;3;;18/12/20 10:37;24/12/20 14:54
123456999;Felipe Mariño;Vendedor;CL003;Filial SP;10018;Colchón;Casa;109,9;249,9;3;;29/05/19 9:49;29/05/19 15:00
123456999;Felipe Mariño;Vendedor;CL003;Filial SP;10010;Freidora eléctrica;Cocina;187,9;340;3;;5/02/20 13:13;6/02/20 9:03
123456999;Felipe Mariño;Vendedor;CL003;Filial SP;10011;Licuadora;Cocina;59,9;142,4;3;;13/08/20 9:15;13/08/20 15:05
123456999;Felipe Mariño;Vendedor;CL003;Filial SP;10015;Microondas;Electrodomésticos;189;364,5;3;;28/10/20 13:41;29/10/20 9:30
123456999;Felipe Mariño;Vendedor;CL003;Filial SP;10013;Fogón;Electrodomésticos;210,9;404,1;3;;10/11/20 15:19;14/11/20 14:02
123456999;Felipe Mariño;Vendedor;CL003;Filial SP;10008;Cafetera;Cocina;159,9;284,9;3;;27/09/20 10:59;27/09/20 15:26
123456999;Felipe Mariño;Vendedor;CL003;Filial SP;10015;Microondas;Electrodomésticos;189;364,5;3;;27/03/19 14:04;28/03/19 11:33
123456999;Felipe Mariño;Vendedor;CL003;Filial SP;10006;Aspiradora de piso;Casa;88,9;189,9;3;;9/02/20 10:36;10/02/20 10:27
123456999;Felipe Mariño;Vendedor;CL003;Filial SP;10016;Guarda Ropa;Casa;489,9;999;3;;9/09/19 11:08;16/09/19 11:31
123456999;Felipe Mariño;Vendedor;CL003;Filial SP;10007;Batidora;Cocina;49,9;95,9;3;;16/07/19 16:57;17/07/19 14:55
123456999;Felipe Mariño;Vendedor;CL003;Filial SP;10003;Televisor;Electrodomésticos;1400,9;2279,99;3;;5/03/19 14:10;8/03/19 16:39
123456999;Felipe Mariño;Vendedor;CL003;Filial SP;10014;Heladera;Electrodomésticos;699,9;1346,9;3;;13/06/19 14:27;16/06/19 16:38
123456999;Felipe Mariño;Vendedor;CL003;Filial SP;10005;Notebook;Electrónicos;2299,9;3199;3;;21/01/19 17:42;22/01/19 13:50
123456999;Felipe Mariño;Vendedor;CL003;Filial SP;10008;Cafetera;Cocina;159,9;284,9;3;;21/08/20 11:43;22/08/20 10:35
123456999;Felipe Mariño;Vendedor;CL003;Filial SP;10012;Procesador de alimentos;Cocina;110;189,9;3;;5/08/20 16:16;6/08/20 10:34
123456999;Felipe Mariño;Vendedor;CL003;Filial SP;10019;Sofá;Casa;789,9;1399;3;;12/03/19 16:50;14/03/19 12:58
123456999;Felipe Mariño;Vendedor;CL003;Filial SP;10020;Impresora;Electrónicos;329,9;674,1;3;;19/05/19 15:04;20/05/19 11:26
123456999;Felipe Mariño;Vendedor;CL003;Filial SP;10003;Televisor;Electrodomésticos;1400,9;2279,99;3;;6/05/19 10:09;11/05/19 14:41
123456999;Felipe Mariño;Vendedor;CL003;Filial SP;10013;Fogón;Electrodomésticos;210,9;404,1;3;;25/08/20 10:04;31/08/20 16:39
123456999;Felipe Mariño;Vendedor;CL003;Filial SP;10008;Cafetera;Cocina;159,9;284,9;3;;30/11/20 9:22;30/11/20 12:42
123456999;Felipe Mariño;Vendedor;CL003;Filial SP;10001;Smartphone;Electrónicos;899,9;1676,9;3;;18/07/20 11:57;18/07/20 15:21
123456999;Felipe Mariño;Vendedor;CL003;Filial SP;10016;Guarda Ropa;Casa;489,9;999;3;;30/08/20 10:34;2/09/20 9:04
123456999;Felipe Mariño;Vendedor;CL003;Filial SP;10011;Licuadora;Cocina;59,9;142,4;3;;13/12/19 17:31;14/12/19 16:45
123456999;Felipe Mariño;Vendedor;CL003;Filial SP;10011;Licuadora;Cocina;59,9;142,4;3;;27/07/19 15:38;28/07/19 10:28
123456999;Felipe Mariño;Vendedor;CL003;Filial SP;10006;Aspiradora de piso;Casa;88,9;189,9;3;;3/11/20 9:24;3/11/20 9:49
123456999;Felipe Mariño;Vendedor;CL003;Filial SP;10015;Microondas;Electrodomésticos;189;364,5;3;;11/03/20 12:52;12/03/20 10:43
123456999;Felipe Mariño;Vendedor;CL003;Filial SP;10018;Colchón;Casa;109,9;249,9;3;;28/07/19 9:12;28/07/19 11:40
123456999;Felipe Mariño;Vendedor;CL003;Filial SP;10018;Colchón;Casa;109,9;249,9;3;;8/09/20 17:12;9/09/20 10:18
123456999;Felipe Mariño;Vendedor;CL003;Filial SP;10010;Freidora eléctrica;Cocina;187,9;340;3;;21/09/19 15:58;22/09/19 13:34
123456999;Felipe Mariño;Vendedor;CL003;Filial SP;10015;Microondas;Electrodomésticos;189;364,5;3;;2/01/20 14:33;3/01/20 10:20
123456999;Felipe Mariño;Vendedor;CL003;Filial SP;10014;Heladera;Electrodomésticos;699,9;1346,9;3;;7/01/19 16:57;14/01/19 12:28
123456999;Felipe Mariño;Vendedor;CL003;Filial SP;10014;Heladera;Electrodomésticos;699,9;1346,9;3;;30/09/19 10:41;3/10/19 17:10
123456999;Felipe Mariño;Vendedor;CL003;Filial SP;10010;Freidora eléctrica;Cocina;187,9;340;3;;21/05/19 15:24;22/05/19 13:50
123456999;Felipe Mariño;Vendedor;CL003;Filial SP;10001;Smartphone;Electrónicos;899,9;1676,9;3;;9/02/19 11:15;9/02/19 16:19
123456999;Felipe Mariño;Vendedor;CL003;Filial SP;10014;Heladera;Electrodomésticos;699,9;1346,9;3;;29/07/19 14:12;3/08/19 15:23
123456999;Felipe Mariño;Vendedor;CL003;Filial SP;10017;Cama Box;Casa;1189,9;1899,5;3;;17/02/19 14:03;19/02/19 10:29
123456999;Felipe Mariño;Vendedor;CL003;Filial SP;10009;Plancha;Casa;27,9;55,9;3;;24/11/19 16:00;25/11/19 15:33
123456999;Felipe Mariño;Vendedor;CL003;Filial SP;10006;Aspiradora de piso;Casa;88,9;189,9;3;;27/01/20 11:53;28/01/20 9:10
123456999;Felipe Mariño;Vendedor;CL003;Filial SP;10009;Plancha;Casa;27,9;55,9;3;;20/07/19 16:04;21/07/19 11:57
123456999;Felipe Mariño;Vendedor;CL003;Filial SP;10018;Colchón;Casa;109,9;249,9;3;;2/10/19 13:11;2/10/19 15:15
123456999;Felipe Mariño;Vendedor;CL003;Filial SP;10002;Tablet;Electrónicos;799;1424,91;3;;30/10/19 12:01;31/10/19 9:21
123456999;Felipe Mariño;Vendedor;CL003;Filial SP;10020;Impresora;Electrónicos;329,9;674,1;3;;5/11/19 13:49;5/11/19 17:23
123456999;Felipe Mariño;Vendedor;CL003;Filial SP;10006;Aspiradora de piso;Casa;88,9;189,9;3;;27/08/20 15:56;28/08/20 12:34
123456999;Felipe Mariño;Vendedor;CL003;Filial SP;10018;Colchón;Casa;109,9;249,9;3;;7/04/20 13:32;7/04/20 14:37
123456999;Felipe Mariño;Vendedor;CL003;Filial SP;10020;Impresora;Electrónicos;329,9;674,1;3;;2/09/19 17:03;3/09/19 14:38
123456999;Felipe Mariño;Vendedor;CL003;Filial SP;10006;Aspiradora de piso;Casa;88,9;189,9;3;;14/10/20 17:41;15/10/20 10:08
123456999;Felipe Mariño;Vendedor;CL003;Filial SP;10007;Batidora;Cocina;49,9;95,9;3;;3/09/20 15:30;4/09/20 10:50
123456999;Felipe Mariño;Vendedor;CL003;Filial SP;10011;Licuadora;Cocina;59,9;142,4;3;;24/06/19 15:57;24/06/19 16:19
123456999;Felipe Mariño;Vendedor;CL003;Filial SP;10016;Guarda Ropa;Casa;489,9;999;3;;23/04/19 14:08;27/04/19 14:47
123456999;Felipe Mariño;Vendedor;CL003;Filial SP;10017;Cama Box;Casa;1189,9;1899,5;3;;1/02/19 13:21;4/02/19 17:02
123456999;Felipe Mariño;Vendedor;CL003;Filial SP;10014;Heladera;Electrodomésticos;699,9;1346,9;3;;30/08/20 9:06;2/09/20 15:04
123456999;Felipe Mariño;Vendedor;CL003;Filial SP;10002;Tablet;Electrónicos;799;1424,91;3;;27/03/20 11:28;27/03/20 13:26
123456999;Felipe Mariño;Vendedor;CL003;Filial SP;10020;Impresora;Electrónicos;329,9;674,1;3;;26/04/20 16:36;27/04/20 11:27
123456999;Felipe Mariño;Vendedor;CL003;Filial SP;10015;Microondas;Electrodomésticos;189;364,5;3;;24/02/19 17:29;25/02/19 13:05
123456999;Felipe Mariño;Vendedor;CL003;Filial SP;10015;Microondas;Electrodomésticos;189;364,5;3;;3/09/19 12:17;4/09/19 10:13
123456999;Felipe Mariño;Vendedor;CL003;Filial SP;10001;Smartphone;Electrónicos;899,9;1676,9;3;;8/03/19 12:51;8/03/19 16:15
123456999;Felipe Mariño;Vendedor;CL003;Filial SP;10020;Impresora;Electrónicos;329,9;674,1;3;;27/01/19 13:05;28/01/19 11:03
123456999;Felipe Mariño;Vendedor;CL003;Filial SP;10003;Televisor;Electrodomésticos;1400,9;2279,99;3;;17/04/20 12:28;23/04/20 13:59
123456999;Felipe Mariño;Vendedor;CL003;Filial SP;10001;Smartphone;Electrónicos;899,9;1676,9;3;;19/04/20 10:22;19/04/20 17:16
123456999;Felipe Mariño;Vendedor;CL003;Filial SP;10015;Microondas;Electrodomésticos;189;364,5;3;;8/05/19 12:47;8/05/19 17:33
123456999;Felipe Mariño;Vendedor;CL003;Filial SP;10008;Cafetera;Cocina;159,9;284,9;3;;27/02/19 15:17;27/02/19 17:17
123456999;Felipe Mariño;Vendedor;CL003;Filial SP;10015;Microondas;Electrodomésticos;189;364,5;3;;31/10/19 16:48;1/11/19 13:27
123456999;Felipe Mariño;Vendedor;CL003;Filial SP;10002;Tablet;Electrónicos;799;1424,91;3;;25/09/20 11:49;25/09/20 16:20
123456999;Felipe Mariño;Vendedor;CL003;Filial SP;10010;Freidora eléctrica;Cocina;187,9;340;3;;3/01/19 17:09;4/01/19 14:53
123456999;Felipe Mariño;Vendedor;CL003;Filial SP;10004;Máquina de lavar ropa;Electrodomésticos;1099;1709,1;3;0,09;10/06/19 14:28;15/06/19 15:22
123456999;Felipe Mariño;Vendedor;CL003;Filial SP;10004;Máquina de lavar ropa;Electrodomésticos;1099;1709,1;3;0,09;11/05/19 17:24;16/05/19 15:57
123456999;Felipe Mariño;Vendedor;CL003;Filial SP;10004;Máquina de lavar ropa;Electrodomésticos;1099;1709,1;3;0,09;22/11/19 10:33;25/11/19 10:50
123456777;Marcos Coelho;Vendedor;CL003;Filial SP;10018;Colchón;Casa;109,9;249,9;1;;4/11/19 9:12;4/11/19 11:54
123456777;Marcos Coelho;Vendedor;CL003;Filial SP;10019;Sofá;Casa;789,9;1399;1;;20/12/20 14:28;25/12/20 10:25
123456777;Marcos Coelho;Vendedor;CL003;Filial SP;10001;Smartphone;Electrónicos;899,9;1676,9;1;;25/06/20 13:12;26/06/20 11:33
123456777;Marcos Coelho;Vendedor;CL003;Filial SP;10007;Batidora;Cocina;49,9;95,9;1;;16/10/19 14:07;16/10/19 16:39
123456777;Marcos Coelho;Vendedor;CL003;Filial SP;10002;Tablet;Electrónicos;799;1424,91;1;;27/10/19 9:11;27/10/19 17:37
123456777;Marcos Coelho;Vendedor;CL003;Filial SP;10017;Cama Box;Casa;1189,9;1899,5;1;;5/10/19 15:26;7/10/19 9:19
123456777;Marcos Coelho;Vendedor;CL003;Filial SP;10001;Smartphone;Electrónicos;899,9;1676,9;1;;22/03/20 16:12;23/03/20 15:38
123456777;Marcos Coelho;Vendedor;CL003;Filial SP;10011;Licuadora;Cocina;59,9;142,4;1;;29/11/20 17:41;30/11/20 12:45
123456777;Marcos Coelho;Vendedor;CL003;Filial SP;10001;Smartphone;Electrónicos;899,9;1676,9;1;;8/12/19 14:29;9/12/19 10:55
123456777;Marcos Coelho;Vendedor;CL003;Filial SP;10014;Heladera;Electrodomésticos;699,9;1346,9;1;;16/08/19 16:44;20/08/19 15:55
123456777;Marcos Coelho;Vendedor;CL003;Filial SP;10016;Guarda Ropa;Casa;489,9;999;1;;20/09/19 13:34;23/09/19 16:49
123456777;Marcos Coelho;Vendedor;CL003;Filial SP;10002;Tablet;Electrónicos;799;1424,91;1;;16/03/20 14:09;16/03/20 15:24
123456777;Marcos Coelho;Vendedor;CL003;Filial SP;10005;Notebook;Electrónicos;2299,9;3199;1;;8/02/19 9:21;8/02/19 14:02
123456777;Marcos Coelho;Vendedor;CL003;Filial SP;10020;Impresora;Electrónicos;329,9;674,1;1;;23/12/19 17:24;24/12/19 10:23
123456777;Marcos Coelho;Vendedor;CL003;Filial SP;10017;Cama Box;Casa;1189,9;1899,5;1;;31/03/19 12:07;5/04/19 13:25
123456777;Marcos Coelho;Vendedor;CL003;Filial SP;10015;Microondas;Electrodomésticos;189;364,5;1;;8/10/20 14:23;9/10/20 9:25
123456777;Marcos Coelho;Vendedor;CL003;Filial SP;10015;Microondas;Electrodomésticos;189;364,5;1;;5/07/20 12:54;6/07/20 10:05
123456777;Marcos Coelho;Vendedor;CL003;Filial SP;10010;Freidora eléctrica;Cocina;187,9;340;1;;24/09/19 17:57;25/09/19 9:23
123456777;Marcos Coelho;Vendedor;CL003;Filial SP;10019;Sofá;Casa;789,9;1399;1;;31/08/19 17:00;7/09/19 9:36
123456777;Marcos Coelho;Vendedor;CL003;Filial SP;10016;Guarda Ropa;Casa;489,9;999;1;;5/02/19 9:54;8/02/19 15:10
123456777;Marcos Coelho;Vendedor;CL003;Filial SP;10016;Guarda Ropa;Casa;489,9;999;1;;1/07/19 14:45;3/07/19 16:42
123456777;Marcos Coelho;Vendedor;CL003;Filial SP;10018;Colchón;Casa;109,9;249,9;1;;16/01/20 17:57;17/01/20 11:09
123456777;Marcos Coelho;Vendedor;CL003;Filial SP;10012;Procesador de alimentos;Cocina;110;189,9;1;;8/05/20 13:44;9/05/20 9:43
123456777;Marcos Coelho;Vendedor;CL003;Filial SP;10001;Smartphone;Electrónicos;899,9;1676,9;1;;16/07/20 15:27;17/07/20 9:02
123456777;Marcos Coelho;Vendedor;CL003;Filial SP;10011;Licuadora;Cocina;59,9;142,4;1;;23/04/20 11:14;23/04/20 13:26
123456777;Marcos Coelho;Vendedor;CL003;Filial SP;10006;Aspiradora de piso;Casa;88,9;189,9;1;;23/01/19 11:47;24/01/19 10:30
123456777;Marcos Coelho;Vendedor;CL003;Filial SP;10005;Notebook;Electrónicos;2299,9;3199;1;;14/03/20 10:47;14/03/20 11:52
123456777;Marcos Coelho;Vendedor;CL003;Filial SP;10001;Smartphone;Electrónicos;899,9;1676,9;1;;27/08/20 9:09;27/08/20 12:37
123456777;Marcos Coelho;Vendedor;CL003;Filial SP;10020;Impresora;Electrónicos;329,9;674,1;1;;18/12/19 13:54;19/12/19 12:36
123456777;Marcos Coelho;Vendedor;CL003;Filial SP;10003;Televisor;Electrodomésticos;1400,9;2279,99;1;;18/06/19 17:00;23/06/19 13:52
123456777;Marcos Coelho;Vendedor;CL003;Filial SP;10001;Smartphone;Electrónicos;899,9;1676,9;1;;13/10/19 16:23;14/10/19 10:14
123456777;Marcos Coelho;Vendedor;CL003;Filial SP;10008;Cafetera;Cocina;159,9;284,9;1;;14/01/20 17:51;15/01/20 16:00
123456777;Marcos Coelho;Vendedor;CL003;Filial SP;10016;Guarda Ropa;Casa;489,9;999;1;;5/08/20 12:57;9/08/20 17:26
123456777;Marcos Coelho;Vendedor;CL003;Filial SP;10011;Licuadora;Cocina;59,9;142,4;1;;10/09/19 11:55;11/09/19 11:26
123456777;Marcos Coelho;Vendedor;CL003;Filial SP;10019;Sofá;Casa;789,9;1399;1;;11/10/19 15:26;17/10/19 16:49
123456777;Marcos Coelho;Vendedor;CL003;Filial SP;10002;Tablet;Electrónicos;799;1424,91;1;;16/12/19 12:49;17/12/19 9:22
123456777;Marcos Coelho;Vendedor;CL003;Filial SP;10002;Tablet;Electrónicos;799;1424,91;1;;25/12/19 14:56;25/12/19 17:48
123456777;Marcos Coelho;Vendedor;CL003;Filial SP;10003;Televisor;Electrodomésticos;1400,9;2279,99;1;;22/06/20 14:53;24/06/20 15:51
123456777;Marcos Coelho;Vendedor;CL003;Filial SP;10011;Licuadora;Cocina;59,9;142,4;1;;10/11/20 16:51;11/11/20 13:04
123456777;Marcos Coelho;Vendedor;CL003;Filial SP;10019;Sofá;Casa;789,9;1399;1;;27/03/19 15:15;2/04/19 15:51
123456777;Marcos Coelho;Vendedor;CL003;Filial SP;10006;Aspiradora de piso;Casa;88,9;189,9;1;;20/10/19 9:35;20/10/19 15:46
123456777;Marcos Coelho;Vendedor;CL003;Filial SP;10007;Batidora;Cocina;49,9;95,9;1;;11/04/19 11:56;11/04/19 14:50
123456777;Marcos Coelho;Vendedor;CL003;Filial SP;10001;Smartphone;Electrónicos;899,9;1676,9;1;;6/09/19 17:19;7/09/19 16:36
123456777;Marcos Coelho;Vendedor;CL003;Filial SP;10003;Televisor;Electrodomésticos;1400,9;2279,99;1;;23/10/20 14:12;27/10/20 16:05
123456777;Marcos Coelho;Vendedor;CL003;Filial SP;10015;Microondas;Electrodomésticos;189;364,5;1;;5/01/19 12:57;5/01/19 13:28
123456777;Marcos Coelho;Vendedor;CL003;Filial SP;10019;Sofá;Casa;789,9;1399;1;;22/08/20 9:27;27/08/20 16:05
123456777;Marcos Coelho;Vendedor;CL003;Filial SP;10007;Batidora;Cocina;49,9;95,9;1;;31/05/19 10:47;31/05/19 12:11
123456777;Marcos Coelho;Vendedor;CL003;Filial SP;10015;Microondas;Electrodomésticos;189;364,5;1;;11/10/20 13:27;11/10/20 17:11
123456777;Marcos Coelho;Vendedor;CL003;Filial SP;10004;Máquina de lavar ropa;Electrodomésticos;1099;1709,1;1;0,05;6/02/20 17:51;9/02/20 15:23
123456777;Marcos Coelho;Vendedor;CL003;Filial SP;10009;Plancha;Casa;27,9;55,9;1;;1/01/19 9:08;1/01/19 14:07
123456777;Marcos Coelho;Vendedor;CL003;Filial SP;10002;Tablet;Electrónicos;799;1424,91;1;;7/03/20 14:09;7/03/20 16:23
123456777;Marcos Coelho;Vendedor;CL003;Filial SP;10004;Máquina de lavar ropa;Electrodomésticos;1099;1709,1;1;0,05;17/09/20 9:57;23/09/20 11:54
123456777;Marcos Coelho;Vendedor;CL003;Filial SP;10002;Tablet;Electrónicos;799;1424,91;1;;20/10/19 16:06;21/10/19 11:30
123456777;Marcos Coelho;Vendedor;CL003;Filial SP;10016;Guarda Ropa;Casa;489,9;999;1;;27/12/20 9:48;31/12/20 16:44
123456777;Marcos Coelho;Vendedor;CL003;Filial SP;10011;Licuadora;Cocina;59,9;142,4;1;;13/10/19 13:10;14/10/19 9:41
123456777;Marcos Coelho;Vendedor;CL003;Filial SP;10013;Fogón;Electrodomésticos;210,9;404,1;1;;26/06/19 17:49;30/06/19 11:47
123456777;Marcos Coelho;Vendedor;CL003;Filial SP;10017;Cama Box;Casa;1189,9;1899,5;1;;7/11/20 17:20;11/11/20 9:32
123456777;Marcos Coelho;Vendedor;CL003;Filial SP;10011;Licuadora;Cocina;59,9;142,4;1;;17/07/20 15:14;17/07/20 17:00
123456777;Marcos Coelho;Vendedor;CL003;Filial SP;10016;Guarda Ropa;Casa;489,9;999;1;;26/10/20 12:16;30/10/20 11:49
123456777;Marcos Coelho;Vendedor;CL003;Filial SP;10019;Sofá;Casa;789,9;1399;1;;8/04/19 15:58;14/04/19 9:09
123456777;Marcos Coelho;Vendedor;CL003;Filial SP;10008;Cafetera;Cocina;159,9;284,9;1;;30/09/20 9:06;30/09/20 9:42
123456777;Marcos Coelho;Vendedor;CL003;Filial SP;10020;Impresora;Electrónicos;329,9;674,1;1;;23/01/19 14:59;24/01/19 10:13
123456777;Marcos Coelho;Vendedor;CL003;Filial SP;10013;Fogón;Electrodomésticos;210,9;404,1;1;;26/08/19 14:56;30/08/19 14:40
123456777;Marcos Coelho;Vendedor;CL003;Filial SP;10015;Microondas;Electrodomésticos;189;364,5;1;;7/06/19 13:43;7/06/19 17:26
123456777;Marcos Coelho;Vendedor;CL003;Filial SP;10005;Notebook;Electrónicos;2299,9;3199;1;;25/12/20 12:59;25/12/20 13:38
123456777;Marcos Coelho;Vendedor;CL003;Filial SP;10008;Cafetera;Cocina;159,9;284,9;1;;19/09/19 16:21;20/09/19 9:52
123456777;Marcos Coelho;Vendedor;CL003;Filial SP;10013;Fogón;Electrodomésticos;210,9;404,1;1;;1/06/20 16:16;6/06/20 13:42
123456777;Marcos Coelho;Vendedor;CL003;Filial SP;10017;Cama Box;Casa;1189,9;1899,5;1;;13/06/19 14:55;18/06/19 13:54
123456777;Marcos Coelho;Vendedor;CL003;Filial SP;10009;Plancha;Casa;27,9;55,9;1;;14/12/20 10:29;15/12/20 9:40
123456777;Marcos Coelho;Vendedor;CL003;Filial SP;10007;Batidora;Cocina;49,9;95,9;1;;7/05/20 12:07;7/05/20 12:13
123456777;Marcos Coelho;Vendedor;CL003;Filial SP;10019;Sofá;Casa;789,9;1399;1;;8/12/20 11:40;14/12/20 15:57
123456777;Marcos Coelho;Vendedor;CL003;Filial SP;10020;Impresora;Electrónicos;329,9;674,1;1;;15/12/19 14:57;16/12/19 12:53
123456777;Marcos Coelho;Vendedor;CL003;Filial SP;10006;Aspiradora de piso;Casa;88,9;189,9;1;;27/02/19 17:52;28/02/19 16:23
123456777;Marcos Coelho;Vendedor;CL003;Filial SP;10008;Cafetera;Cocina;159,9;284,9;1;;5/05/19 15:24;6/05/19 11:39
123456777;Marcos Coelho;Vendedor;CL003;Filial SP;10001;Smartphone;Electrónicos;899,9;1676,9;1;;23/10/20 14:51;23/10/20 15:10
123456777;Marcos Coelho;Vendedor;CL003;Filial SP;10006;Aspiradora de piso;Casa;88,9;189,9;1;;4/11/19 10:28;5/11/19 9:29
123456777;Marcos Coelho;Vendedor;CL003;Filial SP;10013;Fogón;Electrodomésticos;210,9;404,1;1;;16/01/19 10:08;23/01/19 9:06
123456777;Marcos Coelho;Vendedor;CL003;Filial SP;10001;Smartphone;Electrónicos;899,9;1676,9;1;;2/04/19 12:30;2/04/19 13:39
123456777;Marcos Coelho;Vendedor;CL003;Filial SP;10010;Freidora eléctrica;Cocina;187,9;340;1;;14/09/19 10:59;14/09/19 13:41
123456777;Marcos Coelho;Vendedor;CL003;Filial SP;10002;Tablet;Electrónicos;799;1424,91;1;;1/11/19 17:16;2/11/19 15:40
123456777;Marcos Coelho;Vendedor;CL003;Filial SP;10016;Guarda Ropa;Casa;489,9;999;1;;2/07/19 14:05;6/07/19 10:16
123456777;Marcos Coelho;Vendedor;CL003;Filial SP;10010;Freidora eléctrica;Cocina;187,9;340;1;;25/12/20 15:55;25/12/20 16:43
123456777;Marcos Coelho;Vendedor;CL003;Filial SP;10016;Guarda Ropa;Casa;489,9;999;1;;28/11/19 13:08;5/12/19 17:26
123456777;Marcos Coelho;Vendedor;CL003;Filial SP;10001;Smartphone;Electrónicos;899,9;1676,9;1;;22/06/20 12:15;22/06/20 15:42
123456777;Marcos Coelho;Vendedor;CL003;Filial SP;10019;Sofá;Casa;789,9;1399;1;;20/03/20 9:09;23/03/20 9:18
123456777;Marcos Coelho;Vendedor;CL003;Filial SP;10013;Fogón;Electrodomésticos;210,9;404,1;2;;16/02/19 14:15;22/02/19 15:40
123456777;Marcos Coelho;Vendedor;CL003;Filial SP;10006;Aspiradora de piso;Casa;88,9;189,9;4;;18/04/20 11:28;18/04/20 13:55
123456777;Marcos Coelho;Vendedor;CL003;Filial SP;10011;Licuadora;Cocina;59,9;142,4;3;;10/05/19 12:23;10/05/19 15:40
123456777;Marcos Coelho;Vendedor;CL003;Filial SP;10007;Batidora;Cocina;49,9;95,9;3;;11/02/19 9:33;11/02/19 16:34
123456777;Marcos Coelho;Vendedor;CL003;Filial SP;10019;Sofá;Casa;789,9;1399;2;;23/04/20 12:31;28/04/20 17:20
123456777;Marcos Coelho;Vendedor;CL003;Filial SP;10001;Smartphone;Electrónicos;899,9;1676,9;2;;2/07/19 15:40;3/07/19 14:57
123456777;Marcos Coelho;Vendedor;CL003;Filial SP;10004;Máquina de lavar ropa;Electrodomésticos;1099;1709,1;4;0,1;29/06/19 16:45;5/07/19 15:47
123456777;Marcos Coelho;Vendedor;CL003;Filial SP;10018;Colchón;Casa;109,9;249,9;3;;25/10/19 14:29;25/10/19 16:44
123456777;Marcos Coelho;Vendedor;CL003;Filial SP;10001;Smartphone;Electrónicos;899,9;1676,9;3;;16/09/20 12:50;16/09/20 16:11
123456777;Marcos Coelho;Vendedor;CL003;Filial SP;10012;Procesador de alimentos;Cocina;110;189,9;3;;24/04/19 16:53;25/04/19 16:41
123456777;Marcos Coelho;Vendedor;CL003;Filial SP;10011;Licuadora;Cocina;59,9;142,4;3;;2/09/19 11:28;3/09/19 10:46
123456777;Marcos Coelho;Vendedor;CL003;Filial SP;10020;Impresora;Electrónicos;329,9;674,1;4;;10/01/19 16:42;11/01/19 16:12
123456777;Marcos Coelho;Vendedor;CL003;Filial SP;10015;Microondas;Electrodomésticos;189;364,5;3;;20/02/19 9:10;20/02/19 14:45
123456777;Marcos Coelho;Vendedor;CL003;Filial SP;10019;Sofá;Casa;789,9;1399;2;;7/05/19 16:35;10/05/19 16:38
123456777;Marcos Coelho;Vendedor;CL003;Filial SP;10020;Impresora;Electrónicos;329,9;674,1;2;;20/08/19 11:21;20/08/19 17:00
123456777;Marcos Coelho;Vendedor;CL003;Filial SP;10008;Cafetera;Cocina;159,9;284,9;2;;8/08/19 9:58;8/08/19 10:56
123456777;Marcos Coelho;Vendedor;CL003;Filial SP;10001;Smartphone;Electrónicos;899,9;1676,9;4;;14/09/20 10:13;14/09/20 15:41
123456777;Marcos Coelho;Vendedor;CL003;Filial SP;10004;Máquina de lavar ropa;Electrodomésticos;1099;1709,1;4;0,1;29/10/19 14:22;31/10/19 10:57
123456777;Marcos Coelho;Vendedor;CL003;Filial SP;10009;Plancha;Casa;27,9;55,9;2;;21/10/19 17:24;22/10/19 16:21
123456777;Marcos Coelho;Vendedor;CL003;Filial SP;10020;Impresora;Electrónicos;329,9;674,1;3;;28/03/19 9:41;29/03/19 9:28
123456777;Marcos Coelho;Vendedor;CL003;Filial SP;10013;Fogón;Electrodomésticos;210,9;404,1;3;;2/09/19 11:40;8/09/19 9:58
123456777;Marcos Coelho;Vendedor;CL003;Filial SP;10010;Freidora eléctrica;Cocina;187,9;340;4;;25/02/19 10:37;25/02/19 11:34
123456777;Marcos Coelho;Vendedor;CL003;Filial SP;10015;Microondas;Electrodomésticos;189;364,5;4;;9/08/19 14:50;10/08/19 13:16
123456777;Marcos Coelho;Vendedor;CL003;Filial SP;10004;Máquina de lavar ropa;Electrodomésticos;1099;1709,1;4;0,1;13/03/19 15:00;17/03/19 13:52
123456777;Marcos Coelho;Vendedor;CL003;Filial SP;10020;Impresora;Electrónicos;329,9;674,1;2;;3/08/20 17:40;4/08/20 15:35
123456777;Marcos Coelho;Vendedor;CL003;Filial SP;10007;Batidora;Cocina;49,9;95,9;3;;28/04/20 17:58;29/04/20 17:42
123456777;Marcos Coelho;Vendedor;CL003;Filial SP;10001;Smartphone;Electrónicos;899,9;1676,9;2;;10/06/20 13:45;10/06/20 16:03
123456777;Marcos Coelho;Vendedor;CL003;Filial SP;10012;Procesador de alimentos;Cocina;110;189,9;4;;30/07/20 14:10;31/07/20 12:35
123456777;Marcos Coelho;Vendedor;CL003;Filial SP;10020;Impresora;Electrónicos;329,9;674,1;3;;14/11/20 11:07;14/11/20 14:32
123456777;Marcos Coelho;Vendedor;CL003;Filial SP;10006;Aspiradora de piso;Casa;88,9;189,9;2;;19/02/19 10:40;19/02/19 13:54
123456777;Marcos Coelho;Vendedor;CL003;Filial SP;10003;Televisor;Electrodomésticos;1400,9;2279,99;3;;9/06/19 14:53;11/06/19 11:04
123456777;Marcos Coelho;Vendedor;CL003;Filial SP;10002;Tablet;Electrónicos;799;1424,91;2;;9/01/20 12:14;9/01/20 16:26
123456777;Marcos Coelho;Vendedor;CL003;Filial SP;10017;Cama Box;Casa;1189,9;1899,5;3;;14/02/19 10:34;20/02/19 15:07
123456777;Marcos Coelho;Vendedor;CL003;Filial SP;10001;Smartphone;Electrónicos;899,9;1676,9;4;;5/12/20 14:51;6/12/20 12:05
123456777;Marcos Coelho;Vendedor;CL003;Filial SP;10017;Cama Box;Casa;1189,9;1899,5;2;;27/01/19 12:00;31/01/19 14:17
123456777;Marcos Coelho;Vendedor;CL003;Filial SP;10012;Procesador de alimentos;Cocina;110;189,9;2;;16/09/19 17:12;16/09/19 17:38
123456777;Marcos Coelho;Vendedor;CL003;Filial SP;10007;Batidora;Cocina;49,9;95,9;3;;27/01/20 14:50;28/01/20 13:52
123456777;Marcos Coelho;Vendedor;CL003;Filial SP;10003;Televisor;Electrodomésticos;1400,9;2279,99;4;;10/07/20 17:04;14/07/20 11:18
123456777;Marcos Coelho;Vendedor;CL003;Filial SP;10009;Plancha;Casa;27,9;55,9;4;;19/02/20 14:57;20/02/20 10:22
123456777;Marcos Coelho;Vendedor;CL003;Filial SP;10012;Procesador de alimentos;Cocina;110;189,9;3;;24/10/19 9:46;24/10/19 13:17
123456777;Marcos Coelho;Vendedor;CL003;Filial SP;10008;Cafetera;Cocina;159,9;284,9;4;;4/03/19 17:57;5/03/19 14:25
123456777;Marcos Coelho;Vendedor;CL003;Filial SP;10006;Aspiradora de piso;Casa;88,9;189,9;2;;7/12/19 10:52;7/12/19 12:41
123456777;Marcos Coelho;Vendedor;CL003;Filial SP;10006;Aspiradora de piso;Casa;88,9;189,9;2;;5/09/19 14:56;6/09/19 9:15
123456777;Marcos Coelho;Vendedor;CL003;Filial SP;10005;Notebook;Electrónicos;2299,9;3199;3;;10/01/20 15:02;11/01/20 14:21
123456777;Marcos Coelho;Vendedor;CL003;Filial SP;10006;Aspiradora de piso;Casa;88,9;189,9;4;;29/08/19 12:11;30/08/19 11:54
123456777;Marcos Coelho;Vendedor;CL003;Filial SP;10011;Licuadora;Cocina;59,9;142,4;4;;20/05/20 9:24;20/05/20 16:44
123456777;Marcos Coelho;Vendedor;CL003;Filial SP;10014;Heladera;Electrodomésticos;699,9;1346,9;3;;16/07/20 14:53;23/07/20 10:54
123456777;Marcos Coelho;Vendedor;CL003;Filial SP;10019;Sofá;Casa;789,9;1399;3;;13/07/19 15:24;16/07/19 11:39
123456777;Marcos Coelho;Vendedor;CL003;Filial SP;10012;Procesador de alimentos;Cocina;110;189,9;3;;24/01/19 14:26;25/01/19 10:35
123456777;Marcos Coelho;Vendedor;CL003;Filial SP;10002;Tablet;Electrónicos;799;1424,91;2;;27/12/19 16:26;28/12/19 14:57
123456777;Marcos Coelho;Vendedor;CL003;Filial SP;10002;Tablet;Electrónicos;799;1424,91;2;;31/03/20 14:16;1/04/20 13:47
123456777;Marcos Coelho;Vendedor;CL003;Filial SP;10007;Batidora;Cocina;49,9;95,9;2;;24/02/20 10:45;24/02/20 17:11
123456777;Marcos Coelho;Vendedor;CL003;Filial SP;10017;Cama Box;Casa;1189,9;1899,5;4;;15/12/20 9:56;22/12/20 10:28
123456777;Marcos Coelho;Vendedor;CL003;Filial SP;10008;Cafetera;Cocina;159,9;284,9;2;;28/06/20 12:34;29/06/20 9:34
123456777;Marcos Coelho;Vendedor;CL003;Filial SP;10002;Tablet;Electrónicos;799;1424,91;3;;5/09/20 17:24;6/09/20 13:46
123456777;Marcos Coelho;Vendedor;CL003;Filial SP;10018;Colchón;Casa;109,9;249,9;2;;6/01/19 16:43;7/01/19 15:43
123456777;Marcos Coelho;Vendedor;CL003;Filial SP;10016;Guarda Ropa;Casa;489,9;999;3;;30/05/19 14:20;2/06/19 11:38
123456777;Marcos Coelho;Vendedor;CL003;Filial SP;10006;Aspiradora de piso;Casa;88,9;189,9;4;;5/09/19 10:01;5/09/19 11:33
123456777;Marcos Coelho;Vendedor;CL003;Filial SP;10013;Fogón;Electrodomésticos;210,9;404,1;3;;31/12/20 10:27;31/12/20 17:37
123456777;Marcos Coelho;Vendedor;CL003;Filial SP;10005;Notebook;Electrónicos;2299,9;3199;4;;29/08/19 10:44;29/08/19 13:56
123456777;Marcos Coelho;Vendedor;CL003;Filial SP;10013;Fogón;Electrodomésticos;210,9;404,1;2;;2/02/19 16:12;7/02/19 15:23
123456777;Marcos Coelho;Vendedor;CL003;Filial SP;10014;Heladera;Electrodomésticos;699,9;1346,9;2;;16/08/20 14:51;22/08/20 15:40
123456777;Marcos Coelho;Vendedor;CL003;Filial SP;10006;Aspiradora de piso;Casa;88,9;189,9;2;;29/01/20 17:33;30/01/20 16:44
123456777;Marcos Coelho;Vendedor;CL003;Filial SP;10009;Plancha;Casa;27,9;55,9;4;;9/12/20 10:57;9/12/20 16:58
123456777;Marcos Coelho;Vendedor;CL003;Filial SP;10011;Licuadora;Cocina;59,9;142,4;3;;14/04/20 15:38;15/04/20 9:03
123456777;Marcos Coelho;Vendedor;CL003;Filial SP;10013;Fogón;Electrodomésticos;210,9;404,1;4;;30/01/20 17:26;3/02/20 13:49
123456777;Marcos Coelho;Vendedor;CL003;Filial SP;10011;Licuadora;Cocina;59,9;142,4;3;;23/08/19 13:49;24/08/19 10:04
123456777;Marcos Coelho;Vendedor;CL003;Filial SP;10003;Televisor;Electrodomésticos;1400,9;2279,99;3;;12/02/20 11:33;19/02/20 16:40
123456777;Marcos Coelho;Vendedor;CL003;Filial SP;10008;Cafetera;Cocina;159,9;284,9;4;;9/12/20 13:47;10/12/20 10:34
123456777;Marcos Coelho;Vendedor;CL003;Filial SP;10006;Aspiradora de piso;Casa;88,9;189,9;3;;14/08/20 15:23;15/08/20 13:33
123456777;Marcos Coelho;Vendedor;CL003;Filial SP;10018;Colchón;Casa;109,9;249,9;2;;12/10/20 10:29;12/10/20 14:35
123456777;Marcos Coelho;Vendedor;CL003;Filial SP;10005;Notebook;Electrónicos;2299,9;3199;2;;24/04/20 15:39;25/04/20 15:02
123456777;Marcos Coelho;Vendedor;CL003;Filial SP;10016;Guarda Ropa;Casa;489,9;999;2;;13/06/19 16:47;20/06/19 12:55
123456777;Marcos Coelho;Vendedor;CL003;Filial SP;10018;Colchón;Casa;109,9;249,9;4;;27/01/20 10:28;28/01/20 10:18
123456777;Marcos Coelho;Vendedor;CL003;Filial SP;10015;Microondas;Electrodomésticos;189;364,5;2;;13/07/19 9:48;13/07/19 17:19
123456777;Marcos Coelho;Vendedor;CL003;Filial SP;10003;Televisor;Electrodomésticos;1400,9;2279,99;4;;29/09/20 12:54;2/10/20 12:04
123456777;Marcos Coelho;Vendedor;CL003;Filial SP;10003;Televisor;Electrodomésticos;1400,9;2279,99;2;;9/07/19 13:58;14/07/19 17:33
123456777;Marcos Coelho;Vendedor;CL003;Filial SP;10015;Microondas;Electrodomésticos;189;364,5;2;;20/06/20 12:09;20/06/20 12:32
123456777;Marcos Coelho;Vendedor;CL003;Filial SP;10013;Fogón;Electrodomésticos;210,9;404,1;3;;23/03/19 13:13;25/03/19 12:48
123456777;Marcos Coelho;Vendedor;CL003;Filial SP;10002;Tablet;Electrónicos;799;1424,91;3;;24/07/20 14:03;25/07/20 10:57
123456777;Marcos Coelho;Vendedor;CL003;Filial SP;10010;Freidora eléctrica;Cocina;187,9;340;3;;29/10/19 9:48;29/10/19 12:34
123456777;Marcos Coelho;Vendedor;CL003;Filial SP;10003;Televisor;Electrodomésticos;1400,9;2279,99;2;;12/06/19 16:41;17/06/19 11:09
123456777;Marcos Coelho;Vendedor;CL003;Filial SP;10006;Aspiradora de piso;Casa;88,9;189,9;3;;22/03/20 11:00;23/03/20 9:12
123456777;Marcos Coelho;Vendedor;CL003;Filial SP;10007;Batidora;Cocina;49,9;95,9;2;;16/06/19 12:25;17/06/19 12:22
123456777;Marcos Coelho;Vendedor;CL003;Filial SP;10008;Cafetera;Cocina;159,9;284,9;2;;5/06/19 12:26;5/06/19 14:49
123456777;Marcos Coelho;Vendedor;CL003;Filial SP;10009;Plancha;Casa;27,9;55,9;3;;8/08/19 9:48;8/08/19 16:08
123456777;Marcos Coelho;Vendedor;CL003;Filial SP;10002;Tablet;Electrónicos;799;1424,91;4;;28/01/20 17:39;29/01/20 13:12
123456777;Marcos Coelho;Vendedor;CL003;Filial SP;10018;Colchón;Casa;109,9;249,9;3;;5/11/20 14:45;5/11/20 16:11
123456777;Marcos Coelho;Vendedor;CL003;Filial SP;10017;Cama Box;Casa;1189,9;1899,5;3;;7/10/20 11:36;10/10/20 15:24
123456777;Marcos Coelho;Vendedor;CL003;Filial SP;10014;Heladera;Electrodomésticos;699,9;1346,9;2;;1/02/19 9:39;6/02/19 14:29
123456777;Marcos Coelho;Vendedor;CL003;Filial SP;10014;Heladera;Electrodomésticos;699,9;1346,9;2;;20/06/20 13:59;26/06/20 10:51
123456777;Marcos Coelho;Vendedor;CL003;Filial SP;10011;Licuadora;Cocina;59,9;142,4;2;;17/03/20 16:39;18/03/20 11:13
123456777;Marcos Coelho;Vendedor;CL003;Filial SP;10001;Smartphone;Electrónicos;899,9;1676,9;4;;13/01/19 14:48;14/01/19 14:44
123456777;Marcos Coelho;Vendedor;CL003;Filial SP;10011;Licuadora;Cocina;59,9;142,4;2;;5/12/20 16:07;6/12/20 14:36
123456777;Marcos Coelho;Vendedor;CL003;Filial SP;10014;Heladera;Electrodomésticos;699,9;1346,9;2;;8/08/20 10:56;15/08/20 10:37
123456777;Marcos Coelho;Vendedor;CL003;Filial SP;10006;Aspiradora de piso;Casa;88,9;189,9;2;;14/03/19 9:15;14/03/19 13:12
123456777;Marcos Coelho;Vendedor;CL003;Filial SP;10018;Colchón;Casa;109,9;249,9;3;;15/03/20 15:42;16/03/20 13:59
123456777;Marcos Coelho;Vendedor;CL003;Filial SP;10009;Plancha;Casa;27,9;55,9;4;;24/12/20 12:19;25/12/20 10:15
123456777;Marcos Coelho;Vendedor;CL003;Filial SP;10010;Freidora eléctrica;Cocina;187,9;340;3;;22/02/19 10:55;22/02/19 14:34
123456777;Marcos Coelho;Vendedor;CL003;Filial SP;10017;Cama Box;Casa;1189,9;1899,5;4;;2/04/19 9:15;7/04/19 12:00
123456777;Marcos Coelho;Vendedor;CL003;Filial SP;10015;Microondas;Electrodomésticos;189;364,5;3;;10/02/19 17:09;11/02/19 16:46
123456777;Marcos Coelho;Vendedor;CL003;Filial SP;10002;Tablet;Electrónicos;799;1424,91;3;;13/08/20 13:43;14/08/20 9:54
123456777;Marcos Coelho;Vendedor;CL003;Filial SP;10020;Impresora;Electrónicos;329,9;674,1;3;;25/07/20 15:38;26/07/20 10:46
123456777;Marcos Coelho;Vendedor;CL003;Filial SP;10009;Plancha;Casa;27,9;55,9;2;;14/05/19 14:50;14/05/19 16:28
123456777;Marcos Coelho;Vendedor;CL003;Filial SP;10006;Aspiradora de piso;Casa;88,9;189,9;4;;3/12/20 17:50;4/12/20 12:00
123456777;Marcos Coelho;Vendedor;CL003;Filial SP;10010;Freidora eléctrica;Cocina;187,9;340;4;;13/07/19 12:23;13/07/19 15:55
123456777;Marcos Coelho;Vendedor;CL003;Filial SP;10017;Cama Box;Casa;1189,9;1899,5;4;;14/12/20 9:05;16/12/20 16:26
123456777;Marcos Coelho;Vendedor;CL003;Filial SP;10005;Notebook;Electrónicos;2299,9;3199;3;;24/03/19 15:14;25/03/19 11:47
123456777;Marcos Coelho;Vendedor;CL003;Filial SP;10010;Freidora eléctrica;Cocina;187,9;340;2;;25/03/19 11:46;26/03/19 9:02
123456777;Marcos Coelho;Vendedor;CL003;Filial SP;10002;Tablet;Electrónicos;799;1424,91;2;;20/07/19 15:00;20/07/19 16:31
123456777;Marcos Coelho;Vendedor;CL003;Filial SP;10007;Batidora;Cocina;49,9;95,9;3;;19/01/20 17:44;19/01/20 17:44
123456777;Marcos Coelho;Vendedor;CL003;Filial SP;10019;Sofá;Casa;789,9;1399;3;;21/07/19 17:47;24/07/19 10:35
123456777;Marcos Coelho;Vendedor;CL003;Filial SP;10011;Licuadora;Cocina;59,9;142,4;2;;22/11/19 12:19;23/11/19 11:57
123456777;Marcos Coelho;Vendedor;CL003;Filial SP;10002;Tablet;Electrónicos;799;1424,91;3;;8/04/20 17:13;9/04/20 12:58
123456777;Marcos Coelho;Vendedor;CL003;Filial SP;10020;Impresora;Electrónicos;329,9;674,1;2;;3/02/19 16:12;4/02/19 11:36
123456777;Marcos Coelho;Vendedor;CL003;Filial SP;10004;Máquina de lavar ropa;Electrodomésticos;1099;1709,1;3;0,09;12/06/19 12:18;17/06/19 15:05
123456777;Marcos Coelho;Vendedor;CL003;Filial SP;10011;Licuadora;Cocina;59,9;142,4;3;;5/05/19 12:48;6/05/19 12:36
123456777;Marcos Coelho;Vendedor;CL003;Filial SP;10009;Plancha;Casa;27,9;55,9;3;;2/09/20 9:28;2/09/20 12:56
123456777;Marcos Coelho;Vendedor;CL003;Filial SP;10020;Impresora;Electrónicos;329,9;674,1;3;;17/12/19 9:58;17/12/19 17:26
123456777;Marcos Coelho;Vendedor;CL003;Filial SP;10019;Sofá;Casa;789,9;1399;3;;20/02/19 9:17;26/02/19 13:39
123456777;Marcos Coelho;Vendedor;CL003;Filial SP;10010;Freidora eléctrica;Cocina;187,9;340;2;;8/08/20 15:46;9/08/20 14:48
123456777;Marcos Coelho;Vendedor;CL003;Filial SP;10013;Fogón;Electrodomésticos;210,9;404,1;3;;27/02/20 13:47;1/03/20 15:15
123456777;Marcos Coelho;Vendedor;CL003;Filial SP;10013;Fogón;Electrodomésticos;210,9;404,1;2;;18/01/20 12:05;22/01/20 10:10
123456777;Marcos Coelho;Vendedor;CL003;Filial SP;10006;Aspiradora de piso;Casa;88,9;189,9;3;;5/09/20 12:01;5/09/20 13:57
123456777;Marcos Coelho;Vendedor;CL003;Filial SP;10016;Guarda Ropa;Casa;489,9;999;4;;9/12/19 14:37;12/12/19 15:55
123456777;Marcos Coelho;Vendedor;CL003;Filial SP;10001;Smartphone;Electrónicos;899,9;1676,9;3;;27/04/20 17:02;28/04/20 16:10
123456777;Marcos Coelho;Vendedor;CL003;Filial SP;10009;Plancha;Casa;27,9;55,9;2;;24/02/20 17:49;25/02/20 9:50
123456777;Marcos Coelho;Vendedor;CL003;Filial SP;10011;Licuadora;Cocina;59,9;142,4;3;;30/12/20 10:28;31/12/20 9:51
123456777;Marcos Coelho;Vendedor;CL003;Filial SP;10009;Plancha;Casa;27,9;55,9;3;;26/12/19 17:23;27/12/19 10:28
123456777;Marcos Coelho;Vendedor;CL003;Filial SP;10018;Colchón;Casa;109,9;249,9;3;;26/03/20 9:38;26/03/20 13:36
123456777;Marcos Coelho;Vendedor;CL003;Filial SP;10008;Cafetera;Cocina;159,9;284,9;3;;8/04/20 16:40;9/04/20 10:58
123456777;Marcos Coelho;Vendedor;CL003;Filial SP;10020;Impresora;Electrónicos;329,9;674,1;3;;4/03/19 17:54;5/03/19 13:14
123456777;Marcos Coelho;Vendedor;CL003;Filial SP;10015;Microondas;Electrodomésticos;189;364,5;2;;10/04/20 14:00;10/04/20 16:24
123456777;Marcos Coelho;Vendedor;CL003;Filial SP;10018;Colchón;Casa;109,9;249,9;2;;15/05/20 15:18;16/05/20 13:08
123456777;Marcos Coelho;Vendedor;CL003;Filial SP;10019;Sofá;Casa;789,9;1399;3;;13/02/20 17:48;17/02/20 10:35
123456777;Marcos Coelho;Vendedor;CL003;Filial SP;10017;Cama Box;Casa;1189,9;1899,5;2;;18/11/19 12:29;24/11/19 16:46
123456777;Marcos Coelho;Vendedor;CL003;Filial SP;10014;Heladera;Electrodomésticos;699,9;1346,9;4;;23/12/19 17:04;26/12/19 12:01
123456777;Marcos Coelho;Vendedor;CL003;Filial SP;10010;Freidora eléctrica;Cocina;187,9;340;4;;31/10/20 17:05;1/11/20 10:21
123456777;Marcos Coelho;Vendedor;CL003;Filial SP;10018;Colchón;Casa;109,9;249,9;2;;16/01/19 11:05;16/01/19 13:34
123456777;Marcos Coelho;Vendedor;CL003;Filial SP;10004;Máquina de lavar ropa;Electrodomésticos;1099;1709,1;2;0,07;6/10/19 12:17;13/10/19 15:10
123456777;Marcos Coelho;Vendedor;CL003;Filial SP;10018;Colchón;Casa;109,9;249,9;3;;18/06/20 14:33;18/06/20 15:48
123456777;Marcos Coelho;Vendedor;CL003;Filial SP;10005;Notebook;Electrónicos;2299,9;3199;2;;8/08/20 11:33;8/08/20 14:43
123456777;Marcos Coelho;Vendedor;CL003;Filial SP;10018;Colchón;Casa;109,9;249,9;4;;30/06/20 16:56;1/07/20 14:55
123456777;Marcos Coelho;Vendedor;CL003;Filial SP;10010;Freidora eléctrica;Cocina;187,9;340;4;;3/08/19 11:33;3/08/19 15:22
123456777;Marcos Coelho;Vendedor;CL003;Filial SP;10015;Microondas;Electrodomésticos;189;364,5;2;;10/04/19 12:52;10/04/19 16:07
123456777;Marcos Coelho;Vendedor;CL003;Filial SP;10009;Plancha;Casa;27,9;55,9;2;;4/07/19 16:48;4/07/19 17:04
123456777;Marcos Coelho;Vendedor;CL003;Filial SP;10009;Plancha;Casa;27,9;55,9;4;;7/10/19 13:10;8/10/19 11:41
123456777;Marcos Coelho;Vendedor;CL003;Filial SP;10020;Impresora;Electrónicos;329,9;674,1;2;;14/07/20 15:36;15/07/20 9:29
123456777;Marcos Coelho;Vendedor;CL003;Filial SP;10001;Smartphone;Electrónicos;899,9;1676,9;3;;26/05/20 10:59;26/05/20 13:04
123456777;Marcos Coelho;Vendedor;CL003;Filial SP;10015;Microondas;Electrodomésticos;189;364,5;3;;27/11/20 10:25;27/11/20 11:58
123456777;Marcos Coelho;Vendedor;CL003;Filial SP;10003;Televisor;Electrodomésticos;1400,9;2279,99;2;;10/12/20 16:20;17/12/20 16:04
123456777;Marcos Coelho;Vendedor;CL003;Filial SP;10020;Impresora;Electrónicos;329,9;674,1;4;;28/11/20 17:16;28/11/20 17:59
123456777;Marcos Coelho;Vendedor;CL003;Filial SP;10010;Freidora eléctrica;Cocina;187,9;340;4;;30/08/20 15:08;30/08/20 16:39
123456777;Marcos Coelho;Vendedor;CL003;Filial SP;10003;Televisor;Electrodomésticos;1400,9;2279,99;4;;9/12/20 14:53;15/12/20 16:47
123456777;Marcos Coelho;Vendedor;CL003;Filial SP;10005;Notebook;Electrónicos;2299,9;3199;3;;24/03/19 15:13;24/03/19 16:13
123456777;Marcos Coelho;Vendedor;CL003;Filial SP;10018;Colchón;Casa;109,9;249,9;4;;14/08/19 15:43;14/08/19 15:44
123456777;Marcos Coelho;Vendedor;CL003;Filial SP;10016;Guarda Ropa;Casa;489,9;999;4;;18/08/19 15:35;23/08/19 11:23
123456777;Marcos Coelho;Vendedor;CL003;Filial SP;10006;Aspiradora de piso;Casa;88,9;189,9;4;;18/04/19 17:09;19/04/19 10:40
123456777;Marcos Coelho;Vendedor;CL003;Filial SP;10009;Plancha;Casa;27,9;55,9;3;;9/04/19 11:48;10/04/19 9:03
123456777;Marcos Coelho;Vendedor;CL003;Filial SP;10009;Plancha;Casa;27,9;55,9;4;;26/08/20 9:11;26/08/20 14:57
123456777;Marcos Coelho;Vendedor;CL003;Filial SP;10016;Guarda Ropa;Casa;489,9;999;3;;25/11/19 15:00;2/12/19 16:35
123456888;Rita Sampaio;Vendedor;CL003;Filial SP;10003;Televisor;Electrodomésticos;1400,9;2279,99;1;;25/11/20 13:20;27/11/20 11:32
123456888;Rita Sampaio;Vendedor;CL003;Filial SP;10013;Fogón;Electrodomésticos;210,9;404,1;2;;27/11/20 10:40;4/12/20 16:19
123456888;Rita Sampaio;Vendedor;CL003;Filial SP;10004;Máquina de lavar ropa;Electrodomésticos;1099;1709,1;3;0,09;25/05/20 10:57;29/05/20 13:18
123456888;Rita Sampaio;Vendedor;CL003;Filial SP;10004;Máquina de lavar ropa;Electrodomésticos;1099;1709,1;1;0,05;7/08/20 14:19;11/08/20 11:26
123456888;Rita Sampaio;Vendedor;CL003;Filial SP;10004;Máquina de lavar ropa;Electrodomésticos;1099;1709,1;1;0,05;29/03/20 10:56;4/04/20 17:15
123456888;Rita Sampaio;Vendedor;CL003;Filial SP;10004;Máquina de lavar ropa;Electrodomésticos;1099;1709,1;4;0,1;16/01/20 16:08;23/01/20 12:44
123456888;Rita Sampaio;Vendedor;CL003;Filial SP;10005;Notebook;Electrónicos;2299,9;3199;2;;26/11/19 10:51;27/11/19 10:32
123456888;Rita Sampaio;Vendedor;CL003;Filial SP;10015;Microondas;Electrodomésticos;189;364,5;4;;8/12/19 9:44;8/12/19 9:52
123456888;Rita Sampaio;Vendedor;CL003;Filial SP;10011;Licuadora;Cocina;59,9;142,4;2;;29/01/20 12:01;29/01/20 17:18
123456888;Rita Sampaio;Vendedor;CL003;Filial SP;10011;Licuadora;Cocina;59,9;142,4;1;;7/02/20 15:34;7/02/20 16:35
123456888;Rita Sampaio;Vendedor;CL003;Filial SP;10008;Cafetera;Cocina;159,9;284,9;3;;18/11/19 14:06;19/11/19 10:00
123456888;Rita Sampaio;Vendedor;CL003;Filial SP;10001;Smartphone;Electrónicos;899,9;1676,9;1;;10/07/20 17:35;11/07/20 13:34
123456888;Rita Sampaio;Vendedor;CL003;Filial SP;10010;Freidora eléctrica;Cocina;187,9;340;3;;27/09/20 17:25;28/09/20 10:38
123456888;Rita Sampaio;Vendedor;CL003;Filial SP;10014;Heladera;Electrodomésticos;699,9;1346,9;2;;11/12/19 9:43;17/12/19 11:50
123456888;Rita Sampaio;Vendedor;CL003;Filial SP;10009;Plancha;Casa;27,9;55,9;2;;5/10/19 17:14;6/10/19 9:43
123456888;Rita Sampaio;Vendedor;CL003;Filial SP;10010;Freidora eléctrica;Cocina;187,9;340;3;;1/09/19 9:53;1/09/19 10:55
123456888;Rita Sampaio;Vendedor;CL003;Filial SP;10018;Colchón;Casa;109,9;249,9;3;;13/08/20 16:33;14/08/20 12:08
123456888;Rita Sampaio;Vendedor;CL003;Filial SP;10003;Televisor;Electrodomésticos;1400,9;2279,99;3;;13/09/20 15:18;20/09/20 16:21
123456888;Rita Sampaio;Vendedor;CL003;Filial SP;10012;Procesador de alimentos;Cocina;110;189,9;2;;25/11/19 14:52;26/11/19 13:47
123456888;Rita Sampaio;Vendedor;CL003;Filial SP;10007;Batidora;Cocina;49,9;95,9;1;;2/09/19 17:20;2/09/19 17:48
123456888;Rita Sampaio;Vendedor;CL003;Filial SP;10006;Aspiradora de piso;Casa;88,9;189,9;4;;4/06/20 10:24;4/06/20 11:43
123456888;Rita Sampaio;Vendedor;CL003;Filial SP;10019;Sofá;Casa;789,9;1399;4;;19/05/20 16:41;22/05/20 9:48
123456888;Rita Sampaio;Vendedor;CL003;Filial SP;10007;Batidora;Cocina;49,9;95,9;4;;29/07/20 10:31;30/07/20 9:25
123456888;Rita Sampaio;Vendedor;CL003;Filial SP;10009;Plancha;Casa;27,9;55,9;4;;10/03/19 11:42;10/03/19 17:22
123456888;Rita Sampaio;Vendedor;CL003;Filial SP;10018;Colchón;Casa;109,9;249,9;4;;24/11/20 10:22;24/11/20 10:27
123456888;Rita Sampaio;Vendedor;CL003;Filial SP;10010;Freidora eléctrica;Cocina;187,9;340;3;;29/08/20 14:32;30/08/20 10:23
123456888;Rita Sampaio;Vendedor;CL003;Filial SP;10016;Guarda Ropa;Casa;489,9;999;3;;6/01/19 15:35;10/01/19 13:59
123456888;Rita Sampaio;Vendedor;CL003;Filial SP;10002;Tablet;Electrónicos;799;1424,91;4;;16/02/19 17:25;17/02/19 14:28
123456888;Rita Sampaio;Vendedor;CL003;Filial SP;10011;Licuadora;Cocina;59,9;142,4;1;;24/04/19 15:53;24/04/19 17:51
123456888;Rita Sampaio;Vendedor;CL003;Filial SP;10001;Smartphone;Electrónicos;899,9;1676,9;3;;21/04/20 14:53;22/04/20 11:27
123456888;Rita Sampaio;Vendedor;CL003;Filial SP;10003;Televisor;Electrodomésticos;1400,9;2279,99;3;;10/04/20 10:09;16/04/20 11:10
123456888;Rita Sampaio;Vendedor;CL003;Filial SP;10003;Televisor;Electrodomésticos;1400,9;2279,99;4;;6/12/19 14:17;9/12/19 12:13
123456888;Rita Sampaio;Vendedor;CL003;Filial SP;10003;Televisor;Electrodomésticos;1400,9;2279,99;2;;21/01/19 11:24;23/01/19 15:34
123456888;Rita Sampaio;Vendedor;CL003;Filial SP;10003;Televisor;Electrodomésticos;1400,9;2279,99;3;;30/03/19 12:19;3/04/19 10:04
123456888;Rita Sampaio;Vendedor;CL003;Filial SP;10015;Microondas;Electrodomésticos;189;364,5;4;;15/11/19 12:36;16/11/19 9:53
123456888;Rita Sampaio;Vendedor;CL003;Filial SP;10006;Aspiradora de piso;Casa;88,9;189,9;2;;2/12/19 10:08;2/12/19 15:11
123456888;Rita Sampaio;Vendedor;CL003;Filial SP;10018;Colchón;Casa;109,9;249,9;2;;19/05/19 9:54;19/05/19 15:42
123456888;Rita Sampaio;Vendedor;CL003;Filial SP;10006;Aspiradora de piso;Casa;88,9;189,9;3;;3/01/20 15:43;3/01/20 17:37
123456888;Rita Sampaio;Vendedor;CL003;Filial SP;10002;Tablet;Electrónicos;799;1424,91;2;;21/07/20 9:31;21/07/20 12:37
123456888;Rita Sampaio;Vendedor;CL003;Filial SP;10008;Cafetera;Cocina;159,9;284,9;3;;7/05/20 9:54;7/05/20 14:55
123456888;Rita Sampaio;Vendedor;CL003;Filial SP;10004;Máquina de lavar ropa;Electrodomésticos;1099;1709,1;1;0,05;11/09/20 17:43;16/09/20 9:51
123456888;Rita Sampaio;Vendedor;CL003;Filial SP;10001;Smartphone;Electrónicos;899,9;1676,9;3;;20/04/19 15:51;20/04/19 17:57
123456888;Rita Sampaio;Vendedor;CL003;Filial SP;10020;Impresora;Electrónicos;329,9;674,1;3;;11/08/20 16:45;12/08/20 15:53
123456888;Rita Sampaio;Vendedor;CL003;Filial SP;10007;Batidora;Cocina;49,9;95,9;2;;16/11/20 13:03;17/11/20 11:02
123456888;Rita Sampaio;Vendedor;CL003;Filial SP;10012;Procesador de alimentos;Cocina;110;189,9;3;;19/06/19 11:07;19/06/19 14:54
123456888;Rita Sampaio;Vendedor;CL003;Filial SP;10010;Freidora eléctrica;Cocina;187,9;340;4;;17/05/20 9:47;17/05/20 13:02
123456888;Rita Sampaio;Vendedor;CL003;Filial SP;10003;Televisor;Electrodomésticos;1400,9;2279,99;1;;31/07/19 14:54;4/08/19 15:06
123456888;Rita Sampaio;Vendedor;CL003;Filial SP;10012;Procesador de alimentos;Cocina;110;189,9;3;;4/11/20 9:56;4/11/20 12:24
123456888;Rita Sampaio;Vendedor;CL003;Filial SP;10007;Batidora;Cocina;49,9;95,9;1;;5/08/20 15:37;5/08/20 16:59
123456888;Rita Sampaio;Vendedor;CL003;Filial SP;10012;Procesador de alimentos;Cocina;110;189,9;4;;11/02/19 14:12;11/02/19 17:59
123456888;Rita Sampaio;Vendedor;CL003;Filial SP;10016;Guarda Ropa;Casa;489,9;999;2;;7/07/19 12:32;11/07/19 15:37
123456888;Rita Sampaio;Vendedor;CL003;Filial SP;10006;Aspiradora de piso;Casa;88,9;189,9;1;;31/03/19 14:37;31/03/19 15:12
123456888;Rita Sampaio;Vendedor;CL003;Filial SP;10006;Aspiradora de piso;Casa;88,9;189,9;1;;8/11/19 17:31;9/11/19 15:45
123456888;Rita Sampaio;Vendedor;CL003;Filial SP;10017;Cama Box;Casa;1189,9;1899,5;1;;17/06/19 16:48;19/06/19 17:27
123456888;Rita Sampaio;Vendedor;CL003;Filial SP;10006;Aspiradora de piso;Casa;88,9;189,9;2;;4/12/19 13:29;5/12/19 11:51
123456888;Rita Sampaio;Vendedor;CL003;Filial SP;10003;Televisor;Electrodomésticos;1400,9;2279,99;2;;28/02/19 15:00;6/03/19 12:10
123456888;Rita Sampaio;Vendedor;CL003;Filial SP;10001;Smartphone;Electrónicos;899,9;1676,9;4;;9/05/19 13:13;10/05/19 9:47
123456888;Rita Sampaio;Vendedor;CL003;Filial SP;10011;Licuadora;Cocina;59,9;142,4;2;;29/11/19 15:24;30/11/19 9:08
123456888;Rita Sampaio;Vendedor;CL003;Filial SP;10007;Batidora;Cocina;49,9;95,9;3;;20/02/19 9:56;20/02/19 10:50
123456888;Rita Sampaio;Vendedor;CL003;Filial SP;10007;Batidora;Cocina;49,9;95,9;2;;3/02/20 13:56;4/02/20 10:59
123456888;Rita Sampaio;Vendedor;CL003;Filial SP;10015;Microondas;Electrodomésticos;189;364,5;3;;18/02/20 13:35;19/02/20 13:29
123456888;Rita Sampaio;Vendedor;CL003;Filial SP;10009;Plancha;Casa;27,9;55,9;4;;11/08/20 13:45;11/08/20 14:20
123456888;Rita Sampaio;Vendedor;CL003;Filial SP;10008;Cafetera;Cocina;159,9;284,9;1;;15/07/19 16:33;16/07/19 13:05
123456888;Rita Sampaio;Vendedor;CL003;Filial SP;10010;Freidora eléctrica;Cocina;187,9;340;1;;27/09/19 9:14;27/09/19 11:07
123456888;Rita Sampaio;Vendedor;CL003;Filial SP;10019;Sofá;Casa;789,9;1399;1;;20/07/20 14:47;26/07/20 15:18
123456888;Rita Sampaio;Vendedor;CL003;Filial SP;10002;Tablet;Electrónicos;799;1424,91;4;;18/07/19 15:30;19/07/19 11:55
123456888;Rita Sampaio;Vendedor;CL003;Filial SP;10012;Procesador de alimentos;Cocina;110;189,9;2;;8/07/20 12:15;8/07/20 13:21
123456888;Rita Sampaio;Vendedor;CL003;Filial SP;10013;Fogón;Electrodomésticos;210,9;404,1;3;;23/01/20 15:51;26/01/20 15:45
123456888;Rita Sampaio;Vendedor;CL003;Filial SP;10015;Microondas;Electrodomésticos;189;364,5;4;;12/05/20 14:11;13/05/20 9:35
123456888;Rita Sampaio;Vendedor;CL003;Filial SP;10001;Smartphone;Electrónicos;899,9;1676,9;1;;9/05/20 12:00;10/05/20 11:47
123456888;Rita Sampaio;Vendedor;CL003;Filial SP;10012;Procesador de alimentos;Cocina;110;189,9;3;;23/06/20 11:10;23/06/20 13:02
123456888;Rita Sampaio;Vendedor;CL003;Filial SP;10009;Plancha;Casa;27,9;55,9;4;;18/02/19 16:26;18/02/19 16:50
123456888;Rita Sampaio;Vendedor;CL003;Filial SP;10018;Colchón;Casa;109,9;249,9;3;;3/10/19 10:13;3/10/19 11:11
123456888;Rita Sampaio;Vendedor;CL003;Filial SP;10004;Máquina de lavar ropa;Electrodomésticos;1099;1709,1;1;0,05;19/09/20 10:21;23/09/20 17:45
123456888;Rita Sampaio;Vendedor;CL003;Filial SP;10008;Cafetera;Cocina;159,9;284,9;3;;19/03/19 14:45;19/03/19 17:35
123456888;Rita Sampaio;Vendedor;CL003;Filial SP;10015;Microondas;Electrodomésticos;189;364,5;3;;1/12/20 14:55;1/12/20 16:08
123456888;Rita Sampaio;Vendedor;CL003;Filial SP;10016;Guarda Ropa;Casa;489,9;999;2;;24/04/19 14:13;26/04/19 13:13
123456888;Rita Sampaio;Vendedor;CL003;Filial SP;10019;Sofá;Casa;789,9;1399;2;;1/09/20 15:23;6/09/20 17:46
123456888;Rita Sampaio;Vendedor;CL003;Filial SP;10015;Microondas;Electrodomésticos;189;364,5;1;;1/02/20 16:07;2/02/20 9:46
123456888;Rita Sampaio;Vendedor;CL003;Filial SP;10003;Televisor;Electrodomésticos;1400,9;2279,99;3;;31/05/19 15:48;2/06/19 11:30
123456888;Rita Sampaio;Vendedor;CL003;Filial SP;10020;Impresora;Electrónicos;329,9;674,1;2;;1/12/19 16:56;2/12/19 13:48
123456888;Rita Sampaio;Vendedor;CL003;Filial SP;10002;Tablet;Electrónicos;799;1424,91;4;;29/01/19 14:41;29/01/19 17:58
123456888;Rita Sampaio;Vendedor;CL003;Filial SP;10020;Impresora;Electrónicos;329,9;674,1;3;;26/08/20 9:31;26/08/20 11:45
123456888;Rita Sampaio;Vendedor;CL003;Filial SP;10016;Guarda Ropa;Casa;489,9;999;4;;6/05/19 17:43;8/05/19 9:22
123456888;Rita Sampaio;Vendedor;CL003;Filial SP;10002;Tablet;Electrónicos;799;1424,91;2;;11/04/20 17:18;11/04/20 17:25
123456888;Rita Sampaio;Vendedor;CL003;Filial SP;10007;Batidora;Cocina;49,9;95,9;1;;15/10/19 9:11;15/10/19 12:33
123456888;Rita Sampaio;Vendedor;CL003;Filial SP;10017;Cama Box;Casa;1189,9;1899,5;2;;28/04/19 14:32;4/05/19 11:45
123456888;Rita Sampaio;Vendedor;CL003;Filial SP;10014;Heladera;Electrodomésticos;699,9;1346,9;2;;20/06/19 10:43;25/06/19 9:53
123456888;Rita Sampaio;Vendedor;CL003;Filial SP;10013;Fogón;Electrodomésticos;210,9;404,1;2;;16/11/20 17:52;22/11/20 9:36
123456888;Rita Sampaio;Vendedor;CL003;Filial SP;10016;Guarda Ropa;Casa;489,9;999;4;;19/02/20 14:50;21/02/20 16:39
123456888;Rita Sampaio;Vendedor;CL003;Filial SP;10010;Freidora eléctrica;Cocina;187,9;340;2;;2/10/19 17:09;3/10/19 9:32
123456888;Rita Sampaio;Vendedor;CL003;Filial SP;10020;Impresora;Electrónicos;329,9;674,1;1;;15/05/19 9:12;15/05/19 9:19
123456888;Rita Sampaio;Vendedor;CL003;Filial SP;10015;Microondas;Electrodomésticos;189;364,5;4;;14/06/20 13:41;15/06/20 10:56
123456888;Rita Sampaio;Vendedor;CL003;Filial SP;10011;Licuadora;Cocina;59,9;142,4;3;;18/06/20 14:23;18/06/20 15:22
123456888;Rita Sampaio;Vendedor;CL003;Filial SP;10005;Notebook;Electrónicos;2299,9;3199;2;;25/10/19 10:59;26/10/19 10:07
123456888;Rita Sampaio;Vendedor;CL003;Filial SP;10017;Cama Box;Casa;1189,9;1899,5;2;;19/05/20 13:53;26/05/20 12:44
123456888;Rita Sampaio;Vendedor;CL003;Filial SP;10004;Máquina de lavar ropa;Electrodomésticos;1099;1709,1;1;0,05;9/04/19 9:58;14/04/19 12:40
123456888;Rita Sampaio;Vendedor;CL003;Filial SP;10019;Sofá;Casa;789,9;1399;1;;11/09/20 17:30;17/09/20 16:03
123456888;Rita Sampaio;Vendedor;CL003;Filial SP;10020;Impresora;Electrónicos;329,9;674,1;1;;5/04/20 12:11;6/04/20 10:36
123456888;Rita Sampaio;Vendedor;CL003;Filial SP;10004;Máquina de lavar ropa;Electrodomésticos;1099;1709,1;3;0,09;9/06/20 14:14;14/06/20 9:33
123456888;Rita Sampaio;Vendedor;CL003;Filial SP;10010;Freidora eléctrica;Cocina;187,9;340;2;;22/03/20 11:29;23/03/20 11:26
123456888;Rita Sampaio;Vendedor;CL003;Filial SP;10011;Licuadora;Cocina;59,9;142,4;1;;23/03/19 17:20;24/03/19 10:05
123456888;Rita Sampaio;Vendedor;CL003;Filial SP;10011;Licuadora;Cocina;59,9;142,4;2;;14/05/19 16:25;15/05/19 11:31
123456888;Rita Sampaio;Vendedor;CL003;Filial SP;10015;Microondas;Electrodomésticos;189;364,5;3;;20/11/20 16:53;21/11/20 9:18
123456888;Rita Sampaio;Vendedor;CL003;Filial SP;10004;Máquina de lavar ropa;Electrodomésticos;1099;1709,1;2;0,07;12/01/20 12:31;15/01/20 11:36
123456888;Rita Sampaio;Vendedor;CL003;Filial SP;10017;Cama Box;Casa;1189,9;1899,5;2;;10/04/19 12:17;16/04/19 16:59
123456888;Rita Sampaio;Vendedor;CL003;Filial SP;10012;Procesador de alimentos;Cocina;110;189,9;4;;29/08/19 15:31;30/08/19 9:08
123456888;Rita Sampaio;Vendedor;CL003;Filial SP;10003;Televisor;Electrodomésticos;1400,9;2279,99;3;;30/04/19 16:00;2/05/19 13:43
123456888;Rita Sampaio;Vendedor;CL003;Filial SP;10005;Notebook;Electrónicos;2299,9;3199;3;;13/03/20 16:38;14/03/20 12:38
123456888;Rita Sampaio;Vendedor;CL003;Filial SP;10014;Heladera;Electrodomésticos;699,9;1346,9;3;;16/09/19 13:39;18/09/19 12:39
123456888;Rita Sampaio;Vendedor;CL003;Filial SP;10015;Microondas;Electrodomésticos;189;364,5;3;;30/07/20 12:26;31/07/20 10:03
123456888;Rita Sampaio;Vendedor;CL003;Filial SP;10013;Fogón;Electrodomésticos;210,9;404,1;4;;19/09/19 13:38;24/09/19 15:13
123456888;Rita Sampaio;Vendedor;CL003;Filial SP;10002;Tablet;Electrónicos;799;1424,91;1;;10/05/20 14:06;10/05/20 14:55
123456888;Rita Sampaio;Vendedor;CL003;Filial SP;10019;Sofá;Casa;789,9;1399;3;;22/11/20 14:33;25/11/20 9:29
123456888;Rita Sampaio;Vendedor;CL003;Filial SP;10002;Tablet;Electrónicos;799;1424,91;1;;14/06/19 17:57;15/06/19 15:47
123456888;Rita Sampaio;Vendedor;CL003;Filial SP;10016;Guarda Ropa;Casa;489,9;999;2;;3/08/20 14:07;5/08/20 17:42
123456888;Rita Sampaio;Vendedor;CL003;Filial SP;10004;Máquina de lavar ropa;Electrodomésticos;1099;1709,1;3;0,09;15/09/19 16:48;21/09/19 15:32
123456888;Rita Sampaio;Vendedor;CL003;Filial SP;10008;Cafetera;Cocina;159,9;284,9;1;;11/04/19 12:06;11/04/19 15:06
123456888;Rita Sampaio;Vendedor;CL003;Filial SP;10019;Sofá;Casa;789,9;1399;1;;28/07/19 12:05;3/08/19 12:50
123456888;Rita Sampaio;Vendedor;CL003;Filial SP;10016;Guarda Ropa;Casa;489,9;999;2;;20/02/20 9:37;27/02/20 15:57
123456888;Rita Sampaio;Vendedor;CL003;Filial SP;10006;Aspiradora de piso;Casa;88,9;189,9;2;;24/12/19 13:36;24/12/19 17:43
123456888;Rita Sampaio;Vendedor;CL003;Filial SP;10015;Microondas;Electrodomésticos;189;364,5;3;;17/03/19 10:43;17/03/19 11:03
123456888;Rita Sampaio;Vendedor;CL003;Filial SP;10002;Tablet;Electrónicos;799;1424,91;3;;22/10/19 9:41;22/10/19 17:10
123456888;Rita Sampaio;Vendedor;CL003;Filial SP;10013;Fogón;Electrodomésticos;210,9;404,1;3;;8/06/20 15:17;14/06/20 15:41
123456888;Rita Sampaio;Vendedor;CL003;Filial SP;10001;Smartphone;Electrónicos;899,9;1676,9;1;;17/12/20 16:24;18/12/20 12:26
123456888;Rita Sampaio;Vendedor;CL003;Filial SP;10008;Cafetera;Cocina;159,9;284,9;1;;8/12/20 12:49;9/12/20 12:38
123456888;Rita Sampaio;Vendedor;CL003;Filial SP;10007;Batidora;Cocina;49,9;95,9;3;;23/09/19 9:40;23/09/19 11:56
123456888;Rita Sampaio;Vendedor;CL003;Filial SP;10009;Plancha;Casa;27,9;55,9;1;;26/03/20 16:56;27/03/20 13:31
123456888;Rita Sampaio;Vendedor;CL003;Filial SP;10015;Microondas;Electrodomésticos;189;364,5;1;;20/05/19 12:12;20/05/19 16:07
123456888;Rita Sampaio;Vendedor;CL003;Filial SP;10017;Cama Box;Casa;1189,9;1899,5;4;;2/03/19 16:35;8/03/19 10:34
123456888;Rita Sampaio;Vendedor;CL003;Filial SP;10018;Colchón;Casa;109,9;249,9;2;;7/04/19 10:27;8/04/19 10:11
123456888;Rita Sampaio;Vendedor;CL003;Filial SP;10005;Notebook;Electrónicos;2299,9;3199;2;;18/08/19 10:29;18/08/19 11:12
123456888;Rita Sampaio;Vendedor;CL003;Filial SP;10008;Cafetera;Cocina;159,9;284,9;4;;5/06/19 15:01;5/06/19 15:24
123456888;Rita Sampaio;Vendedor;CL003;Filial SP;10005;Notebook;Electrónicos;2299,9;3199;3;;15/10/20 14:15;16/10/20 13:07
123456888;Rita Sampaio;Vendedor;CL003;Filial SP;10001;Smartphone;Electrónicos;899,9;1676,9;3;;23/03/19 16:14;24/03/19 14:02
123456888;Rita Sampaio;Vendedor;CL003;Filial SP;10009;Plancha;Casa;27,9;55,9;2;;13/03/20 16:20;14/03/20 10:55
123456888;Rita Sampaio;Vendedor;CL003;Filial SP;10013;Fogón;Electrodomésticos;210,9;404,1;3;;13/07/19 17:33;15/07/19 13:40
123456888;Rita Sampaio;Vendedor;CL003;Filial SP;10006;Aspiradora de piso;Casa;88,9;189,9;2;;3/09/19 14:29;4/09/19 11:32
123456888;Rita Sampaio;Vendedor;CL003;Filial SP;10009;Plancha;Casa;27,9;55,9;1;;15/06/19 11:29;15/06/19 16:52
123456888;Rita Sampaio;Vendedor;CL003;Filial SP;10017;Cama Box;Casa;1189,9;1899,5;1;;24/03/20 12:24;31/03/20 16:01
123456888;Rita Sampaio;Vendedor;CL003;Filial SP;10007;Batidora;Cocina;49,9;95,9;4;;8/03/19 17:49;9/03/19 11:40
123456888;Rita Sampaio;Vendedor;CL003;Filial SP;10006;Aspiradora de piso;Casa;88,9;189,9;2;;8/07/20 15:37;8/07/20 16:57
123456888;Rita Sampaio;Vendedor;CL003;Filial SP;10002;Tablet;Electrónicos;799;1424,91;3;;31/12/20 11:43;31/12/20 13:29
123456888;Rita Sampaio;Vendedor;CL003;Filial SP;10013;Fogón;Electrodomésticos;210,9;404,1;4;;25/09/20 12:24;29/09/20 9:09
123456888;Rita Sampaio;Vendedor;CL003;Filial SP;10001;Smartphone;Electrónicos;899,9;1676,9;4;;29/01/20 9:10;29/01/20 11:13
123456888;Rita Sampaio;Vendedor;CL003;Filial SP;10002;Tablet;Electrónicos;799;1424,91;3;;30/04/19 16:42;1/05/19 14:55
123456888;Rita Sampaio;Vendedor;CL003;Filial SP;10013;Fogón;Electrodomésticos;210,9;404,1;4;;22/12/19 15:44;26/12/19 9:06
123456888;Rita Sampaio;Vendedor;CL003;Filial SP;10017;Cama Box;Casa;1189,9;1899,5;4;;14/10/20 16:17;20/10/20 10:30
123456888;Rita Sampaio;Vendedor;CL003;Filial SP;10003;Televisor;Electrodomésticos;1400,9;2279,99;2;;27/08/19 14:42;1/09/19 14:13
123456888;Rita Sampaio;Vendedor;CL003;Filial SP;10016;Guarda Ropa;Casa;489,9;999;2;;9/08/20 10:29;13/08/20 10:26
123456888;Rita Sampaio;Vendedor;CL003;Filial SP;10020;Impresora;Electrónicos;329,9;674,1;1;;5/11/19 14:56;5/11/19 14:56
123456888;Rita Sampaio;Vendedor;CL003;Filial SP;10006;Aspiradora de piso;Casa;88,9;189,9;4;;7/05/20 12:32;7/05/20 16:28
123456888;Rita Sampaio;Vendedor;CL003;Filial SP;10012;Procesador de alimentos;Cocina;110;189,9;4;;24/02/19 16:00;25/02/19 14:35
123456888;Rita Sampaio;Vendedor;CL003;Filial SP;10003;Televisor;Electrodomésticos;1400,9;2279,99;3;;21/01/19 9:47;24/01/19 16:53
123456888;Rita Sampaio;Vendedor;CL003;Filial SP;10018;Colchón;Casa;109,9;249,9;1;;18/01/20 9:16;18/01/20 17:30
123456888;Rita Sampaio;Vendedor;CL003;Filial SP;10016;Guarda Ropa;Casa;489,9;999;3;;7/11/20 16:32;9/11/20 17:04
123456888;Rita Sampaio;Vendedor;CL003;Filial SP;10014;Heladera;Electrodomésticos;699,9;1346,9;3;;26/08/19 16:39;31/08/19 10:50
123456888;Rita Sampaio;Vendedor;CL003;Filial SP;10012;Procesador de alimentos;Cocina;110;189,9;3;;27/03/19 16:13;27/03/19 16:28
123456888;Rita Sampaio;Vendedor;CL003;Filial SP;10014;Heladera;Electrodomésticos;699,9;1346,9;1;;10/08/20 14:35;12/08/20 9:03
123456888;Rita Sampaio;Vendedor;CL003;Filial SP;10009;Plancha;Casa;27,9;55,9;2;;1/01/19 17:01;2/01/19 14:43
123456888;Rita Sampaio;Vendedor;CL003;Filial SP;10018;Colchón;Casa;109,9;249,9;2;;19/11/19 13:55;20/11/19 10:36
123456888;Rita Sampaio;Vendedor;CL003;Filial SP;10010;Freidora eléctrica;Cocina;187,9;340;3;;13/09/19 17:19;14/09/19 16:32
123456888;Rita Sampaio;Vendedor;CL003;Filial SP;10006;Aspiradora de piso;Casa;88,9;189,9;3;;15/09/20 12:24;16/09/20 9:16
123456888;Rita Sampaio;Vendedor;CL003;Filial SP;10019;Sofá;Casa;789,9;1399;4;;3/05/19 16:04;9/05/19 13:17
123456888;Rita Sampaio;Vendedor;CL003;Filial SP;10004;Máquina de lavar ropa;Electrodomésticos;1099;1709,1;2;0,07;10/02/20 10:39;16/02/20 16:59
123456888;Rita Sampaio;Vendedor;CL003;Filial SP;10002;Tablet;Electrónicos;799;1424,91;1;;30/03/19 16:01;31/03/19 14:55
123456888;Rita Sampaio;Vendedor;CL003;Filial SP;10014;Heladera;Electrodomésticos;699,9;1346,9;1;;3/03/20 11:29;6/03/20 10:47
123456888;Rita Sampaio;Vendedor;CL003;Filial SP;10001;Smartphone;Electrónicos;899,9;1676,9;2;;21/07/20 15:11;22/07/20 14:52
123456888;Rita Sampaio;Vendedor;CL003;Filial SP;10012;Procesador de alimentos;Cocina;110;189,9;4;;14/10/19 17:59;15/10/19 14:24
123456888;Rita Sampaio;Vendedor;CL003;Filial SP;10002;Tablet;Electrónicos;799;1424,91;1;;4/01/20 17:00;5/01/20 9:44
123456888;Rita Sampaio;Vendedor;CL003;Filial SP;10009;Plancha;Casa;27,9;55,9;3;;10/02/19 9:06;10/02/19 13:39
123456888;Rita Sampaio;Vendedor;CL003;Filial SP;10020;Impresora;Electrónicos;329,9;674,1;4;;25/10/19 14:26;26/10/19 12:02
123456888;Rita Sampaio;Vendedor;CL003;Filial SP;10012;Procesador de alimentos;Cocina;110;189,9;1;;2/09/20 11:19;2/09/20 15:34
123456888;Rita Sampaio;Vendedor;CL003;Filial SP;10002;Tablet;Electrónicos;799;1424,91;4;;30/08/19 9:09;30/08/19 12:38
123456888;Rita Sampaio;Vendedor;CL003;Filial SP;10006;Aspiradora de piso;Casa;88,9;189,9;2;;9/04/19 16:05;10/04/19 12:16
123456888;Rita Sampaio;Vendedor;CL003;Filial SP;10001;Smartphone;Electrónicos;899,9;1676,9;1;;15/11/20 10:08;15/11/20 10:29
123456888;Rita Sampaio;Vendedor;CL003;Filial SP;10017;Cama Box;Casa;1189,9;1899,5;4;;21/01/19 12:49;25/01/19 10:12
123456888;Rita Sampaio;Vendedor;CL003;Filial SP;10013;Fogón;Electrodomésticos;210,9;404,1;4;;27/10/20 13:25;31/10/20 9:33
123456888;Rita Sampaio;Vendedor;CL003;Filial SP;10006;Aspiradora de piso;Casa;88,9;189,9;2;;2/12/19 9:47;2/12/19 11:08
123456888;Rita Sampaio;Vendedor;CL003;Filial SP;10004;Máquina de lavar ropa;Electrodomésticos;1099;1709,1;4;0,1;1/11/20 12:51;6/11/20 15:16
123456888;Rita Sampaio;Vendedor;CL003;Filial SP;10020;Impresora;Electrónicos;329,9;674,1;4;;31/12/19 13:21;1/01/20 12:21
123456888;Rita Sampaio;Vendedor;CL003;Filial SP;10008;Cafetera;Cocina;159,9;284,9;1;;26/02/20 11:07;26/02/20 11:24
123456888;Rita Sampaio;Vendedor;CL003;Filial SP;10013;Fogón;Electrodomésticos;210,9;404,1;4;;3/11/20 15:55;10/11/20 10:16
123456888;Rita Sampaio;Vendedor;CL003;Filial SP;10008;Cafetera;Cocina;159,9;284,9;1;;12/11/20 12:19;13/11/20 10:04
123456888;Rita Sampaio;Vendedor;CL003;Filial SP;10001;Smartphone;Electrónicos;899,9;1676,9;1;;5/02/20 9:56;5/02/20 15:02
123456888;Rita Sampaio;Vendedor;CL003;Filial SP;10016;Guarda Ropa;Casa;489,9;999;1;;15/08/20 10:56;19/08/20 16:56
123456888;Rita Sampaio;Vendedor;CL003;Filial SP;10018;Colchón;Casa;109,9;249,9;3;;31/01/19 14:19;31/01/19 15:35
123456888;Rita Sampaio;Vendedor;CL003;Filial SP;10004;Máquina de lavar ropa;Electrodomésticos;1099;1709,1;3;0,09;26/09/19 10:40;30/09/19 11:26
123456888;Rita Sampaio;Vendedor;CL003;Filial SP;10016;Guarda Ropa;Casa;489,9;999;1;;26/03/19 15:52;31/03/19 12:47
123456888;Rita Sampaio;Vendedor;CL003;Filial SP;10014;Heladera;Electrodomésticos;699,9;1346,9;4;;11/09/20 15:58;17/09/20 13:46
123456888;Rita Sampaio;Vendedor;CL003;Filial SP;10005;Notebook;Electrónicos;2299,9;3199;3;;21/10/20 16:09;22/10/20 11:06
123456888;Rita Sampaio;Vendedor;CL003;Filial SP;10013;Fogón;Electrodomésticos;210,9;404,1;1;;6/08/20 16:36;10/08/20 10:44
123456888;Rita Sampaio;Vendedor;CL003;Filial SP;10008;Cafetera;Cocina;159,9;284,9;1;;24/11/20 11:29;24/11/20 15:06
123456888;Rita Sampaio;Vendedor;CL003;Filial SP;10004;Máquina de lavar ropa;Electrodomésticos;1099;1709,1;3;0,09;18/10/20 9:18;21/10/20 17:40
123456888;Rita Sampaio;Vendedor;CL003;Filial SP;10017;Cama Box;Casa;1189,9;1899,5;4;;9/04/20 11:03;13/04/20 9:29
123456888;Rita Sampaio;Vendedor;CL003;Filial SP;10018;Colchón;Casa;109,9;249,9;2;;28/02/19 10:55;28/02/19 15:19
123456888;Rita Sampaio;Vendedor;CL003;Filial SP;10004;Máquina de lavar ropa;Electrodomésticos;1099;1709,1;2;0,07;9/09/20 10:23;15/09/20 13:18
123456888;Rita Sampaio;Vendedor;CL003;Filial SP;10003;Televisor;Electrodomésticos;1400,9;2279,99;4;;1/10/19 10:40;3/10/19 12:17
123456888;Rita Sampaio;Vendedor;CL003;Filial SP;10008;Cafetera;Cocina;159,9;284,9;4;;18/02/19 9:23;18/02/19 16:05
123456888;Rita Sampaio;Vendedor;CL003;Filial SP;10008;Cafetera;Cocina;159,9;284,9;2;;26/07/20 12:11;27/07/20 9:21
123456888;Rita Sampaio;Vendedor;CL003;Filial SP;10013;Fogón;Electrodomésticos;210,9;404,1;3;;8/02/20 12:23;10/02/20 13:43
123456888;Rita Sampaio;Vendedor;CL003;Filial SP;10011;Licuadora;Cocina;59,9;142,4;1;;24/09/19 17:16;25/09/19 14:35
123456888;Rita Sampaio;Vendedor;CL003;Filial SP;10004;Máquina de lavar ropa;Electrodomésticos;1099;1709,1;3;0,09;15/10/20 10:31;19/10/20 11:30
123456888;Rita Sampaio;Vendedor;CL003;Filial SP;10013;Fogón;Electrodomésticos;210,9;404,1;2;;5/06/19 16:07;7/06/19 10:31
123456888;Rita Sampaio;Vendedor;CL003;Filial SP;10011;Licuadora;Cocina;59,9;142,4;1;;29/06/20 10:29;29/06/20 15:35
123456888;Rita Sampaio;Vendedor;CL003;Filial SP;10010;Freidora eléctrica;Cocina;187,9;340;1;;17/07/20 12:06;18/07/20 9:33
123456888;Rita Sampaio;Vendedor;CL003;Filial SP;10005;Notebook;Electrónicos;2299,9;3199;1;;28/01/20 11:43;28/01/20 17:16
123456888;Rita Sampaio;Vendedor;CL003;Filial SP;10020;Impresora;Electrónicos;329,9;674,1;2;;5/01/20 9:28;5/01/20 12:10
123456888;Rita Sampaio;Vendedor;CL003;Filial SP;10008;Cafetera;Cocina;159,9;284,9;4;;21/05/19 10:37;21/05/19 14:42
123456888;Rita Sampaio;Vendedor;CL003;Filial SP;10017;Cama Box;Casa;1189,9;1899,5;1;;18/07/19 15:36;22/07/19 12:04
123456888;Rita Sampaio;Vendedor;CL003;Filial SP;10003;Televisor;Electrodomésticos;1400,9;2279,99;3;;26/05/19 12:27;2/06/19 16:17
123456888;Rita Sampaio;Vendedor;CL003;Filial SP;10009;Plancha;Casa;27,9;55,9;2;;23/04/20 16:48;23/04/20 17:54
123456888;Rita Sampaio;Vendedor;CL003;Filial SP;10019;Sofá;Casa;789,9;1399;3;;21/10/20 17:47;23/10/20 10:09
123456888;Rita Sampaio;Vendedor;CL003;Filial SP;10019;Sofá;Casa;789,9;1399;4;;21/07/19 12:15;27/07/19 9:56
123456888;Rita Sampaio;Vendedor;CL003;Filial SP;10010;Freidora eléctrica;Cocina;187,9;340;4;;17/09/19 17:10;18/09/19 16:12
123456888;Rita Sampaio;Vendedor;CL003;Filial SP;10010;Freidora eléctrica;Cocina;187,9;340;2;;10/09/19 15:23;10/09/19 15:34
123456888;Rita Sampaio;Vendedor;CL003;Filial SP;10006;Aspiradora de piso;Casa;88,9;189,9;4;;10/07/20 16:58;11/07/20 11:35
123456888;Rita Sampaio;Vendedor;CL003;Filial SP;10014;Heladera;Electrodomésticos;699,9;1346,9;2;;27/08/20 14:41;29/08/20 12:53
123456888;Rita Sampaio;Vendedor;CL003;Filial SP;10012;Procesador de alimentos;Cocina;110;189,9;3;;9/08/20 9:26;9/08/20 10:24
123456888;Rita Sampaio;Vendedor;CL003;Filial SP;10012;Procesador de alimentos;Cocina;110;189,9;4;;23/10/20 9:27;23/10/20 9:41
123456888;Rita Sampaio;Vendedor;CL003;Filial SP;10007;Batidora;Cocina;49,9;95,9;2;;20/08/20 9:49;20/08/20 17:01
123456888;Rita Sampaio;Vendedor;CL003;Filial SP;10004;Máquina de lavar ropa;Electrodomésticos;1099;1709,1;2;0,07;8/09/20 16:28;12/09/20 9:14
123456888;Rita Sampaio;Vendedor;CL003;Filial SP;10002;Tablet;Electrónicos;799;1424,91;1;;29/07/20 13:02;29/07/20 13:16
123456888;Rita Sampaio;Vendedor;CL003;Filial SP;10020;Impresora;Electrónicos;329,9;674,1;4;;15/08/20 17:17;15/08/20 17:30
123456888;Rita Sampaio;Vendedor;CL003;Filial SP;10004;Máquina de lavar ropa;Electrodomésticos;1099;1709,1;2;0,07;29/08/20 16:57;31/08/20 11:48
123456888;Rita Sampaio;Vendedor;CL003;Filial SP;10009;Plancha;Casa;27,9;55,9;2;;7/10/20 9:33;7/10/20 11:17
123456888;Rita Sampaio;Vendedor;CL003;Filial SP;10018;Colchón;Casa;109,9;249,9;1;;22/08/20 14:26;23/08/20 9:33
123456888;Rita Sampaio;Vendedor;CL003;Filial SP;10006;Aspiradora de piso;Casa;88,9;189,9;1;;20/11/20 12:17;20/11/20 14:46
123456888;Rita Sampaio;Vendedor;CL003;Filial SP;10018;Colchón;Casa;109,9;249,9;2;;25/06/20 15:18;26/06/20 10:30
123456888;Rita Sampaio;Vendedor;CL003;Filial SP;10010;Freidora eléctrica;Cocina;187,9;340;1;;21/08/19 16:21;22/08/19 10:14
123456888;Rita Sampaio;Vendedor;CL003;Filial SP;10017;Cama Box;Casa;1189,9;1899,5;3;;19/03/20 15:22;26/03/20 12:25
123456888;Rita Sampaio;Vendedor;CL003;Filial SP;10006;Aspiradora de piso;Casa;88,9;189,9;1;;11/10/20 17:13;12/10/20 14:41
123456888;Rita Sampaio;Vendedor;CL003;Filial SP;10019;Sofá;Casa;789,9;1399;2;;29/03/20 11:34;5/04/20 17:26
123456888;Rita Sampaio;Vendedor;CL003;Filial SP;10019;Sofá;Casa;789,9;1399;4;;29/09/20 10:18;4/10/20 9:58
123456888;Rita Sampaio;Vendedor;CL003;Filial SP;10011;Licuadora;Cocina;59,9;142,4;1;;14/10/20 15:30;15/10/20 14:40
123456888;Rita Sampaio;Vendedor;CL003;Filial SP;10018;Colchón;Casa;109,9;249,9;2;;13/05/19 13:57;14/05/19 12:15
123456888;Rita Sampaio;Vendedor;CL003;Filial SP;10015;Microondas;Electrodomésticos;189;364,5;2;;5/11/20 9:09;5/11/20 13:26
123456888;Rita Sampaio;Vendedor;CL003;Filial SP;10020;Impresora;Electrónicos;329,9;674,1;3;;29/07/20 14:48;29/07/20 15:57
123456888;Rita Sampaio;Vendedor;CL003;Filial SP;10020;Impresora;Electrónicos;329,9;674,1;2;;26/06/20 9:11;26/06/20 17:03
123456888;Rita Sampaio;Vendedor;CL003;Filial SP;10013;Fogón;Electrodomésticos;210,9;404,1;2;;27/11/20 15:19;4/12/20 14:26
123456888;Rita Sampaio;Vendedor;CL003;Filial SP;10019;Sofá;Casa;789,9;1399;4;;7/12/20 12:26;11/12/20 17:12
123457112;Mario Enrique;Vendedor;CL004;Filial ES;10014;Heladera;Electrodomésticos;699,9;1346,9;4;;18/08/19 17:02;23/08/19 15:10
123457112;Mario Enrique;Vendedor;CL004;Filial ES;10014;Heladera;Electrodomésticos;699,9;1346,9;1;;1/07/20 14:35;4/07/20 12:36
123457112;Mario Enrique;Vendedor;CL004;Filial ES;10005;Notebook;Electrónicos;2299,9;3199;1;;9/11/19 13:57;10/11/19 10:29
123457112;Mario Enrique;Vendedor;CL004;Filial ES;10017;Cama Box;Casa;1189,9;1899,5;1;;10/12/20 14:32;15/12/20 17:09
123457112;Mario Enrique;Vendedor;CL004;Filial ES;10016;Guarda Ropa;Casa;489,9;999;4;;7/08/20 10:54;12/08/20 17:04
123457112;Mario Enrique;Vendedor;CL004;Filial ES;10003;Televisor;Electrodomésticos;1400,9;2279,99;2;;7/03/19 13:25;14/03/19 12:07
123457112;Mario Enrique;Vendedor;CL004;Filial ES;10009;Plancha;Casa;27,9;55,9;1;;25/11/19 16:19;26/11/19 13:20
123457112;Mario Enrique;Vendedor;CL004;Filial ES;10003;Televisor;Electrodomésticos;1400,9;2279,99;4;;30/11/20 13:39;7/12/20 9:04
123457112;Mario Enrique;Vendedor;CL004;Filial ES;10018;Colchón;Casa;109,9;249,9;2;;8/05/20 9:56;8/05/20 16:43
123457112;Mario Enrique;Vendedor;CL004;Filial ES;10004;Máquina de lavar ropa;Electrodomésticos;1099;1709,1;4;0,1;10/10/19 15:02;15/10/19 10:03
123457112;Mario Enrique;Vendedor;CL004;Filial ES;10018;Colchón;Casa;109,9;249,9;1;;29/12/19 16:12;30/12/19 9:27
123457112;Mario Enrique;Vendedor;CL004;Filial ES;10005;Notebook;Electrónicos;2299,9;3199;4;;29/03/19 13:53;30/03/19 9:12
123457112;Mario Enrique;Vendedor;CL004;Filial ES;10018;Colchón;Casa;109,9;249,9;4;;17/08/19 10:58;17/08/19 15:22
123457112;Mario Enrique;Vendedor;CL004;Filial ES;10003;Televisor;Electrodomésticos;1400,9;2279,99;3;;26/06/20 15:14;30/06/20 11:02
123457112;Mario Enrique;Vendedor;CL004;Filial ES;10004;Máquina de lavar ropa;Electrodomésticos;1099;1709,1;3;0,09;21/11/19 11:44;27/11/19 16:32
123457112;Mario Enrique;Vendedor;CL004;Filial ES;10002;Tablet;Electrónicos;799;1424,91;4;;14/03/20 10:39;14/03/20 12:31
123457112;Mario Enrique;Vendedor;CL004;Filial ES;10008;Cafetera;Cocina;159,9;284,9;4;;16/10/20 15:15;17/10/20 13:02
123457112;Mario Enrique;Vendedor;CL004;Filial ES;10017;Cama Box;Casa;1189,9;1899,5;3;;31/10/19 14:32;3/11/19 10:14
123457112;Mario Enrique;Vendedor;CL004;Filial ES;10011;Licuadora;Cocina;59,9;142,4;4;;26/10/19 9:38;26/10/19 15:49
123457112;Mario Enrique;Vendedor;CL004;Filial ES;10003;Televisor;Electrodomésticos;1400,9;2279,99;3;;8/10/19 14:01;11/10/19 13:38
123457112;Mario Enrique;Vendedor;CL004;Filial ES;10017;Cama Box;Casa;1189,9;1899,5;3;;23/04/20 11:41;27/04/20 16:02
123457112;Mario Enrique;Vendedor;CL004;Filial ES;10009;Plancha;Casa;27,9;55,9;3;;1/11/20 17:02;2/11/20 16:51
123457112;Mario Enrique;Vendedor;CL004;Filial ES;10010;Freidora eléctrica;Cocina;187,9;340;2;;30/07/20 10:42;30/07/20 10:53
123457112;Mario Enrique;Vendedor;CL004;Filial ES;10012;Procesador de alimentos;Cocina;110;189,9;2;;8/01/20 11:48;8/01/20 12:47
123457112;Mario Enrique;Vendedor;CL004;Filial ES;10011;Licuadora;Cocina;59,9;142,4;2;;25/02/19 12:03;26/02/19 11:46
123457112;Mario Enrique;Vendedor;CL004;Filial ES;10014;Heladera;Electrodomésticos;699,9;1346,9;3;;28/09/20 10:50;3/10/20 12:58
123457112;Mario Enrique;Vendedor;CL004;Filial ES;10003;Televisor;Electrodomésticos;1400,9;2279,99;1;;21/10/20 17:55;23/10/20 14:31
123457112;Mario Enrique;Vendedor;CL004;Filial ES;10015;Microondas;Electrodomésticos;189;364,5;4;;20/11/20 17:09;21/11/20 17:02
123457112;Mario Enrique;Vendedor;CL004;Filial ES;10019;Sofá;Casa;789,9;1399;4;;16/06/20 16:07;22/06/20 14:10
123457112;Mario Enrique;Vendedor;CL004;Filial ES;10019;Sofá;Casa;789,9;1399;3;;18/11/19 12:52;23/11/19 15:52
123457112;Mario Enrique;Vendedor;CL004;Filial ES;10018;Colchón;Casa;109,9;249,9;2;;21/07/19 16:18;22/07/19 13:44
123457112;Mario Enrique;Vendedor;CL004;Filial ES;10013;Fogón;Electrodomésticos;210,9;404,1;2;;15/11/19 12:48;19/11/19 13:02
123457112;Mario Enrique;Vendedor;CL004;Filial ES;10018;Colchón;Casa;109,9;249,9;3;;17/05/20 15:00;18/05/20 14:11
123457112;Mario Enrique;Vendedor;CL004;Filial ES;10001;Smartphone;Electrónicos;899,9;1676,9;2;;11/09/20 9:07;11/09/20 11:38
123457112;Mario Enrique;Vendedor;CL004;Filial ES;10009;Plancha;Casa;27,9;55,9;1;;19/11/19 16:50;20/11/19 14:32
123457112;Mario Enrique;Vendedor;CL004;Filial ES;10005;Notebook;Electrónicos;2299,9;3199;4;;25/02/20 10:54;25/02/20 12:37
123457112;Mario Enrique;Vendedor;CL004;Filial ES;10006;Aspiradora de piso;Casa;88,9;189,9;4;;17/11/20 16:52;18/11/20 12:57
123457112;Mario Enrique;Vendedor;CL004;Filial ES;10013;Fogón;Electrodomésticos;210,9;404,1;2;;16/04/19 15:04;19/04/19 13:28
123457112;Mario Enrique;Vendedor;CL004;Filial ES;10005;Notebook;Electrónicos;2299,9;3199;4;;13/10/20 9:45;13/10/20 10:48
123457112;Mario Enrique;Vendedor;CL004;Filial ES;10020;Impresora;Electrónicos;329,9;674,1;2;;26/01/19 14:46;26/01/19 16:11
123457112;Mario Enrique;Vendedor;CL004;Filial ES;10004;Máquina de lavar ropa;Electrodomésticos;1099;1709,1;2;0,07;12/07/20 9:23;19/07/20 11:12
123457112;Mario Enrique;Vendedor;CL004;Filial ES;10002;Tablet;Electrónicos;799;1424,91;2;;11/01/19 12:56;12/01/19 10:27
123457112;Mario Enrique;Vendedor;CL004;Filial ES;10019;Sofá;Casa;789,9;1399;2;;20/07/20 15:50;22/07/20 15:20
123457112;Mario Enrique;Vendedor;CL004;Filial ES;10006;Aspiradora de piso;Casa;88,9;189,9;1;;2/07/20 11:12;2/07/20 13:32
123457112;Mario Enrique;Vendedor;CL004;Filial ES;10017;Cama Box;Casa;1189,9;1899,5;2;;2/09/20 10:23;5/09/20 9:08
123457112;Mario Enrique;Vendedor;CL004;Filial ES;10010;Freidora eléctrica;Cocina;187,9;340;4;;13/05/19 10:03;13/05/19 12:03
123457112;Mario Enrique;Vendedor;CL004;Filial ES;10013;Fogón;Electrodomésticos;210,9;404,1;3;;4/04/19 11:31;11/04/19 17:20
123457112;Mario Enrique;Vendedor;CL004;Filial ES;10001;Smartphone;Electrónicos;899,9;1676,9;1;;12/01/19 14:43;13/01/19 13:59
123457112;Mario Enrique;Vendedor;CL004;Filial ES;10018;Colchón;Casa;109,9;249,9;1;;14/08/20 13:37;14/08/20 15:08
123457112;Mario Enrique;Vendedor;CL004;Filial ES;10020;Impresora;Electrónicos;329,9;674,1;2;;3/06/20 13:15;3/06/20 16:29
123457112;Mario Enrique;Vendedor;CL004;Filial ES;10018;Colchón;Casa;109,9;249,9;1;;16/07/19 13:52;17/07/19 9:22
123457112;Mario Enrique;Vendedor;CL004;Filial ES;10005;Notebook;Electrónicos;2299,9;3199;2;;9/06/19 15:55;10/06/19 15:14
123457112;Mario Enrique;Vendedor;CL004;Filial ES;10012;Procesador de alimentos;Cocina;110;189,9;1;;7/10/19 15:11;8/10/19 14:18
123457112;Mario Enrique;Vendedor;CL004;Filial ES;10010;Freidora eléctrica;Cocina;187,9;340;2;;27/09/19 17:51;28/09/19 10:43
123457112;Mario Enrique;Vendedor;CL004;Filial ES;10020;Impresora;Electrónicos;329,9;674,1;1;;4/03/19 17:50;5/03/19 12:13
123457112;Mario Enrique;Vendedor;CL004;Filial ES;10001;Smartphone;Electrónicos;899,9;1676,9;2;;24/02/20 14:11;25/02/20 12:40
123457112;Mario Enrique;Vendedor;CL004;Filial ES;10004;Máquina de lavar ropa;Electrodomésticos;1099;1709,1;4;0,1;15/01/20 17:40;19/01/20 16:34
123457112;Mario Enrique;Vendedor;CL004;Filial ES;10011;Licuadora;Cocina;59,9;142,4;4;;16/11/19 16:05;17/11/19 9:22
123457112;Mario Enrique;Vendedor;CL004;Filial ES;10006;Aspiradora de piso;Casa;88,9;189,9;3;;16/03/19 14:59;17/03/19 14:36
123457112;Mario Enrique;Vendedor;CL004;Filial ES;10005;Notebook;Electrónicos;2299,9;3199;4;;29/03/19 15:25;30/03/19 10:15
123457112;Mario Enrique;Vendedor;CL004;Filial ES;10001;Smartphone;Electrónicos;899,9;1676,9;3;;23/10/19 12:09;23/10/19 17:31
123457112;Mario Enrique;Vendedor;CL004;Filial ES;10009;Plancha;Casa;27,9;55,9;3;;30/03/20 13:44;31/03/20 11:23
123457112;Mario Enrique;Vendedor;CL004;Filial ES;10020;Impresora;Electrónicos;329,9;674,1;3;;19/08/19 16:22;20/08/19 11:46
123457112;Mario Enrique;Vendedor;CL004;Filial ES;10008;Cafetera;Cocina;159,9;284,9;1;;26/02/20 9:40;26/02/20 10:07
123457112;Mario Enrique;Vendedor;CL004;Filial ES;10006;Aspiradora de piso;Casa;88,9;189,9;3;;1/01/20 13:45;1/01/20 14:46
123457112;Mario Enrique;Vendedor;CL004;Filial ES;10020;Impresora;Electrónicos;329,9;674,1;3;;8/11/20 13:00;8/11/20 17:01
123457112;Mario Enrique;Vendedor;CL004;Filial ES;10012;Procesador de alimentos;Cocina;110;189,9;1;;11/08/20 17:05;11/08/20 17:53
123457112;Mario Enrique;Vendedor;CL004;Filial ES;10005;Notebook;Electrónicos;2299,9;3199;2;;25/10/20 17:19;26/10/20 12:41
123457112;Mario Enrique;Vendedor;CL004;Filial ES;10002;Tablet;Electrónicos;799;1424,91;2;;10/02/19 12:06;10/02/19 12:29
123457112;Mario Enrique;Vendedor;CL004;Filial ES;10010;Freidora eléctrica;Cocina;187,9;340;1;;11/02/19 10:35;12/02/19 9:08
123457112;Mario Enrique;Vendedor;CL004;Filial ES;10007;Batidora;Cocina;49,9;95,9;2;;18/09/19 9:03;18/09/19 10:18
123457112;Mario Enrique;Vendedor;CL004;Filial ES;10012;Procesador de alimentos;Cocina;110;189,9;3;;15/06/19 16:49;16/06/19 12:20
123457112;Mario Enrique;Vendedor;CL004;Filial ES;10003;Televisor;Electrodomésticos;1400,9;2279,99;1;;6/06/19 14:29;13/06/19 14:04
123457112;Mario Enrique;Vendedor;CL004;Filial ES;10015;Microondas;Electrodomésticos;189;364,5;3;;14/05/19 12:44;15/05/19 11:32
123457112;Mario Enrique;Vendedor;CL004;Filial ES;10005;Notebook;Electrónicos;2299,9;3199;1;;9/03/20 17:18;10/03/20 9:04
123457112;Mario Enrique;Vendedor;CL004;Filial ES;10002;Tablet;Electrónicos;799;1424,91;3;;6/10/19 10:14;6/10/19 13:13
123457112;Mario Enrique;Vendedor;CL004;Filial ES;10007;Batidora;Cocina;49,9;95,9;4;;18/04/20 14:25;19/04/20 9:38
123457112;Mario Enrique;Vendedor;CL004;Filial ES;10003;Televisor;Electrodomésticos;1400,9;2279,99;4;;28/12/20 9:42;31/12/20 9:04
123457112;Mario Enrique;Vendedor;CL004;Filial ES;10020;Impresora;Electrónicos;329,9;674,1;3;;3/05/19 12:27;3/05/19 13:05
123457112;Mario Enrique;Vendedor;CL004;Filial ES;10001;Smartphone;Electrónicos;899,9;1676,9;4;;13/04/20 16:24;14/04/20 10:28
123457112;Mario Enrique;Vendedor;CL004;Filial ES;10015;Microondas;Electrodomésticos;189;364,5;3;;28/11/19 16:47;29/11/19 15:47
123457112;Mario Enrique;Vendedor;CL004;Filial ES;10016;Guarda Ropa;Casa;489,9;999;1;;13/05/20 15:09;19/05/20 9:12
123457112;Mario Enrique;Vendedor;CL004;Filial ES;10001;Smartphone;Electrónicos;899,9;1676,9;1;;17/02/19 15:23;17/02/19 17:46
123457112;Mario Enrique;Vendedor;CL004;Filial ES;10005;Notebook;Electrónicos;2299,9;3199;3;;13/05/20 13:08;14/05/20 11:27
123457112;Mario Enrique;Vendedor;CL004;Filial ES;10009;Plancha;Casa;27,9;55,9;3;;22/05/19 9:19;22/05/19 11:10
123457112;Mario Enrique;Vendedor;CL004;Filial ES;10016;Guarda Ropa;Casa;489,9;999;2;;5/01/20 14:48;9/01/20 14:46
123457112;Mario Enrique;Vendedor;CL004;Filial ES;10001;Smartphone;Electrónicos;899,9;1676,9;3;;9/12/19 12:59;9/12/19 17:26
123457112;Mario Enrique;Vendedor;CL004;Filial ES;10003;Televisor;Electrodomésticos;1400,9;2279,99;3;;25/05/19 14:01;27/05/19 10:44
123457112;Mario Enrique;Vendedor;CL004;Filial ES;10015;Microondas;Electrodomésticos;189;364,5;2;;10/09/19 12:08;11/09/19 10:43
123457112;Mario Enrique;Vendedor;CL004;Filial ES;10006;Aspiradora de piso;Casa;88,9;189,9;4;;31/05/20 13:34;1/06/20 13:25
123457112;Mario Enrique;Vendedor;CL004;Filial ES;10006;Aspiradora de piso;Casa;88,9;189,9;4;;12/12/20 17:00;13/12/20 13:04
123457112;Mario Enrique;Vendedor;CL004;Filial ES;10006;Aspiradora de piso;Casa;88,9;189,9;3;;20/12/19 9:13;20/12/19 10:34
123457112;Mario Enrique;Vendedor;CL004;Filial ES;10004;Máquina de lavar ropa;Electrodomésticos;1099;1709,1;4;0,1;6/05/19 12:21;13/05/19 10:40
123457112;Mario Enrique;Vendedor;CL004;Filial ES;10001;Smartphone;Electrónicos;899,9;1676,9;4;;2/08/20 15:30;3/08/20 14:05
123457112;Mario Enrique;Vendedor;CL004;Filial ES;10002;Tablet;Electrónicos;799;1424,91;3;;20/12/20 10:05;20/12/20 12:31
123457112;Mario Enrique;Vendedor;CL004;Filial ES;10004;Máquina de lavar ropa;Electrodomésticos;1099;1709,1;3;0,09;13/01/19 14:39;19/01/19 13:53
123457112;Mario Enrique;Vendedor;CL004;Filial ES;10015;Microondas;Electrodomésticos;189;364,5;2;;4/11/20 9:58;4/11/20 13:18
123457112;Mario Enrique;Vendedor;CL004;Filial ES;10005;Notebook;Electrónicos;2299,9;3199;1;;25/04/20 9:04;25/04/20 9:46
123457112;Mario Enrique;Vendedor;CL004;Filial ES;10017;Cama Box;Casa;1189,9;1899,5;3;;10/05/19 9:28;15/05/19 10:31
123457112;Mario Enrique;Vendedor;CL004;Filial ES;10018;Colchón;Casa;109,9;249,9;3;;9/09/19 10:41;9/09/19 15:57
123457112;Mario Enrique;Vendedor;CL004;Filial ES;10004;Máquina de lavar ropa;Electrodomésticos;1099;1709,1;2;0,07;7/08/19 14:41;10/08/19 11:40
123457112;Mario Enrique;Vendedor;CL004;Filial ES;10011;Licuadora;Cocina;59,9;142,4;3;;1/07/20 16:30;2/07/20 16:19
123457112;Mario Enrique;Vendedor;CL004;Filial ES;10016;Guarda Ropa;Casa;489,9;999;4;;29/04/19 12:15;5/05/19 14:47
123457112;Mario Enrique;Vendedor;CL004;Filial ES;10008;Cafetera;Cocina;159,9;284,9;3;;26/12/19 10:14;26/12/19 16:36
123457112;Mario Enrique;Vendedor;CL004;Filial ES;10016;Guarda Ropa;Casa;489,9;999;3;;5/02/20 17:34;9/02/20 14:17
123457112;Mario Enrique;Vendedor;CL004;Filial ES;10012;Procesador de alimentos;Cocina;110;189,9;1;;2/04/19 11:47;2/04/19 12:18
123457112;Mario Enrique;Vendedor;CL004;Filial ES;10015;Microondas;Electrodomésticos;189;364,5;4;;25/08/19 14:11;26/08/19 12:38
123457112;Mario Enrique;Vendedor;CL004;Filial ES;10001;Smartphone;Electrónicos;899,9;1676,9;4;;24/02/20 14:00;25/02/20 13:33
123457112;Mario Enrique;Vendedor;CL004;Filial ES;10013;Fogón;Electrodomésticos;210,9;404,1;1;;19/02/20 13:31;21/02/20 16:42
123457112;Mario Enrique;Vendedor;CL004;Filial ES;10016;Guarda Ropa;Casa;489,9;999;4;;11/09/19 11:08;14/09/19 12:19
123457112;Mario Enrique;Vendedor;CL004;Filial ES;10015;Microondas;Electrodomésticos;189;364,5;2;;29/04/20 9:30;29/04/20 9:41
123457112;Mario Enrique;Vendedor;CL004;Filial ES;10015;Microondas;Electrodomésticos;189;364,5;4;;12/05/19 11:38;12/05/19 14:15
123457112;Mario Enrique;Vendedor;CL004;Filial ES;10020;Impresora;Electrónicos;329,9;674,1;2;;17/01/20 16:33;18/01/20 10:43
123457112;Mario Enrique;Vendedor;CL004;Filial ES;10006;Aspiradora de piso;Casa;88,9;189,9;2;;25/07/19 10:55;25/07/19 15:36
123457112;Mario Enrique;Vendedor;CL004;Filial ES;10019;Sofá;Casa;789,9;1399;3;;13/01/19 13:08;20/01/19 14:12
123457112;Mario Enrique;Vendedor;CL004;Filial ES;10010;Freidora eléctrica;Cocina;187,9;340;4;;27/03/20 10:56;27/03/20 16:39
123457112;Mario Enrique;Vendedor;CL004;Filial ES;10011;Licuadora;Cocina;59,9;142,4;4;;6/02/20 11:54;6/02/20 15:47
123457112;Mario Enrique;Vendedor;CL004;Filial ES;10015;Microondas;Electrodomésticos;189;364,5;2;;26/12/19 13:54;26/12/19 16:16
123457112;Mario Enrique;Vendedor;CL004;Filial ES;10019;Sofá;Casa;789,9;1399;2;;12/11/19 17:23;15/11/19 14:13
123457112;Mario Enrique;Vendedor;CL004;Filial ES;10008;Cafetera;Cocina;159,9;284,9;2;;30/11/20 14:54;1/12/20 13:32
123457112;Mario Enrique;Vendedor;CL004;Filial ES;10014;Heladera;Electrodomésticos;699,9;1346,9;3;;22/01/20 14:53;26/01/20 14:27
123457112;Mario Enrique;Vendedor;CL004;Filial ES;10010;Freidora eléctrica;Cocina;187,9;340;4;;11/08/19 10:09;11/08/19 16:58
123457112;Mario Enrique;Vendedor;CL004;Filial ES;10019;Sofá;Casa;789,9;1399;1;;31/10/19 12:30;5/11/19 13:06
123457112;Mario Enrique;Vendedor;CL004;Filial ES;10011;Licuadora;Cocina;59,9;142,4;4;;10/06/20 14:11;11/06/20 12:25
123457112;Mario Enrique;Vendedor;CL004;Filial ES;10003;Televisor;Electrodomésticos;1400,9;2279,99;3;;10/10/20 11:40;17/10/20 14:05
123457112;Mario Enrique;Vendedor;CL004;Filial ES;10009;Plancha;Casa;27,9;55,9;2;;12/05/19 9:10;12/05/19 16:18
123457112;Mario Enrique;Vendedor;CL004;Filial ES;10011;Licuadora;Cocina;59,9;142,4;1;;4/09/20 13:59;4/09/20 17:27
123457112;Mario Enrique;Vendedor;CL004;Filial ES;10012;Procesador de alimentos;Cocina;110;189,9;3;;18/03/19 11:34;19/03/19 9:35
123457112;Mario Enrique;Vendedor;CL004;Filial ES;10013;Fogón;Electrodomésticos;210,9;404,1;4;;28/12/19 17:48;1/01/20 14:31
123457112;Mario Enrique;Vendedor;CL004;Filial ES;10020;Impresora;Electrónicos;329,9;674,1;4;;13/12/20 9:49;13/12/20 14:20
123457112;Mario Enrique;Vendedor;CL004;Filial ES;10019;Sofá;Casa;789,9;1399;2;;16/08/19 15:20;19/08/19 13:37
123457112;Mario Enrique;Vendedor;CL004;Filial ES;10013;Fogón;Electrodomésticos;210,9;404,1;1;;20/01/19 12:57;22/01/19 11:45
123457112;Mario Enrique;Vendedor;CL004;Filial ES;10016;Guarda Ropa;Casa;489,9;999;2;;27/01/20 10:18;1/02/20 16:42
123457112;Mario Enrique;Vendedor;CL004;Filial ES;10017;Cama Box;Casa;1189,9;1899,5;1;;30/11/20 12:02;4/12/20 11:22
123457112;Mario Enrique;Vendedor;CL004;Filial ES;10015;Microondas;Electrodomésticos;189;364,5;1;;3/09/19 15:33;4/09/19 13:39
123457112;Mario Enrique;Vendedor;CL004;Filial ES;10003;Televisor;Electrodomésticos;1400,9;2279,99;3;;7/04/20 17:29;11/04/20 9:28
123457112;Mario Enrique;Vendedor;CL004;Filial ES;10012;Procesador de alimentos;Cocina;110;189,9;3;;14/01/20 14:57;15/01/20 12:52
123457112;Mario Enrique;Vendedor;CL004;Filial ES;10005;Notebook;Electrónicos;2299,9;3199;2;;5/05/19 15:39;6/05/19 13:05
123457112;Mario Enrique;Vendedor;CL004;Filial ES;10010;Freidora eléctrica;Cocina;187,9;340;1;;25/02/19 13:55;26/02/19 11:39
123457112;Mario Enrique;Vendedor;CL004;Filial ES;10002;Tablet;Electrónicos;799;1424,91;4;;7/05/20 12:02;8/05/20 9:33
123457112;Mario Enrique;Vendedor;CL004;Filial ES;10013;Fogón;Electrodomésticos;210,9;404,1;4;;31/07/20 9:32;7/08/20 9:35
123457112;Mario Enrique;Vendedor;CL004;Filial ES;10004;Máquina de lavar ropa;Electrodomésticos;1099;1709,1;2;0,07;1/12/20 9:46;4/12/20 11:47
123457112;Mario Enrique;Vendedor;CL004;Filial ES;10006;Aspiradora de piso;Casa;88,9;189,9;3;;13/07/19 12:35;13/07/19 14:51
123457112;Mario Enrique;Vendedor;CL004;Filial ES;10011;Licuadora;Cocina;59,9;142,4;4;;6/01/20 14:51;6/01/20 17:27
123457112;Mario Enrique;Vendedor;CL004;Filial ES;10014;Heladera;Electrodomésticos;699,9;1346,9;4;;2/03/20 9:15;6/03/20 17:16
123457112;Mario Enrique;Vendedor;CL004;Filial ES;10019;Sofá;Casa;789,9;1399;4;;25/02/19 16:21;28/02/19 11:37
123457112;Mario Enrique;Vendedor;CL004;Filial ES;10002;Tablet;Electrónicos;799;1424,91;1;;5/01/19 12:06;6/01/19 9:32
123457112;Mario Enrique;Vendedor;CL004;Filial ES;10014;Heladera;Electrodomésticos;699,9;1346,9;3;;13/05/19 15:24;18/05/19 16:47
123457112;Mario Enrique;Vendedor;CL004;Filial ES;10020;Impresora;Electrónicos;329,9;674,1;2;;4/07/19 13:45;5/07/19 10:15
123457112;Mario Enrique;Vendedor;CL004;Filial ES;10005;Notebook;Electrónicos;2299,9;3199;2;;8/03/20 10:07;8/03/20 12:12
123457112;Mario Enrique;Vendedor;CL004;Filial ES;10002;Tablet;Electrónicos;799;1424,91;3;;13/03/19 12:44;13/03/19 13:29
123457112;Mario Enrique;Vendedor;CL004;Filial ES;10010;Freidora eléctrica;Cocina;187,9;340;1;;26/01/19 15:23;27/01/19 13:04
123457112;Mario Enrique;Vendedor;CL004;Filial ES;10011;Licuadora;Cocina;59,9;142,4;2;;26/08/19 17:22;27/08/19 11:46
123457112;Mario Enrique;Vendedor;CL004;Filial ES;10003;Televisor;Electrodomésticos;1400,9;2279,99;2;;28/01/20 10:16;30/01/20 13:30
123457112;Mario Enrique;Vendedor;CL004;Filial ES;10015;Microondas;Electrodomésticos;189;364,5;1;;20/03/20 14:18;21/03/20 9:35
123457112;Mario Enrique;Vendedor;CL004;Filial ES;10009;Plancha;Casa;27,9;55,9;4;;7/05/20 10:44;7/05/20 13:11
123457112;Mario Enrique;Vendedor;CL004;Filial ES;10004;Máquina de lavar ropa;Electrodomésticos;1099;1709,1;4;0,1;16/06/20 14:22;23/06/20 9:05
123457112;Mario Enrique;Vendedor;CL004;Filial ES;10013;Fogón;Electrodomésticos;210,9;404,1;3;;4/01/19 10:54;6/01/19 12:17
123457112;Mario Enrique;Vendedor;CL004;Filial ES;10002;Tablet;Electrónicos;799;1424,91;2;;24/09/19 11:14;24/09/19 16:39
123457112;Mario Enrique;Vendedor;CL004;Filial ES;10003;Televisor;Electrodomésticos;1400,9;2279,99;2;;29/12/19 13:37;4/01/20 12:21
123457112;Mario Enrique;Vendedor;CL004;Filial ES;10016;Guarda Ropa;Casa;489,9;999;2;;4/04/19 10:35;8/04/19 15:15
123457112;Mario Enrique;Vendedor;CL004;Filial ES;10013;Fogón;Electrodomésticos;210,9;404,1;3;;17/12/19 11:06;19/12/19 11:22
123457112;Mario Enrique;Vendedor;CL004;Filial ES;10006;Aspiradora de piso;Casa;88,9;189,9;2;;17/11/19 13:47;18/11/19 13:19
123457112;Mario Enrique;Vendedor;CL004;Filial ES;10015;Microondas;Electrodomésticos;189;364,5;2;;10/11/19 13:56;11/11/19 9:47
123457112;Mario Enrique;Vendedor;CL004;Filial ES;10014;Heladera;Electrodomésticos;699,9;1346,9;2;;1/06/19 15:16;5/06/19 17:47
123457112;Mario Enrique;Vendedor;CL004;Filial ES;10020;Impresora;Electrónicos;329,9;674,1;3;;8/12/20 15:46;8/12/20 16:32
123457112;Mario Enrique;Vendedor;CL004;Filial ES;10016;Guarda Ropa;Casa;489,9;999;3;;24/08/19 11:40;30/08/19 13:40
123457112;Mario Enrique;Vendedor;CL004;Filial ES;10017;Cama Box;Casa;1189,9;1899,5;4;;3/05/19 12:03;9/05/19 10:57
123457112;Mario Enrique;Vendedor;CL004;Filial ES;10017;Cama Box;Casa;1189,9;1899,5;1;;14/07/19 17:39;17/07/19 15:40
123457112;Mario Enrique;Vendedor;CL004;Filial ES;10002;Tablet;Electrónicos;799;1424,91;2;;31/12/19 16:29;1/01/20 11:53
123457112;Mario Enrique;Vendedor;CL004;Filial ES;10017;Cama Box;Casa;1189,9;1899,5;1;;28/06/20 14:49;30/06/20 16:16
123457112;Mario Enrique;Vendedor;CL004;Filial ES;10018;Colchón;Casa;109,9;249,9;3;;18/05/19 13:50;19/05/19 13:36
123457112;Mario Enrique;Vendedor;CL004;Filial ES;10006;Aspiradora de piso;Casa;88,9;189,9;3;;18/05/19 17:07;19/05/19 15:12
123457112;Mario Enrique;Vendedor;CL004;Filial ES;10015;Microondas;Electrodomésticos;189;364,5;3;;14/09/19 15:40;15/09/19 11:28
123457112;Mario Enrique;Vendedor;CL004;Filial ES;10014;Heladera;Electrodomésticos;699,9;1346,9;1;;1/03/19 9:57;3/03/19 14:19
123457112;Mario Enrique;Vendedor;CL004;Filial ES;10018;Colchón;Casa;109,9;249,9;1;;8/08/20 14:16;8/08/20 14:18
123457112;Mario Enrique;Vendedor;CL004;Filial ES;10007;Batidora;Cocina;49,9;95,9;2;;1/02/20 12:39;1/02/20 13:59
123457112;Mario Enrique;Vendedor;CL004;Filial ES;10009;Plancha;Casa;27,9;55,9;3;;6/02/20 15:43;7/02/20 10:45
123457112;Mario Enrique;Vendedor;CL004;Filial ES;10006;Aspiradora de piso;Casa;88,9;189,9;2;;9/09/20 17:36;10/09/20 12:11
123457112;Mario Enrique;Vendedor;CL004;Filial ES;10014;Heladera;Electrodomésticos;699,9;1346,9;3;;30/05/19 13:18;1/06/19 16:39
123457112;Mario Enrique;Vendedor;CL004;Filial ES;10015;Microondas;Electrodomésticos;189;364,5;2;;29/10/20 11:16;29/10/20 11:20
123457112;Mario Enrique;Vendedor;CL004;Filial ES;10001;Smartphone;Electrónicos;899,9;1676,9;1;;14/05/19 11:11;14/05/19 17:05
123457112;Mario Enrique;Vendedor;CL004;Filial ES;10009;Plancha;Casa;27,9;55,9;2;;12/04/20 11:00;12/04/20 15:06
123457112;Mario Enrique;Vendedor;CL004;Filial ES;10008;Cafetera;Cocina;159,9;284,9;1;;22/03/19 14:05;23/03/19 10:14
123457112;Mario Enrique;Vendedor;CL004;Filial ES;10012;Procesador de alimentos;Cocina;110;189,9;2;;7/09/19 13:07;7/09/19 14:11
123457112;Mario Enrique;Vendedor;CL004;Filial ES;10017;Cama Box;Casa;1189,9;1899,5;4;;26/10/19 13:56;29/10/19 14:48
123457112;Mario Enrique;Vendedor;CL004;Filial ES;10007;Batidora;Cocina;49,9;95,9;2;;2/04/19 11:10;2/04/19 11:11
123457112;Mario Enrique;Vendedor;CL004;Filial ES;10001;Smartphone;Electrónicos;899,9;1676,9;2;;18/10/20 11:35;18/10/20 17:08
123457112;Mario Enrique;Vendedor;CL004;Filial ES;10012;Procesador de alimentos;Cocina;110;189,9;1;;19/10/19 14:54;19/10/19 15:27
123457112;Mario Enrique;Vendedor;CL004;Filial ES;10006;Aspiradora de piso;Casa;88,9;189,9;1;;5/08/19 17:23;6/08/19 15:29
123457112;Mario Enrique;Vendedor;CL004;Filial ES;10009;Plancha;Casa;27,9;55,9;1;;20/02/19 9:13;20/02/19 17:39
123457112;Mario Enrique;Vendedor;CL004;Filial ES;10009;Plancha;Casa;27,9;55,9;3;;11/12/20 9:07;11/12/20 13:42
123457112;Mario Enrique;Vendedor;CL004;Filial ES;10006;Aspiradora de piso;Casa;88,9;189,9;2;;3/04/20 12:58;4/04/20 10:40
123457112;Mario Enrique;Vendedor;CL004;Filial ES;10012;Procesador de alimentos;Cocina;110;189,9;1;;14/05/20 15:26;15/05/20 9:58
123457112;Mario Enrique;Vendedor;CL004;Filial ES;10017;Cama Box;Casa;1189,9;1899,5;4;;17/09/19 14:16;23/09/19 10:43
123457112;Mario Enrique;Vendedor;CL004;Filial ES;10012;Procesador de alimentos;Cocina;110;189,9;3;;1/01/19 14:40;2/01/19 13:39
123457112;Mario Enrique;Vendedor;CL004;Filial ES;10010;Freidora eléctrica;Cocina;187,9;340;4;;26/09/20 11:11;26/09/20 15:44
123457112;Mario Enrique;Vendedor;CL004;Filial ES;10020;Impresora;Electrónicos;329,9;674,1;1;;9/07/19 14:28;10/07/19 9:10
123457112;Mario Enrique;Vendedor;CL004;Filial ES;10015;Microondas;Electrodomésticos;189;364,5;2;;27/10/19 10:26;27/10/19 17:20
123457112;Mario Enrique;Vendedor;CL004;Filial ES;10009;Plancha;Casa;27,9;55,9;4;;23/11/19 11:22;24/11/19 9:46
123457112;Mario Enrique;Vendedor;CL004;Filial ES;10011;Licuadora;Cocina;59,9;142,4;4;;3/12/19 14:42;4/12/19 13:47
123457112;Mario Enrique;Vendedor;CL004;Filial ES;10005;Notebook;Electrónicos;2299,9;3199;4;;16/04/19 14:55;16/04/19 17:38
123457112;Mario Enrique;Vendedor;CL004;Filial ES;10015;Microondas;Electrodomésticos;189;364,5;3;;26/04/20 15:16;27/04/20 9:53
123457112;Mario Enrique;Vendedor;CL004;Filial ES;10004;Máquina de lavar ropa;Electrodomésticos;1099;1709,1;3;0,09;5/12/20 17:09;12/12/20 14:05
123457112;Mario Enrique;Vendedor;CL004;Filial ES;10012;Procesador de alimentos;Cocina;110;189,9;1;;3/12/20 15:00;4/12/20 10:19
123457112;Mario Enrique;Vendedor;CL004;Filial ES;10002;Tablet;Electrónicos;799;1424,91;3;;20/08/19 11:03;21/08/19 10:41
123457112;Mario Enrique;Vendedor;CL004;Filial ES;10015;Microondas;Electrodomésticos;189;364,5;1;;9/04/20 16:44;10/04/20 9:27
123457112;Mario Enrique;Vendedor;CL004;Filial ES;10006;Aspiradora de piso;Casa;88,9;189,9;3;;31/07/19 9:18;31/07/19 16:06
123457112;Mario Enrique;Vendedor;CL004;Filial ES;10007;Batidora;Cocina;49,9;95,9;2;;13/03/19 15:08;14/03/19 10:45
123457112;Mario Enrique;Vendedor;CL004;Filial ES;10006;Aspiradora de piso;Casa;88,9;189,9;3;;18/08/19 14:34;19/08/19 12:33
123457112;Mario Enrique;Vendedor;CL004;Filial ES;10009;Plancha;Casa;27,9;55,9;4;;31/03/20 17:20;1/04/20 11:22
123457112;Mario Enrique;Vendedor;CL004;Filial ES;10010;Freidora eléctrica;Cocina;187,9;340;2;;4/05/19 11:45;4/05/19 14:24
123457112;Mario Enrique;Vendedor;CL004;Filial ES;10006;Aspiradora de piso;Casa;88,9;189,9;4;;4/04/19 10:28;4/04/19 13:59
123457112;Mario Enrique;Vendedor;CL004;Filial ES;10002;Tablet;Electrónicos;799;1424,91;4;;28/01/20 11:50;28/01/20 15:57
123457112;Mario Enrique;Vendedor;CL004;Filial ES;10015;Microondas;Electrodomésticos;189;364,5;3;;2/07/20 12:58;2/07/20 15:52
123457112;Mario Enrique;Vendedor;CL004;Filial ES;10006;Aspiradora de piso;Casa;88,9;189,9;3;;16/05/20 9:12;16/05/20 13:23
123457111;Pamela Lima;Vendedor;CL004;Filial ES;10008;Cafetera;Cocina;159,9;284,9;2;;2/12/19 16:23;3/12/19 9:30
123457111;Pamela Lima;Vendedor;CL004;Filial ES;10005;Notebook;Electrónicos;2299,9;3199;1;;25/06/20 12:43;25/06/20 14:50
123457111;Pamela Lima;Vendedor;CL004;Filial ES;10007;Batidora;Cocina;49,9;95,9;4;;26/06/20 14:59;27/06/20 11:09
123457111;Pamela Lima;Vendedor;CL004;Filial ES;10004;Máquina de lavar ropa;Electrodomésticos;1099;1709,1;3;0,09;8/05/20 14:16;10/05/20 11:34
123457111;Pamela Lima;Vendedor;CL004;Filial ES;10005;Notebook;Electrónicos;2299,9;3199;3;;22/05/20 10:38;22/05/20 10:56
123457111;Pamela Lima;Vendedor;CL004;Filial ES;10004;Máquina de lavar ropa;Electrodomésticos;1099;1709,1;1;0,05;11/10/19 16:01;13/10/19 12:54
123457111;Pamela Lima;Vendedor;CL004;Filial ES;10003;Televisor;Electrodomésticos;1400,9;2279,99;3;;24/01/19 17:24;31/01/19 16:38
123457111;Pamela Lima;Vendedor;CL004;Filial ES;10009;Plancha;Casa;27,9;55,9;4;;5/02/20 10:26;5/02/20 17:35
123457111;Pamela Lima;Vendedor;CL004;Filial ES;10012;Procesador de alimentos;Cocina;110;189,9;2;;17/09/20 9:54;17/09/20 12:14
123457111;Pamela Lima;Vendedor;CL004;Filial ES;10009;Plancha;Casa;27,9;55,9;4;;30/11/20 12:56;1/12/20 11:48
123457111;Pamela Lima;Vendedor;CL004;Filial ES;10016;Guarda Ropa;Casa;489,9;999;3;;14/05/20 16:51;16/05/20 13:47
123457111;Pamela Lima;Vendedor;CL004;Filial ES;10006;Aspiradora de piso;Casa;88,9;189,9;1;;18/11/19 9:59;19/11/19 9:41
123457111;Pamela Lima;Vendedor;CL004;Filial ES;10015;Microondas;Electrodomésticos;189;364,5;4;;3/04/19 9:05;3/04/19 15:16
123457111;Pamela Lima;Vendedor;CL004;Filial ES;10011;Licuadora;Cocina;59,9;142,4;1;;5/07/20 13:16;6/07/20 12:50
123457111;Pamela Lima;Vendedor;CL004;Filial ES;10007;Batidora;Cocina;49,9;95,9;4;;19/06/19 10:40;19/06/19 15:09
123457111;Pamela Lima;Vendedor;CL004;Filial ES;10019;Sofá;Casa;789,9;1399;4;;19/05/20 12:51;24/05/20 14:54
123457111;Pamela Lima;Vendedor;CL004;Filial ES;10006;Aspiradora de piso;Casa;88,9;189,9;4;;14/10/20 10:37;14/10/20 16:14
123457111;Pamela Lima;Vendedor;CL004;Filial ES;10009;Plancha;Casa;27,9;55,9;3;;30/04/20 17:27;1/05/20 16:29
123457111;Pamela Lima;Vendedor;CL004;Filial ES;10004;Máquina de lavar ropa;Electrodomésticos;1099;1709,1;3;0,09;8/06/19 12:53;10/06/19 10:56
123457111;Pamela Lima;Vendedor;CL004;Filial ES;10007;Batidora;Cocina;49,9;95,9;4;;4/04/20 10:40;4/04/20 12:24
123457111;Pamela Lima;Vendedor;CL004;Filial ES;10003;Televisor;Electrodomésticos;1400,9;2279,99;1;;20/09/20 11:13;24/09/20 12:51
123457111;Pamela Lima;Vendedor;CL004;Filial ES;10018;Colchón;Casa;109,9;249,9;4;;29/01/19 9:43;30/01/19 9:30
123457111;Pamela Lima;Vendedor;CL004;Filial ES;10003;Televisor;Electrodomésticos;1400,9;2279,99;4;;17/12/19 9:28;20/12/19 12:11
123457111;Pamela Lima;Vendedor;CL004;Filial ES;10012;Procesador de alimentos;Cocina;110;189,9;1;;19/01/20 13:03;20/01/20 12:37
123457111;Pamela Lima;Vendedor;CL004;Filial ES;10010;Freidora eléctrica;Cocina;187,9;340;2;;23/03/20 14:26;23/03/20 17:25
123457111;Pamela Lima;Vendedor;CL004;Filial ES;10003;Televisor;Electrodomésticos;1400,9;2279,99;1;;8/07/20 10:29;15/07/20 15:11
123457111;Pamela Lima;Vendedor;CL004;Filial ES;10018;Colchón;Casa;109,9;249,9;1;;8/01/19 13:05;9/01/19 11:27
123457111;Pamela Lima;Vendedor;CL004;Filial ES;10004;Máquina de lavar ropa;Electrodomésticos;1099;1709,1;4;0,1;28/12/20 15:02;31/12/20 14:56
123457111;Pamela Lima;Vendedor;CL004;Filial ES;10014;Heladera;Electrodomésticos;699,9;1346,9;3;;27/05/19 13:01;2/06/19 15:48
123457111;Pamela Lima;Vendedor;CL004;Filial ES;10020;Impresora;Electrónicos;329,9;674,1;2;;3/03/19 17:42;4/03/19 9:20
123457111;Pamela Lima;Vendedor;CL004;Filial ES;10003;Televisor;Electrodomésticos;1400,9;2279,99;3;;9/07/19 11:37;14/07/19 15:02
123457111;Pamela Lima;Vendedor;CL004;Filial ES;10013;Fogón;Electrodomésticos;210,9;404,1;1;;9/08/19 13:38;15/08/19 17:00
123457111;Pamela Lima;Vendedor;CL004;Filial ES;10020;Impresora;Electrónicos;329,9;674,1;1;;26/11/20 14:56;27/11/20 9:28
123457111;Pamela Lima;Vendedor;CL004;Filial ES;10010;Freidora eléctrica;Cocina;187,9;340;2;;19/10/20 11:24;20/10/20 9:28
123457111;Pamela Lima;Vendedor;CL004;Filial ES;10001;Smartphone;Electrónicos;899,9;1676,9;3;;8/07/20 13:20;8/07/20 15:07
123457111;Pamela Lima;Vendedor;CL004;Filial ES;10005;Notebook;Electrónicos;2299,9;3199;4;;13/03/20 11:55;13/03/20 14:36
123457111;Pamela Lima;Vendedor;CL004;Filial ES;10009;Plancha;Casa;27,9;55,9;3;;21/02/20 16:13;22/02/20 15:48
123457111;Pamela Lima;Vendedor;CL004;Filial ES;10001;Smartphone;Electrónicos;899,9;1676,9;1;;30/01/20 12:06;31/01/20 9:01
123457111;Pamela Lima;Vendedor;CL004;Filial ES;10005;Notebook;Electrónicos;2299,9;3199;4;;25/02/19 13:30;25/02/19 16:08
123457111;Pamela Lima;Vendedor;CL004;Filial ES;10006;Aspiradora de piso;Casa;88,9;189,9;4;;30/07/19 10:07;30/07/19 15:24
123457111;Pamela Lima;Vendedor;CL004;Filial ES;10006;Aspiradora de piso;Casa;88,9;189,9;4;;9/12/19 11:52;9/12/19 16:27
123457111;Pamela Lima;Vendedor;CL004;Filial ES;10007;Batidora;Cocina;49,9;95,9;1;;20/10/19 13:57;21/10/19 12:35
123457111;Pamela Lima;Vendedor;CL004;Filial ES;10005;Notebook;Electrónicos;2299,9;3199;1;;10/02/19 16:26;11/02/19 9:39
123457111;Pamela Lima;Vendedor;CL004;Filial ES;10014;Heladera;Electrodomésticos;699,9;1346,9;2;;25/01/19 13:28;30/01/19 17:09
123457111;Pamela Lima;Vendedor;CL004;Filial ES;10001;Smartphone;Electrónicos;899,9;1676,9;2;;3/04/20 10:02;3/04/20 11:53
123457111;Pamela Lima;Vendedor;CL004;Filial ES;10012;Procesador de alimentos;Cocina;110;189,9;1;;19/05/20 11:25;19/05/20 11:58
123457111;Pamela Lima;Vendedor;CL004;Filial ES;10011;Licuadora;Cocina;59,9;142,4;2;;9/04/19 16:35;10/04/19 11:33
123457111;Pamela Lima;Vendedor;CL004;Filial ES;10005;Notebook;Electrónicos;2299,9;3199;1;;7/11/20 12:39;7/11/20 15:48
123457111;Pamela Lima;Vendedor;CL004;Filial ES;10014;Heladera;Electrodomésticos;699,9;1346,9;1;;12/04/20 11:50;19/04/20 10:39
123457111;Pamela Lima;Vendedor;CL004;Filial ES;10009;Plancha;Casa;27,9;55,9;1;;17/09/20 10:32;17/09/20 11:56
123457111;Pamela Lima;Vendedor;CL004;Filial ES;10010;Freidora eléctrica;Cocina;187,9;340;2;;5/11/19 10:34;5/11/19 17:24
123457111;Pamela Lima;Vendedor;CL004;Filial ES;10007;Batidora;Cocina;49,9;95,9;1;;26/10/19 11:39;26/10/19 16:42
123457111;Pamela Lima;Vendedor;CL004;Filial ES;10009;Plancha;Casa;27,9;55,9;4;;25/10/20 16:31;26/10/20 11:02
123457111;Pamela Lima;Vendedor;CL004;Filial ES;10014;Heladera;Electrodomésticos;699,9;1346,9;3;;27/11/20 10:34;4/12/20 12:47
123457111;Pamela Lima;Vendedor;CL004;Filial ES;10020;Impresora;Electrónicos;329,9;674,1;1;;4/07/20 12:01;5/07/20 11:10
123457111;Pamela Lima;Vendedor;CL004;Filial ES;10013;Fogón;Electrodomésticos;210,9;404,1;4;;4/02/19 15:23;6/02/19 16:02
123457111;Pamela Lima;Vendedor;CL004;Filial ES;10015;Microondas;Electrodomésticos;189;364,5;2;;22/09/19 12:46;23/09/19 10:47
123457111;Pamela Lima;Vendedor;CL004;Filial ES;10006;Aspiradora de piso;Casa;88,9;189,9;2;;24/08/19 11:42;24/08/19 15:38
123457111;Pamela Lima;Vendedor;CL004;Filial ES;10006;Aspiradora de piso;Casa;88,9;189,9;2;;12/11/19 16:04;13/11/19 10:47
123457111;Pamela Lima;Vendedor;CL004;Filial ES;10013;Fogón;Electrodomésticos;210,9;404,1;1;;13/01/19 14:55;18/01/19 12:45
123457111;Pamela Lima;Vendedor;CL004;Filial ES;10014;Heladera;Electrodomésticos;699,9;1346,9;3;;17/05/19 13:57;19/05/19 12:02
123457111;Pamela Lima;Vendedor;CL004;Filial ES;10013;Fogón;Electrodomésticos;210,9;404,1;4;;20/06/19 12:26;24/06/19 13:59
123457111;Pamela Lima;Vendedor;CL004;Filial ES;10002;Tablet;Electrónicos;799;1424,91;2;;19/04/20 13:45;19/04/20 15:15
123457111;Pamela Lima;Vendedor;CL004;Filial ES;10020;Impresora;Electrónicos;329,9;674,1;3;;17/03/20 15:56;18/03/20 9:48
123457111;Pamela Lima;Vendedor;CL004;Filial ES;10006;Aspiradora de piso;Casa;88,9;189,9;2;;5/05/19 14:17;6/05/19 11:28
123457111;Pamela Lima;Vendedor;CL004;Filial ES;10014;Heladera;Electrodomésticos;699,9;1346,9;4;;30/04/19 15:40;2/05/19 14:04
123457111;Pamela Lima;Vendedor;CL004;Filial ES;10010;Freidora eléctrica;Cocina;187,9;340;1;;9/06/19 16:52;10/06/19 10:59
123457111;Pamela Lima;Vendedor;CL004;Filial ES;10010;Freidora eléctrica;Cocina;187,9;340;4;;17/04/20 17:46;18/04/20 14:55
123457111;Pamela Lima;Vendedor;CL004;Filial ES;10003;Televisor;Electrodomésticos;1400,9;2279,99;3;;13/08/20 17:04;15/08/20 14:15
123457111;Pamela Lima;Vendedor;CL004;Filial ES;10002;Tablet;Electrónicos;799;1424,91;4;;27/09/19 15:55;28/09/19 15:43
123457111;Pamela Lima;Vendedor;CL004;Filial ES;10005;Notebook;Electrónicos;2299,9;3199;1;;24/08/20 12:02;25/08/20 10:23
123457111;Pamela Lima;Vendedor;CL004;Filial ES;10002;Tablet;Electrónicos;799;1424,91;1;;28/03/20 16:51;29/03/20 10:39
123457111;Pamela Lima;Vendedor;CL004;Filial ES;10020;Impresora;Electrónicos;329,9;674,1;2;;4/05/19 12:29;4/05/19 12:41
123457111;Pamela Lima;Vendedor;CL004;Filial ES;10016;Guarda Ropa;Casa;489,9;999;3;;10/12/20 17:36;15/12/20 12:30
123457111;Pamela Lima;Vendedor;CL004;Filial ES;10018;Colchón;Casa;109,9;249,9;4;;9/12/19 13:23;9/12/19 16:00
123457111;Pamela Lima;Vendedor;CL004;Filial ES;10012;Procesador de alimentos;Cocina;110;189,9;4;;5/07/20 17:47;6/07/20 17:18
123457111;Pamela Lima;Vendedor;CL004;Filial ES;10020;Impresora;Electrónicos;329,9;674,1;4;;24/02/20 12:01;25/02/20 9:53
123457111;Pamela Lima;Vendedor;CL004;Filial ES;10008;Cafetera;Cocina;159,9;284,9;1;;18/10/19 14:17;19/10/19 9:44
123457111;Pamela Lima;Vendedor;CL004;Filial ES;10016;Guarda Ropa;Casa;489,9;999;1;;28/10/19 17:10;30/10/19 9:53
123457111;Pamela Lima;Vendedor;CL004;Filial ES;10001;Smartphone;Electrónicos;899,9;1676,9;3;;6/08/20 15:41;7/08/20 11:52
123457111;Pamela Lima;Vendedor;CL004;Filial ES;10006;Aspiradora de piso;Casa;88,9;189,9;1;;15/01/19 15:42;16/01/19 12:58
123457111;Pamela Lima;Vendedor;CL004;Filial ES;10005;Notebook;Electrónicos;2299,9;3199;1;;5/04/19 10:43;5/04/19 13:06
123457111;Pamela Lima;Vendedor;CL004;Filial ES;10003;Televisor;Electrodomésticos;1400,9;2279,99;4;;10/08/20 10:57;13/08/20 9:51
123457111;Pamela Lima;Vendedor;CL004;Filial ES;10017;Cama Box;Casa;1189,9;1899,5;4;;13/07/20 17:16;18/07/20 10:35
123457111;Pamela Lima;Vendedor;CL004;Filial ES;10012;Procesador de alimentos;Cocina;110;189,9;3;;27/04/20 10:47;27/04/20 11:39
123457111;Pamela Lima;Vendedor;CL004;Filial ES;10019;Sofá;Casa;789,9;1399;1;;29/08/19 16:38;31/08/19 14:46
123457111;Pamela Lima;Vendedor;CL004;Filial ES;10002;Tablet;Electrónicos;799;1424,91;3;;22/12/20 14:00;23/12/20 13:55
123457111;Pamela Lima;Vendedor;CL004;Filial ES;10018;Colchón;Casa;109,9;249,9;1;;5/04/20 11:03;5/04/20 13:47
123457111;Pamela Lima;Vendedor;CL004;Filial ES;10004;Máquina de lavar ropa;Electrodomésticos;1099;1709,1;1;0,05;25/01/19 9:36;27/01/19 9:32
123457111;Pamela Lima;Vendedor;CL004;Filial ES;10006;Aspiradora de piso;Casa;88,9;189,9;4;;13/10/19 12:11;14/10/19 9:46
123457111;Pamela Lima;Vendedor;CL004;Filial ES;10007;Batidora;Cocina;49,9;95,9;3;;20/07/20 15:17;21/07/20 11:33
123457111;Pamela Lima;Vendedor;CL004;Filial ES;10012;Procesador de alimentos;Cocina;110;189,9;4;;12/04/19 16:00;13/04/19 13:17
123457111;Pamela Lima;Vendedor;CL004;Filial ES;10010;Freidora eléctrica;Cocina;187,9;340;3;;7/09/19 14:20;7/09/19 16:25
123457111;Pamela Lima;Vendedor;CL004;Filial ES;10014;Heladera;Electrodomésticos;699,9;1346,9;4;;24/05/20 12:00;28/05/20 13:07
123457111;Pamela Lima;Vendedor;CL004;Filial ES;10020;Impresora;Electrónicos;329,9;674,1;4;;31/05/19 12:01;31/05/19 13:53
123457111;Pamela Lima;Vendedor;CL004;Filial ES;10018;Colchón;Casa;109,9;249,9;2;;5/09/20 14:26;5/09/20 16:28
123457111;Pamela Lima;Vendedor;CL004;Filial ES;10006;Aspiradora de piso;Casa;88,9;189,9;3;;14/06/20 10:31;14/06/20 17:22
123457111;Pamela Lima;Vendedor;CL004;Filial ES;10002;Tablet;Electrónicos;799;1424,91;3;;14/08/20 9:17;14/08/20 9:54
123457111;Pamela Lima;Vendedor;CL004;Filial ES;10003;Televisor;Electrodomésticos;1400,9;2279,99;1;;11/07/19 13:22;15/07/19 17:53
123457111;Pamela Lima;Vendedor;CL004;Filial ES;10010;Freidora eléctrica;Cocina;187,9;340;2;;26/07/20 15:15;27/07/20 9:36
123457111;Pamela Lima;Vendedor;CL004;Filial ES;10003;Televisor;Electrodomésticos;1400,9;2279,99;4;;30/11/20 16:52;5/12/20 14:38
123457111;Pamela Lima;Vendedor;CL004;Filial ES;10019;Sofá;Casa;789,9;1399;2;;24/05/20 16:00;27/05/20 11:58
123457111;Pamela Lima;Vendedor;CL004;Filial ES;10010;Freidora eléctrica;Cocina;187,9;340;4;;13/12/19 9:16;13/12/19 16:20
123457111;Pamela Lima;Vendedor;CL004;Filial ES;10008;Cafetera;Cocina;159,9;284,9;2;;15/01/20 11:19;16/01/20 10:04
123457111;Pamela Lima;Vendedor;CL004;Filial ES;10018;Colchón;Casa;109,9;249,9;2;;26/12/20 9:55;27/12/20 9:17
123457111;Pamela Lima;Vendedor;CL004;Filial ES;10016;Guarda Ropa;Casa;489,9;999;4;;11/04/20 10:28;17/04/20 10:01
123457111;Pamela Lima;Vendedor;CL004;Filial ES;10019;Sofá;Casa;789,9;1399;4;;2/02/20 12:04;4/02/20 11:45
123457111;Pamela Lima;Vendedor;CL004;Filial ES;10012;Procesador de alimentos;Cocina;110;189,9;1;;13/10/20 17:18;14/10/20 9:31
123457111;Pamela Lima;Vendedor;CL004;Filial ES;10013;Fogón;Electrodomésticos;210,9;404,1;2;;7/05/19 9:10;11/05/19 16:22
123457111;Pamela Lima;Vendedor;CL004;Filial ES;10003;Televisor;Electrodomésticos;1400,9;2279,99;4;;6/06/20 11:23;9/06/20 9:29
123457111;Pamela Lima;Vendedor;CL004;Filial ES;10019;Sofá;Casa;789,9;1399;3;;5/03/19 17:06;8/03/19 9:58
123457111;Pamela Lima;Vendedor;CL004;Filial ES;10019;Sofá;Casa;789,9;1399;2;;3/02/20 13:41;6/02/20 14:20
123457111;Pamela Lima;Vendedor;CL004;Filial ES;10002;Tablet;Electrónicos;799;1424,91;1;;27/04/19 16:38;28/04/19 12:25
123457111;Pamela Lima;Vendedor;CL004;Filial ES;10003;Televisor;Electrodomésticos;1400,9;2279,99;2;;2/06/19 13:58;4/06/19 14:05
123457111;Pamela Lima;Vendedor;CL004;Filial ES;10018;Colchón;Casa;109,9;249,9;3;;10/12/19 16:19;11/12/19 16:02
123457111;Pamela Lima;Vendedor;CL004;Filial ES;10012;Procesador de alimentos;Cocina;110;189,9;3;;8/08/19 11:20;8/08/19 11:59
123457111;Pamela Lima;Vendedor;CL004;Filial ES;10004;Máquina de lavar ropa;Electrodomésticos;1099;1709,1;1;0,05;20/08/20 17:55;23/08/20 16:15
123457111;Pamela Lima;Vendedor;CL004;Filial ES;10012;Procesador de alimentos;Cocina;110;189,9;4;;18/12/19 15:09;18/12/19 15:49
123457111;Pamela Lima;Vendedor;CL004;Filial ES;10008;Cafetera;Cocina;159,9;284,9;4;;29/08/20 16:16;30/08/20 10:22
123457111;Pamela Lima;Vendedor;CL004;Filial ES;10011;Licuadora;Cocina;59,9;142,4;3;;22/05/20 13:02;23/05/20 10:02
123457111;Pamela Lima;Vendedor;CL004;Filial ES;10014;Heladera;Electrodomésticos;699,9;1346,9;2;;10/06/19 10:30;12/06/19 9:54
123457111;Pamela Lima;Vendedor;CL004;Filial ES;10017;Cama Box;Casa;1189,9;1899,5;3;;29/08/19 14:05;3/09/19 14:48
123457111;Pamela Lima;Vendedor;CL004;Filial ES;10004;Máquina de lavar ropa;Electrodomésticos;1099;1709,1;2;0,07;25/06/20 14:39;1/07/20 15:46
123457111;Pamela Lima;Vendedor;CL004;Filial ES;10010;Freidora eléctrica;Cocina;187,9;340;2;;10/10/19 16:55;11/10/19 13:23
123457111;Pamela Lima;Vendedor;CL004;Filial ES;10018;Colchón;Casa;109,9;249,9;3;;11/04/19 11:20;12/04/19 9:04
123457111;Pamela Lima;Vendedor;CL004;Filial ES;10016;Guarda Ropa;Casa;489,9;999;3;;11/08/20 14:15;14/08/20 13:29
123457111;Pamela Lima;Vendedor;CL004;Filial ES;10003;Televisor;Electrodomésticos;1400,9;2279,99;1;;25/05/19 11:37;28/05/19 14:29
123457111;Pamela Lima;Vendedor;CL004;Filial ES;10019;Sofá;Casa;789,9;1399;3;;18/03/19 9:57;25/03/19 12:02
123457111;Pamela Lima;Vendedor;CL004;Filial ES;10013;Fogón;Electrodomésticos;210,9;404,1;3;;25/07/20 11:20;31/07/20 16:53
123457111;Pamela Lima;Vendedor;CL004;Filial ES;10005;Notebook;Electrónicos;2299,9;3199;3;;9/01/20 13:37;10/01/20 13:19
123457111;Pamela Lima;Vendedor;CL004;Filial ES;10008;Cafetera;Cocina;159,9;284,9;1;;30/10/20 17:39;31/10/20 13:39
123457111;Pamela Lima;Vendedor;CL004;Filial ES;10010;Freidora eléctrica;Cocina;187,9;340;3;;29/09/20 14:33;30/09/20 12:43
123457111;Pamela Lima;Vendedor;CL004;Filial ES;10014;Heladera;Electrodomésticos;699,9;1346,9;4;;20/07/19 13:55;24/07/19 17:43
123457111;Pamela Lima;Vendedor;CL004;Filial ES;10019;Sofá;Casa;789,9;1399;2;;22/08/20 10:52;27/08/20 11:00
123457111;Pamela Lima;Vendedor;CL004;Filial ES;10008;Cafetera;Cocina;159,9;284,9;2;;23/03/20 12:19;24/03/20 10:19
123457111;Pamela Lima;Vendedor;CL004;Filial ES;10011;Licuadora;Cocina;59,9;142,4;2;;30/10/19 12:25;31/10/19 9:34
123457111;Pamela Lima;Vendedor;CL004;Filial ES;10008;Cafetera;Cocina;159,9;284,9;2;;29/03/20 17:09;30/03/20 10:48
123457111;Pamela Lima;Vendedor;CL004;Filial ES;10003;Televisor;Electrodomésticos;1400,9;2279,99;4;;27/11/19 11:54;1/12/19 16:47
123457111;Pamela Lima;Vendedor;CL004;Filial ES;10004;Máquina de lavar ropa;Electrodomésticos;1099;1709,1;1;0,05;21/05/19 15:51;25/05/19 10:18
123457111;Pamela Lima;Vendedor;CL004;Filial ES;10012;Procesador de alimentos;Cocina;110;189,9;3;;19/09/20 15:27;19/09/20 17:53
123457111;Pamela Lima;Vendedor;CL004;Filial ES;10007;Batidora;Cocina;49,9;95,9;1;;5/11/20 11:31;5/11/20 15:25
123457111;Pamela Lima;Vendedor;CL004;Filial ES;10005;Notebook;Electrónicos;2299,9;3199;2;;17/10/19 14:24;17/10/19 17:08
123457111;Pamela Lima;Vendedor;CL004;Filial ES;10001;Smartphone;Electrónicos;899,9;1676,9;4;;10/06/19 12:13;10/06/19 12:38
123457111;Pamela Lima;Vendedor;CL004;Filial ES;10013;Fogón;Electrodomésticos;210,9;404,1;1;;6/12/20 15:51;13/12/20 16:31
123457111;Pamela Lima;Vendedor;CL004;Filial ES;10002;Tablet;Electrónicos;799;1424,91;4;;7/10/20 17:51;8/10/20 9:53
123457111;Pamela Lima;Vendedor;CL004;Filial ES;10006;Aspiradora de piso;Casa;88,9;189,9;1;;27/08/19 11:25;27/08/19 14:55
123457111;Pamela Lima;Vendedor;CL004;Filial ES;10016;Guarda Ropa;Casa;489,9;999;2;;12/06/20 12:56;14/06/20 9:53
123457111;Pamela Lima;Vendedor;CL004;Filial ES;10020;Impresora;Electrónicos;329,9;674,1;3;;27/11/19 14:45;27/11/19 15:33
123457111;Pamela Lima;Vendedor;CL004;Filial ES;10007;Batidora;Cocina;49,9;95,9;1;;22/02/20 10:31;22/02/20 13:28
123457111;Pamela Lima;Vendedor;CL004;Filial ES;10015;Microondas;Electrodomésticos;189;364,5;4;;12/12/20 9:19;12/12/20 11:42
123457111;Pamela Lima;Vendedor;CL004;Filial ES;10006;Aspiradora de piso;Casa;88,9;189,9;4;;6/10/19 15:29;7/10/19 11:03
123457111;Pamela Lima;Vendedor;CL004;Filial ES;10010;Freidora eléctrica;Cocina;187,9;340;4;;30/12/20 17:21;31/12/20 9:49
123457111;Pamela Lima;Vendedor;CL004;Filial ES;10008;Cafetera;Cocina;159,9;284,9;2;;21/12/19 9:58;21/12/19 10:30
123457111;Pamela Lima;Vendedor;CL004;Filial ES;10009;Plancha;Casa;27,9;55,9;3;;7/07/20 17:02;8/07/20 12:06
123457111;Pamela Lima;Vendedor;CL004;Filial ES;10016;Guarda Ropa;Casa;489,9;999;2;;20/02/19 11:56;23/02/19 14:26
123457111;Pamela Lima;Vendedor;CL004;Filial ES;10017;Cama Box;Casa;1189,9;1899,5;3;;2/09/20 17:16;9/09/20 9:56
123457111;Pamela Lima;Vendedor;CL004;Filial ES;10017;Cama Box;Casa;1189,9;1899,5;1;;3/03/20 16:43;7/03/20 14:54
123457111;Pamela Lima;Vendedor;CL004;Filial ES;10006;Aspiradora de piso;Casa;88,9;189,9;4;;24/10/19 15:14;25/10/19 15:10
123457111;Pamela Lima;Vendedor;CL004;Filial ES;10005;Notebook;Electrónicos;2299,9;3199;3;;9/06/19 10:40;9/06/19 11:54
123457111;Pamela Lima;Vendedor;CL004;Filial ES;10005;Notebook;Electrónicos;2299,9;3199;2;;19/02/19 12:53;20/02/19 10:20
123457111;Pamela Lima;Vendedor;CL004;Filial ES;10009;Plancha;Casa;27,9;55,9;2;;9/01/19 15:09;9/01/19 17:38
123457111;Pamela Lima;Vendedor;CL004;Filial ES;10020;Impresora;Electrónicos;329,9;674,1;2;;19/04/20 11:22;20/04/20 11:19
123457111;Pamela Lima;Vendedor;CL004;Filial ES;10016;Guarda Ropa;Casa;489,9;999;3;;1/12/20 13:54;8/12/20 12:59
123457111;Pamela Lima;Vendedor;CL004;Filial ES;10003;Televisor;Electrodomésticos;1400,9;2279,99;3;;10/03/19 14:55;17/03/19 11:17
123457111;Pamela Lima;Vendedor;CL004;Filial ES;10019;Sofá;Casa;789,9;1399;1;;25/08/20 9:11;28/08/20 10:09
123457111;Pamela Lima;Vendedor;CL004;Filial ES;10003;Televisor;Electrodomésticos;1400,9;2279,99;1;;26/10/20 9:39;31/10/20 13:46
123457111;Pamela Lima;Vendedor;CL004;Filial ES;10015;Microondas;Electrodomésticos;189;364,5;3;;2/11/20 13:37;2/11/20 17:23
123457111;Pamela Lima;Vendedor;CL004;Filial ES;10016;Guarda Ropa;Casa;489,9;999;3;;18/02/19 15:08;20/02/19 11:04
123457111;Pamela Lima;Vendedor;CL004;Filial ES;10014;Heladera;Electrodomésticos;699,9;1346,9;1;;17/10/19 11:15;23/10/19 17:02
123457111;Pamela Lima;Vendedor;CL004;Filial ES;10002;Tablet;Electrónicos;799;1424,91;4;;19/06/20 11:08;19/06/20 11:41
123457111;Pamela Lima;Vendedor;CL004;Filial ES;10020;Impresora;Electrónicos;329,9;674,1;2;;29/08/19 11:05;29/08/19 11:33
123457111;Pamela Lima;Vendedor;CL004;Filial ES;10002;Tablet;Electrónicos;799;1424,91;3;;25/09/20 15:19;26/09/20 12:24
123457111;Pamela Lima;Vendedor;CL004;Filial ES;10018;Colchón;Casa;109,9;249,9;3;;15/06/20 12:03;15/06/20 17:20
123457111;Pamela Lima;Vendedor;CL004;Filial ES;10019;Sofá;Casa;789,9;1399;1;;15/06/19 9:14;20/06/19 16:17
123457111;Pamela Lima;Vendedor;CL004;Filial ES;10009;Plancha;Casa;27,9;55,9;4;;5/04/20 9:17;5/04/20 17:53
123457111;Pamela Lima;Vendedor;CL004;Filial ES;10017;Cama Box;Casa;1189,9;1899,5;3;;28/06/20 11:55;4/07/20 10:01
123457111;Pamela Lima;Vendedor;CL004;Filial ES;10014;Heladera;Electrodomésticos;699,9;1346,9;1;;4/12/19 14:34;10/12/19 17:07
123457111;Pamela Lima;Vendedor;CL004;Filial ES;10009;Plancha;Casa;27,9;55,9;3;;22/07/20 11:53;23/07/20 9:46
123457111;Pamela Lima;Vendedor;CL004;Filial ES;10001;Smartphone;Electrónicos;899,9;1676,9;3;;11/05/20 12:13;11/05/20 14:30
123457111;Pamela Lima;Vendedor;CL004;Filial ES;10016;Guarda Ropa;Casa;489,9;999;1;;6/07/19 16:48;8/07/19 17:08
123457111;Pamela Lima;Vendedor;CL004;Filial ES;10012;Procesador de alimentos;Cocina;110;189,9;4;;5/07/20 9:38;6/07/20 9:11
123457111;Pamela Lima;Vendedor;CL004;Filial ES;10017;Cama Box;Casa;1189,9;1899,5;1;;27/03/20 14:24;3/04/20 16:01
123457111;Pamela Lima;Vendedor;CL004;Filial ES;10001;Smartphone;Electrónicos;899,9;1676,9;4;;19/05/19 14:59;20/05/19 11:44
123457111;Pamela Lima;Vendedor;CL004;Filial ES;10005;Notebook;Electrónicos;2299,9;3199;3;;11/09/20 15:50;12/09/20 13:57
123457111;Pamela Lima;Vendedor;CL004;Filial ES;10011;Licuadora;Cocina;59,9;142,4;2;;7/03/19 12:01;7/03/19 13:38
123457111;Pamela Lima;Vendedor;CL004;Filial ES;10001;Smartphone;Electrónicos;899,9;1676,9;1;;8/11/19 11:36;8/11/19 15:17
123457111;Pamela Lima;Vendedor;CL004;Filial ES;10005;Notebook;Electrónicos;2299,9;3199;1;;12/02/19 17:47;13/02/19 16:41
123457111;Pamela Lima;Vendedor;CL004;Filial ES;10011;Licuadora;Cocina;59,9;142,4;2;;3/07/19 17:52;4/07/19 17:09
123457111;Pamela Lima;Vendedor;CL004;Filial ES;10004;Máquina de lavar ropa;Electrodomésticos;1099;1709,1;2;0,07;21/04/19 17:17;26/04/19 17:03
123457111;Pamela Lima;Vendedor;CL004;Filial ES;10006;Aspiradora de piso;Casa;88,9;189,9;2;;13/10/19 15:23;13/10/19 16:06
123457111;Pamela Lima;Vendedor;CL004;Filial ES;10017;Cama Box;Casa;1189,9;1899,5;3;;14/07/19 10:07;19/07/19 16:15
123457111;Pamela Lima;Vendedor;CL004;Filial ES;10001;Smartphone;Electrónicos;899,9;1676,9;4;;10/06/20 13:56;10/06/20 15:00
123457111;Pamela Lima;Vendedor;CL004;Filial ES;10017;Cama Box;Casa;1189,9;1899,5;3;;29/10/20 16:02;5/11/20 16:37
123457111;Pamela Lima;Vendedor;CL004;Filial ES;10014;Heladera;Electrodomésticos;699,9;1346,9;4;;25/03/20 16:49;31/03/20 15:51
123457111;Pamela Lima;Vendedor;CL004;Filial ES;10010;Freidora eléctrica;Cocina;187,9;340;4;;15/02/20 16:06;16/02/20 9:50
123457111;Pamela Lima;Vendedor;CL004;Filial ES;10015;Microondas;Electrodomésticos;189;364,5;3;;29/04/20 9:18;29/04/20 17:03
123457111;Pamela Lima;Vendedor;CL004;Filial ES;10017;Cama Box;Casa;1189,9;1899,5;4;;28/04/20 10:48;30/04/20 15:58
123457111;Pamela Lima;Vendedor;CL004;Filial ES;10019;Sofá;Casa;789,9;1399;4;;8/07/20 11:49;13/07/20 11:14
123457111;Pamela Lima;Vendedor;CL004;Filial ES;10005;Notebook;Electrónicos;2299,9;3199;2;;11/09/19 17:27;12/09/19 15:44
123457111;Pamela Lima;Vendedor;CL004;Filial ES;10010;Freidora eléctrica;Cocina;187,9;340;4;;31/01/19 15:43;1/02/19 9:57
123457111;Pamela Lima;Vendedor;CL004;Filial ES;10002;Tablet;Electrónicos;799;1424,91;2;;23/04/20 17:37;24/04/20 16:51
123457111;Pamela Lima;Vendedor;CL004;Filial ES;10008;Cafetera;Cocina;159,9;284,9;2;;25/01/20 17:09;25/01/20 17:37
123457111;Pamela Lima;Vendedor;CL004;Filial ES;10015;Microondas;Electrodomésticos;189;364,5;2;;27/09/19 15:46;28/09/19 15:05
123457111;Pamela Lima;Vendedor;CL004;Filial ES;10005;Notebook;Electrónicos;2299,9;3199;3;;8/11/20 9:15;8/11/20 16:58
123457111;Pamela Lima;Vendedor;CL004;Filial ES;10002;Tablet;Electrónicos;799;1424,91;1;;6/01/20 12:21;7/01/20 10:00
123457111;Pamela Lima;Vendedor;CL004;Filial ES;10007;Batidora;Cocina;49,9;95,9;4;;14/02/19 10:08;14/02/19 12:34
123457111;Pamela Lima;Vendedor;CL004;Filial ES;10015;Microondas;Electrodomésticos;189;364,5;3;;27/05/20 10:08;27/05/20 14:01
123457111;Pamela Lima;Vendedor;CL004;Filial ES;10006;Aspiradora de piso;Casa;88,9;189,9;4;;30/12/20 13:04;31/12/20 9:11
123457111;Pamela Lima;Vendedor;CL004;Filial ES;10011;Licuadora;Cocina;59,9;142,4;2;;17/08/19 9:18;17/08/19 16:25
123457111;Pamela Lima;Vendedor;CL004;Filial ES;10018;Colchón;Casa;109,9;249,9;2;;11/01/20 10:47;11/01/20 11:13
123457111;Pamela Lima;Vendedor;CL004;Filial ES;10013;Fogón;Electrodomésticos;210,9;404,1;3;;17/02/20 14:26;21/02/20 15:10
123457111;Pamela Lima;Vendedor;CL004;Filial ES;10009;Plancha;Casa;27,9;55,9;3;;10/04/19 12:11;10/04/19 13:49
123457111;Pamela Lima;Vendedor;CL004;Filial ES;10010;Freidora eléctrica;Cocina;187,9;340;4;;17/08/19 10:28;17/08/19 10:50
123457111;Pamela Lima;Vendedor;CL004;Filial ES;10017;Cama Box;Casa;1189,9;1899,5;4;;2/06/20 16:12;4/06/20 16:09
123457111;Pamela Lima;Vendedor;CL004;Filial ES;10014;Heladera;Electrodomésticos;699,9;1346,9;1;;17/12/19 11:22;21/12/19 11:02
123457111;Pamela Lima;Vendedor;CL004;Filial ES;10017;Cama Box;Casa;1189,9;1899,5;4;;22/02/19 17:40;27/02/19 14:50
123457111;Pamela Lima;Vendedor;CL004;Filial ES;10013;Fogón;Electrodomésticos;210,9;404,1;3;;1/03/20 15:18;4/03/20 17:02
123457111;Pamela Lima;Vendedor;CL004;Filial ES;10003;Televisor;Electrodomésticos;1400,9;2279,99;4;;30/01/20 12:58;5/02/20 12:21
123457111;Pamela Lima;Vendedor;CL004;Filial ES;10016;Guarda Ropa;Casa;489,9;999;1;;22/03/19 13:58;25/03/19 10:19
123457111;Pamela Lima;Vendedor;CL004;Filial ES;10011;Licuadora;Cocina;59,9;142,4;1;;27/06/19 16:24;28/06/19 16:22
123457111;Pamela Lima;Vendedor;CL004;Filial ES;10010;Freidora eléctrica;Cocina;187,9;340;3;;6/05/20 10:30;6/05/20 11:03
123457111;Pamela Lima;Vendedor;CL004;Filial ES;10017;Cama Box;Casa;1189,9;1899,5;2;;7/07/19 9:44;11/07/19 14:56
123457111;Pamela Lima;Vendedor;CL004;Filial ES;10014;Heladera;Electrodomésticos;699,9;1346,9;2;;6/09/20 10:58;9/09/20 14:29
123457111;Pamela Lima;Vendedor;CL004;Filial ES;10011;Licuadora;Cocina;59,9;142,4;4;;18/02/19 14:00;18/02/19 16:56
123457111;Pamela Lima;Vendedor;CL004;Filial ES;10001;Smartphone;Electrónicos;899,9;1676,9;4;;20/10/19 10:35;20/10/19 12:08
123457111;Pamela Lima;Vendedor;CL004;Filial ES;10013;Fogón;Electrodomésticos;210,9;404,1;2;;2/06/20 13:22;9/06/20 9:59
123457111;Pamela Lima;Vendedor;CL004;Filial ES;10013;Fogón;Electrodomésticos;210,9;404,1;4;;5/06/19 11:16;9/06/19 13:41
123457111;Pamela Lima;Vendedor;CL004;Filial ES;10010;Freidora eléctrica;Cocina;187,9;340;2;;17/11/19 17:31;18/11/19 13:16
123457111;Pamela Lima;Vendedor;CL004;Filial ES;10009;Plancha;Casa;27,9;55,9;1;;2/06/19 10:40;2/06/19 17:53
123457111;Pamela Lima;Vendedor;CL004;Filial ES;10016;Guarda Ropa;Casa;489,9;999;3;;27/05/19 16:38;30/05/19 14:56
123457111;Pamela Lima;Vendedor;CL004;Filial ES;10005;Notebook;Electrónicos;2299,9;3199;1;;8/08/19 15:53;9/08/19 14:08
123457111;Pamela Lima;Vendedor;CL004;Filial ES;10008;Cafetera;Cocina;159,9;284,9;3;;7/11/19 15:04;8/11/19 12:15
123457111;Pamela Lima;Vendedor;CL004;Filial ES;10017;Cama Box;Casa;1189,9;1899,5;1;;9/07/19 16:05;14/07/19 10:14
123457111;Pamela Lima;Vendedor;CL004;Filial ES;10015;Microondas;Electrodomésticos;189;364,5;1;;13/09/20 10:43;13/09/20 11:59
123457111;Pamela Lima;Vendedor;CL004;Filial ES;10009;Plancha;Casa;27,9;55,9;3;;12/05/20 16:59;13/05/20 12:51
123457113;Victor Hugo;Vendedor;CL004;Filial ES;10008;Cafetera;Cocina;159,9;284,9;2;;9/12/19 9:04;9/12/19 10:12
123457113;Victor Hugo;Vendedor;CL004;Filial ES;10014;Heladera;Electrodomésticos;699,9;1346,9;4;;31/05/20 13:58;5/06/20 16:20
123457113;Victor Hugo;Vendedor;CL004;Filial ES;10007;Batidora;Cocina;49,9;95,9;2;;26/12/20 12:01;27/12/20 11:47
123457113;Victor Hugo;Vendedor;CL004;Filial ES;10020;Impresora;Electrónicos;329,9;674,1;4;;25/04/19 13:43;26/04/19 12:34
123457113;Victor Hugo;Vendedor;CL004;Filial ES;10020;Impresora;Electrónicos;329,9;674,1;4;;5/02/19 13:45;6/02/19 13:22
123457113;Victor Hugo;Vendedor;CL004;Filial ES;10006;Aspiradora de piso;Casa;88,9;189,9;2;;21/07/19 16:32;21/07/19 17:45
123457113;Victor Hugo;Vendedor;CL004;Filial ES;10003;Televisor;Electrodomésticos;1400,9;2279,99;4;;5/01/19 10:29;9/01/19 16:13
123457113;Victor Hugo;Vendedor;CL004;Filial ES;10010;Freidora eléctrica;Cocina;187,9;340;2;;25/09/19 13:40;26/09/19 12:30
123457113;Victor Hugo;Vendedor;CL004;Filial ES;10016;Guarda Ropa;Casa;489,9;999;4;;3/11/20 10:28;10/11/20 14:24
123457113;Victor Hugo;Vendedor;CL004;Filial ES;10007;Batidora;Cocina;49,9;95,9;4;;11/08/20 10:17;11/08/20 10:51
123457113;Victor Hugo;Vendedor;CL004;Filial ES;10011;Licuadora;Cocina;59,9;142,4;4;;31/07/19 17:03;1/08/19 14:00
123457113;Victor Hugo;Vendedor;CL004;Filial ES;10018;Colchón;Casa;109,9;249,9;2;;1/05/19 17:01;2/05/19 11:08
123457113;Victor Hugo;Vendedor;CL004;Filial ES;10002;Tablet;Electrónicos;799;1424,91;2;;10/05/20 13:38;10/05/20 13:40
123457113;Victor Hugo;Vendedor;CL004;Filial ES;10002;Tablet;Electrónicos;799;1424,91;2;;3/02/20 17:16;4/02/20 14:53
123457113;Victor Hugo;Vendedor;CL004;Filial ES;10006;Aspiradora de piso;Casa;88,9;189,9;4;;27/09/20 12:32;28/09/20 10:16
123457113;Victor Hugo;Vendedor;CL004;Filial ES;10001;Smartphone;Electrónicos;899,9;1676,9;2;;28/06/19 17:51;29/06/19 10:06
123457113;Victor Hugo;Vendedor;CL004;Filial ES;10005;Notebook;Electrónicos;2299,9;3199;4;;4/02/19 10:10;5/02/19 9:15
123457113;Victor Hugo;Vendedor;CL004;Filial ES;10008;Cafetera;Cocina;159,9;284,9;4;;6/07/19 17:46;7/07/19 15:54
123457113;Victor Hugo;Vendedor;CL004;Filial ES;10017;Cama Box;Casa;1189,9;1899,5;4;;28/06/20 9:25;3/07/20 11:44
123457113;Victor Hugo;Vendedor;CL004;Filial ES;10004;Máquina de lavar ropa;Electrodomésticos;1099;1709,1;2;0,07;4/04/19 14:26;9/04/19 15:23
123457113;Victor Hugo;Vendedor;CL004;Filial ES;10016;Guarda Ropa;Casa;489,9;999;2;;31/01/19 9:39;3/02/19 12:25
123457113;Victor Hugo;Vendedor;CL004;Filial ES;10004;Máquina de lavar ropa;Electrodomésticos;1099;1709,1;2;0,07;18/09/19 11:02;23/09/19 13:51
123457113;Victor Hugo;Vendedor;CL004;Filial ES;10013;Fogón;Electrodomésticos;210,9;404,1;2;;25/05/19 13:55;31/05/19 17:23
123457113;Victor Hugo;Vendedor;CL004;Filial ES;10020;Impresora;Electrónicos;329,9;674,1;4;;19/05/20 13:56;20/05/20 9:05
123457113;Victor Hugo;Vendedor;CL004;Filial ES;10001;Smartphone;Electrónicos;899,9;1676,9;4;;1/12/20 12:44;1/12/20 15:10
123457113;Victor Hugo;Vendedor;CL004;Filial ES;10005;Notebook;Electrónicos;2299,9;3199;2;;7/09/20 13:17;7/09/20 17:50
123457113;Victor Hugo;Vendedor;CL004;Filial ES;10020;Impresora;Electrónicos;329,9;674,1;2;;16/06/19 9:32;17/06/19 9:28
123457113;Victor Hugo;Vendedor;CL004;Filial ES;10011;Licuadora;Cocina;59,9;142,4;2;;4/02/20 16:23;5/02/20 14:23
123457113;Victor Hugo;Vendedor;CL004;Filial ES;10007;Batidora;Cocina;49,9;95,9;2;;27/05/19 12:37;28/05/19 12:12
123457113;Victor Hugo;Vendedor;CL004;Filial ES;10018;Colchón;Casa;109,9;249,9;2;;22/05/20 15:08;23/05/20 11:13
123457113;Victor Hugo;Vendedor;CL004;Filial ES;10012;Procesador de alimentos;Cocina;110;189,9;4;;1/05/19 12:43;2/05/19 12:22
123457113;Victor Hugo;Vendedor;CL004;Filial ES;10006;Aspiradora de piso;Casa;88,9;189,9;4;;4/07/20 15:22;4/07/20 17:30
123457113;Victor Hugo;Vendedor;CL004;Filial ES;10006;Aspiradora de piso;Casa;88,9;189,9;2;;22/08/20 16:49;23/08/20 16:12
123457113;Victor Hugo;Vendedor;CL004;Filial ES;10018;Colchón;Casa;109,9;249,9;4;;2/08/19 10:55;2/08/19 15:43
123457113;Victor Hugo;Vendedor;CL004;Filial ES;10019;Sofá;Casa;789,9;1399;4;;30/01/19 15:03;6/02/19 13:19
123457113;Victor Hugo;Vendedor;CL004;Filial ES;10012;Procesador de alimentos;Cocina;110;189,9;4;;30/09/19 15:28;30/09/19 17:17
123457113;Victor Hugo;Vendedor;CL004;Filial ES;10001;Smartphone;Electrónicos;899,9;1676,9;2;;30/01/20 16:17;31/01/20 11:02
123457113;Victor Hugo;Vendedor;CL004;Filial ES;10012;Procesador de alimentos;Cocina;110;189,9;2;;25/04/20 14:58;26/04/20 10:13
123457113;Victor Hugo;Vendedor;CL004;Filial ES;10014;Heladera;Electrodomésticos;699,9;1346,9;2;;18/11/20 17:33;24/11/20 9:51
123457113;Victor Hugo;Vendedor;CL004;Filial ES;10006;Aspiradora de piso;Casa;88,9;189,9;2;;9/07/19 10:17;9/07/19 12:05
123457113;Victor Hugo;Vendedor;CL004;Filial ES;10020;Impresora;Electrónicos;329,9;674,1;4;;10/12/19 14:51;11/12/19 11:52
123457113;Victor Hugo;Vendedor;CL004;Filial ES;10019;Sofá;Casa;789,9;1399;4;;1/04/19 10:39;5/04/19 15:00
123457113;Victor Hugo;Vendedor;CL004;Filial ES;10010;Freidora eléctrica;Cocina;187,9;340;4;;25/02/19 9:32;25/02/19 9:46
123457113;Victor Hugo;Vendedor;CL004;Filial ES;10001;Smartphone;Electrónicos;899,9;1676,9;4;;25/06/19 10:42;25/06/19 12:30
123457113;Victor Hugo;Vendedor;CL004;Filial ES;10013;Fogón;Electrodomésticos;210,9;404,1;2;;10/08/19 14:01;17/08/19 10:17
123457113;Victor Hugo;Vendedor;CL004;Filial ES;10010;Freidora eléctrica;Cocina;187,9;340;4;;15/11/20 16:27;16/11/20 11:32
123457113;Victor Hugo;Vendedor;CL004;Filial ES;10011;Licuadora;Cocina;59,9;142,4;4;;24/12/20 16:30;25/12/20 12:25
123457113;Victor Hugo;Vendedor;CL004;Filial ES;10017;Cama Box;Casa;1189,9;1899,5;4;;20/01/19 10:45;22/01/19 12:52
123457113;Victor Hugo;Vendedor;CL004;Filial ES;10018;Colchón;Casa;109,9;249,9;2;;12/07/20 13:10;13/07/20 12:34
123457113;Victor Hugo;Vendedor;CL004;Filial ES;10006;Aspiradora de piso;Casa;88,9;189,9;4;;22/10/20 15:21;23/10/20 9:47
123457113;Victor Hugo;Vendedor;CL004;Filial ES;10012;Procesador de alimentos;Cocina;110;189,9;4;;12/12/19 14:15;13/12/19 11:13
123457113;Victor Hugo;Vendedor;CL004;Filial ES;10001;Smartphone;Electrónicos;899,9;1676,9;4;;12/11/19 15:16;13/11/19 12:54
123457113;Victor Hugo;Vendedor;CL004;Filial ES;10009;Plancha;Casa;27,9;55,9;4;;3/10/19 9:01;3/10/19 13:28
123457113;Victor Hugo;Vendedor;CL004;Filial ES;10002;Tablet;Electrónicos;799;1424,91;4;;26/08/19 15:07;27/08/19 10:53
123457113;Victor Hugo;Vendedor;CL004;Filial ES;10017;Cama Box;Casa;1189,9;1899,5;4;;31/07/19 9:59;2/08/19 11:03
123457113;Victor Hugo;Vendedor;CL004;Filial ES;10009;Plancha;Casa;27,9;55,9;2;;4/03/19 14:21;4/03/19 14:44
123457113;Victor Hugo;Vendedor;CL004;Filial ES;10011;Licuadora;Cocina;59,9;142,4;4;;21/07/20 13:40;22/07/20 11:25
123457113;Victor Hugo;Vendedor;CL004;Filial ES;10019;Sofá;Casa;789,9;1399;2;;21/04/19 12:29;26/04/19 15:52
123457113;Victor Hugo;Vendedor;CL004;Filial ES;10012;Procesador de alimentos;Cocina;110;189,9;4;;16/04/20 10:03;17/04/20 9:30
123457113;Victor Hugo;Vendedor;CL004;Filial ES;10011;Licuadora;Cocina;59,9;142,4;4;;25/06/19 17:10;26/06/19 11:14
123457113;Victor Hugo;Vendedor;CL004;Filial ES;10013;Fogón;Electrodomésticos;210,9;404,1;4;;25/11/20 10:43;1/12/20 15:14
123457113;Victor Hugo;Vendedor;CL004;Filial ES;10016;Guarda Ropa;Casa;489,9;999;2;;19/08/19 14:25;21/08/19 12:37
123457113;Victor Hugo;Vendedor;CL004;Filial ES;10006;Aspiradora de piso;Casa;88,9;189,9;4;;8/03/20 16:03;9/03/20 9:53
123457113;Victor Hugo;Vendedor;CL004;Filial ES;10011;Licuadora;Cocina;59,9;142,4;4;;9/05/20 15:33;10/05/20 15:16
123457113;Victor Hugo;Vendedor;CL004;Filial ES;10006;Aspiradora de piso;Casa;88,9;189,9;4;;19/04/19 10:16;19/04/19 12:57
123457113;Victor Hugo;Vendedor;CL004;Filial ES;10011;Licuadora;Cocina;59,9;142,4;2;;27/12/19 11:37;27/12/19 14:48
123457113;Victor Hugo;Vendedor;CL004;Filial ES;10012;Procesador de alimentos;Cocina;110;189,9;4;;7/07/19 14:21;8/07/19 14:09
123457113;Victor Hugo;Vendedor;CL004;Filial ES;10004;Máquina de lavar ropa;Electrodomésticos;1099;1709,1;2;0,07;4/01/20 17:53;10/01/20 16:18
123457113;Victor Hugo;Vendedor;CL004;Filial ES;10014;Heladera;Electrodomésticos;699,9;1346,9;2;;17/04/20 13:47;20/04/20 10:25
123457113;Victor Hugo;Vendedor;CL004;Filial ES;10005;Notebook;Electrónicos;2299,9;3199;4;;27/02/19 15:01;28/02/19 14:23
123457113;Victor Hugo;Vendedor;CL004;Filial ES;10015;Microondas;Electrodomésticos;189;364,5;2;;11/03/20 11:08;11/03/20 15:14
123457113;Victor Hugo;Vendedor;CL004;Filial ES;10010;Freidora eléctrica;Cocina;187,9;340;4;;1/02/20 9:20;1/02/20 15:49
123457113;Victor Hugo;Vendedor;CL004;Filial ES;10020;Impresora;Electrónicos;329,9;674,1;4;;6/03/19 15:06;7/03/19 11:39
123457113;Victor Hugo;Vendedor;CL004;Filial ES;10011;Licuadora;Cocina;59,9;142,4;2;;24/08/20 13:34;25/08/20 12:27
123457113;Victor Hugo;Vendedor;CL004;Filial ES;10003;Televisor;Electrodomésticos;1400,9;2279,99;2;;24/06/19 16:01;28/06/19 9:22
123457113;Victor Hugo;Vendedor;CL004;Filial ES;10015;Microondas;Electrodomésticos;189;364,5;4;;5/10/19 10:37;5/10/19 12:52
123457113;Victor Hugo;Vendedor;CL004;Filial ES;10011;Licuadora;Cocina;59,9;142,4;2;;23/03/19 10:05;23/03/19 14:35
123457113;Victor Hugo;Vendedor;CL004;Filial ES;10015;Microondas;Electrodomésticos;189;364,5;2;;9/08/20 14:22;10/08/20 14:21
123457113;Victor Hugo;Vendedor;CL004;Filial ES;10014;Heladera;Electrodomésticos;699,9;1346,9;2;;17/02/20 9:17;21/02/20 13:02
123457113;Victor Hugo;Vendedor;CL004;Filial ES;10014;Heladera;Electrodomésticos;699,9;1346,9;2;;24/05/19 15:49;30/05/19 13:27
123457113;Victor Hugo;Vendedor;CL004;Filial ES;10012;Procesador de alimentos;Cocina;110;189,9;4;;20/08/20 11:41;20/08/20 15:24
123457113;Victor Hugo;Vendedor;CL004;Filial ES;10001;Smartphone;Electrónicos;899,9;1676,9;4;;13/08/20 13:06;14/08/20 12:20
123457113;Victor Hugo;Vendedor;CL004;Filial ES;10007;Batidora;Cocina;49,9;95,9;2;;20/02/20 14:27;21/02/20 13:22
123457113;Victor Hugo;Vendedor;CL004;Filial ES;10018;Colchón;Casa;109,9;249,9;2;;18/07/19 17:23;19/07/19 16:13
123457113;Victor Hugo;Vendedor;CL004;Filial ES;10007;Batidora;Cocina;49,9;95,9;4;;26/05/20 16:07;27/05/20 9:32
123457113;Victor Hugo;Vendedor;CL004;Filial ES;10013;Fogón;Electrodomésticos;210,9;404,1;4;;13/02/20 13:54;16/02/20 11:17
123457113;Victor Hugo;Vendedor;CL004;Filial ES;10009;Plancha;Casa;27,9;55,9;4;;9/02/19 9:49;9/02/19 17:47
123457113;Victor Hugo;Vendedor;CL004;Filial ES;10017;Cama Box;Casa;1189,9;1899,5;2;;2/11/20 9:04;4/11/20 12:12
123457113;Victor Hugo;Vendedor;CL004;Filial ES;10016;Guarda Ropa;Casa;489,9;999;4;;8/04/20 16:03;13/04/20 12:45
123457113;Victor Hugo;Vendedor;CL004;Filial ES;10020;Impresora;Electrónicos;329,9;674,1;2;;29/01/20 13:19;30/01/20 12:07
123457113;Victor Hugo;Vendedor;CL004;Filial ES;10017;Cama Box;Casa;1189,9;1899,5;4;;17/04/19 15:36;24/04/19 15:55
123457113;Victor Hugo;Vendedor;CL004;Filial ES;10018;Colchón;Casa;109,9;249,9;2;;21/01/20 15:46;21/01/20 16:20
123457113;Victor Hugo;Vendedor;CL004;Filial ES;10012;Procesador de alimentos;Cocina;110;189,9;2;;22/10/20 17:06;23/10/20 11:05
123457113;Victor Hugo;Vendedor;CL004;Filial ES;10019;Sofá;Casa;789,9;1399;2;;4/11/19 10:25;9/11/19 16:56
123457113;Victor Hugo;Vendedor;CL004;Filial ES;10020;Impresora;Electrónicos;329,9;674,1;2;;27/02/20 13:27;27/02/20 15:05
123457113;Victor Hugo;Vendedor;CL004;Filial ES;10001;Smartphone;Electrónicos;899,9;1676,9;2;;9/05/19 14:44;9/05/19 15:10
123457113;Victor Hugo;Vendedor;CL004;Filial ES;10008;Cafetera;Cocina;159,9;284,9;2;;18/03/19 9:21;18/03/19 16:26
123457113;Victor Hugo;Vendedor;CL004;Filial ES;10001;Smartphone;Electrónicos;899,9;1676,9;2;;4/07/19 11:01;4/07/19 17:47
123457113;Victor Hugo;Vendedor;CL004;Filial ES;10011;Licuadora;Cocina;59,9;142,4;4;;9/09/19 14:08;9/09/19 15:43
123457113;Victor Hugo;Vendedor;CL004;Filial ES;10001;Smartphone;Electrónicos;899,9;1676,9;4;;24/10/19 11:02;24/10/19 13:59
123457113;Victor Hugo;Vendedor;CL004;Filial ES;10012;Procesador de alimentos;Cocina;110;189,9;4;;28/06/19 11:39;29/06/19 10:47
123457113;Victor Hugo;Vendedor;CL004;Filial ES;10009;Plancha;Casa;27,9;55,9;2;;16/09/20 16:04;17/09/20 15:24
123457113;Victor Hugo;Vendedor;CL004;Filial ES;10015;Microondas;Electrodomésticos;189;364,5;4;;23/02/19 15:04;24/02/19 9:27
123457113;Victor Hugo;Vendedor;CL004;Filial ES;10004;Máquina de lavar ropa;Electrodomésticos;1099;1709,1;4;0,1;16/05/20 13:18;23/05/20 10:59
123457113;Victor Hugo;Vendedor;CL004;Filial ES;10004;Máquina de lavar ropa;Electrodomésticos;1099;1709,1;4;0,1;5/07/20 17:53;8/07/20 15:12
123457113;Victor Hugo;Vendedor;CL004;Filial ES;10003;Televisor;Electrodomésticos;1400,9;2279,99;2;;19/12/20 12:13;26/12/20 15:08
123457113;Victor Hugo;Vendedor;CL004;Filial ES;10007;Batidora;Cocina;49,9;95,9;4;;14/10/19 10:51;14/10/19 15:00
123457113;Victor Hugo;Vendedor;CL004;Filial ES;10003;Televisor;Electrodomésticos;1400,9;2279,99;4;;14/12/19 14:35;21/12/19 16:52
123457113;Victor Hugo;Vendedor;CL004;Filial ES;10005;Notebook;Electrónicos;2299,9;3199;2;;11/09/19 16:53;12/09/19 11:50
123457113;Victor Hugo;Vendedor;CL004;Filial ES;10013;Fogón;Electrodomésticos;210,9;404,1;2;;31/12/20 11:19;31/12/20 16:49
123457113;Victor Hugo;Vendedor;CL004;Filial ES;10016;Guarda Ropa;Casa;489,9;999;4;;4/05/20 17:54;10/05/20 12:48
123457113;Victor Hugo;Vendedor;CL004;Filial ES;10011;Licuadora;Cocina;59,9;142,4;4;;14/07/19 17:36;15/07/19 10:59
123457113;Victor Hugo;Vendedor;CL004;Filial ES;10019;Sofá;Casa;789,9;1399;2;;28/04/19 14:38;30/04/19 17:18
123457113;Victor Hugo;Vendedor;CL004;Filial ES;10007;Batidora;Cocina;49,9;95,9;2;;17/07/19 16:03;17/07/19 17:43
123457113;Victor Hugo;Vendedor;CL004;Filial ES;10015;Microondas;Electrodomésticos;189;364,5;2;;28/08/20 10:08;28/08/20 14:22
123457113;Victor Hugo;Vendedor;CL004;Filial ES;10006;Aspiradora de piso;Casa;88,9;189,9;2;;5/10/20 17:01;6/10/20 14:37
123457113;Victor Hugo;Vendedor;CL004;Filial ES;10009;Plancha;Casa;27,9;55,9;1;;6/05/20 16:18;7/05/20 13:47
123457113;Victor Hugo;Vendedor;CL004;Filial ES;10011;Licuadora;Cocina;59,9;142,4;1;;5/11/20 11:32;5/11/20 12:59
123457113;Victor Hugo;Vendedor;CL004;Filial ES;10010;Freidora eléctrica;Cocina;187,9;340;1;;1/11/19 14:12;1/11/19 17:14
123457113;Victor Hugo;Vendedor;CL004;Filial ES;10016;Guarda Ropa;Casa;489,9;999;1;;8/11/19 9:59;11/11/19 15:36
123457113;Victor Hugo;Vendedor;CL004;Filial ES;10019;Sofá;Casa;789,9;1399;1;;22/02/19 13:01;28/02/19 14:30
123457113;Victor Hugo;Vendedor;CL004;Filial ES;10001;Smartphone;Electrónicos;899,9;1676,9;1;;18/01/20 12:17;19/01/20 9:02
123457113;Victor Hugo;Vendedor;CL004;Filial ES;10019;Sofá;Casa;789,9;1399;1;;2/02/19 10:04;6/02/19 16:03
123457113;Victor Hugo;Vendedor;CL004;Filial ES;10014;Heladera;Electrodomésticos;699,9;1346,9;1;;22/06/19 10:23;29/06/19 15:18
123457113;Victor Hugo;Vendedor;CL004;Filial ES;10007;Batidora;Cocina;49,9;95,9;1;;5/01/19 16:49;6/01/19 10:53
123457113;Victor Hugo;Vendedor;CL004;Filial ES;10019;Sofá;Casa;789,9;1399;1;;26/12/19 14:59;2/01/20 15:55
123457113;Victor Hugo;Vendedor;CL004;Filial ES;10013;Fogón;Electrodomésticos;210,9;404,1;1;;18/02/19 16:04;25/02/19 14:14
123457113;Victor Hugo;Vendedor;CL004;Filial ES;10002;Tablet;Electrónicos;799;1424,91;1;;26/09/20 13:57;26/09/20 15:17
123457113;Victor Hugo;Vendedor;CL004;Filial ES;10013;Fogón;Electrodomésticos;210,9;404,1;1;;20/12/19 13:27;27/12/19 13:00
123457113;Victor Hugo;Vendedor;CL004;Filial ES;10003;Televisor;Electrodomésticos;1400,9;2279,99;1;;24/03/19 12:08;27/03/19 14:42
123457113;Victor Hugo;Vendedor;CL004;Filial ES;10009;Plancha;Casa;27,9;55,9;1;;10/01/19 11:43;10/01/19 15:18
123457113;Victor Hugo;Vendedor;CL004;Filial ES;10015;Microondas;Electrodomésticos;189;364,5;1;;3/04/19 16:46;3/04/19 17:51
123457113;Victor Hugo;Vendedor;CL004;Filial ES;10018;Colchón;Casa;109,9;249,9;1;;22/08/20 9:05;22/08/20 10:31
123457113;Victor Hugo;Vendedor;CL004;Filial ES;10015;Microondas;Electrodomésticos;189;364,5;1;;27/11/20 16:04;27/11/20 16:16
123457113;Victor Hugo;Vendedor;CL004;Filial ES;10007;Batidora;Cocina;49,9;95,9;1;;9/08/19 14:58;9/08/19 17:51
123457113;Victor Hugo;Vendedor;CL004;Filial ES;10006;Aspiradora de piso;Casa;88,9;189,9;1;;17/02/19 9:20;17/02/19 17:47
123457113;Victor Hugo;Vendedor;CL004;Filial ES;10014;Heladera;Electrodomésticos;699,9;1346,9;1;;16/01/19 17:38;20/01/19 14:39
123457113;Victor Hugo;Vendedor;CL004;Filial ES;10015;Microondas;Electrodomésticos;189;364,5;1;;29/09/20 15:53;30/09/20 13:05
123457113;Victor Hugo;Vendedor;CL004;Filial ES;10014;Heladera;Electrodomésticos;699,9;1346,9;1;;16/05/20 11:42;23/05/20 16:21
123457113;Victor Hugo;Vendedor;CL004;Filial ES;10018;Colchón;Casa;109,9;249,9;1;;4/12/20 17:23;5/12/20 16:38
123457113;Victor Hugo;Vendedor;CL004;Filial ES;10006;Aspiradora de piso;Casa;88,9;189,9;1;;14/08/20 17:18;15/08/20 13:17
123457113;Victor Hugo;Vendedor;CL004;Filial ES;10017;Cama Box;Casa;1189,9;1899,5;1;;21/01/20 10:10;23/01/20 15:23
123457113;Victor Hugo;Vendedor;CL004;Filial ES;10014;Heladera;Electrodomésticos;699,9;1346,9;1;;3/06/19 12:39;10/06/19 15:50
123457113;Victor Hugo;Vendedor;CL004;Filial ES;10011;Licuadora;Cocina;59,9;142,4;1;;20/02/19 17:29;21/02/19 10:30
123457113;Victor Hugo;Vendedor;CL004;Filial ES;10001;Smartphone;Electrónicos;899,9;1676,9;1;;20/04/20 14:29;21/04/20 13:30
123457113;Victor Hugo;Vendedor;CL004;Filial ES;10002;Tablet;Electrónicos;799;1424,91;1;;28/11/20 12:31;29/11/20 11:51
123457113;Victor Hugo;Vendedor;CL004;Filial ES;10007;Batidora;Cocina;49,9;95,9;1;;14/04/19 15:52;15/04/19 13:54
123457113;Victor Hugo;Vendedor;CL004;Filial ES;10003;Televisor;Electrodomésticos;1400,9;2279,99;1;;21/12/19 15:37;27/12/19 16:04
123457113;Victor Hugo;Vendedor;CL004;Filial ES;10005;Notebook;Electrónicos;2299,9;3199;1;;17/01/20 10:39;17/01/20 16:26
123457113;Victor Hugo;Vendedor;CL004;Filial ES;10020;Impresora;Electrónicos;329,9;674,1;1;;26/02/19 12:20;26/02/19 14:55
123457113;Victor Hugo;Vendedor;CL004;Filial ES;10019;Sofá;Casa;789,9;1399;1;;29/03/20 17:08;4/04/20 14:22
123457113;Victor Hugo;Vendedor;CL004;Filial ES;10013;Fogón;Electrodomésticos;210,9;404,1;1;;20/03/20 12:23;26/03/20 13:14
123457113;Victor Hugo;Vendedor;CL004;Filial ES;10014;Heladera;Electrodomésticos;699,9;1346,9;1;;11/09/20 14:55;17/09/20 9:46
123457113;Victor Hugo;Vendedor;CL004;Filial ES;10013;Fogón;Electrodomésticos;210,9;404,1;1;;22/12/19 16:49;27/12/19 15:24
123457113;Victor Hugo;Vendedor;CL004;Filial ES;10016;Guarda Ropa;Casa;489,9;999;1;;11/08/19 11:40;16/08/19 13:54
123457113;Victor Hugo;Vendedor;CL004;Filial ES;10018;Colchón;Casa;109,9;249,9;1;;27/09/20 14:50;28/09/20 11:37
123457113;Victor Hugo;Vendedor;CL004;Filial ES;10003;Televisor;Electrodomésticos;1400,9;2279,99;1;;25/04/19 10:27;30/04/19 13:06
123457113;Victor Hugo;Vendedor;CL004;Filial ES;10008;Cafetera;Cocina;159,9;284,9;1;;4/06/19 13:14;4/06/19 16:31
123457113;Victor Hugo;Vendedor;CL004;Filial ES;10004;Máquina de lavar ropa;Electrodomésticos;1099;1709,1;1;0,05;3/01/19 10:56;7/01/19 15:08
123457113;Victor Hugo;Vendedor;CL004;Filial ES;10020;Impresora;Electrónicos;329,9;674,1;1;;24/09/19 9:06;24/09/19 16:44
123457113;Victor Hugo;Vendedor;CL004;Filial ES;10019;Sofá;Casa;789,9;1399;1;;12/10/20 9:37;15/10/20 9:09
123457113;Victor Hugo;Vendedor;CL004;Filial ES;10005;Notebook;Electrónicos;2299,9;3199;1;;5/02/20 15:01;5/02/20 17:22
123457113;Victor Hugo;Vendedor;CL004;Filial ES;10007;Batidora;Cocina;49,9;95,9;1;;22/10/19 9:46;22/10/19 14:45
123457113;Victor Hugo;Vendedor;CL004;Filial ES;10006;Aspiradora de piso;Casa;88,9;189,9;1;;22/08/19 12:16;22/08/19 13:46
123457113;Victor Hugo;Vendedor;CL004;Filial ES;10013;Fogón;Electrodomésticos;210,9;404,1;1;;4/05/19 12:34;6/05/19 16:40
123457113;Victor Hugo;Vendedor;CL004;Filial ES;10013;Fogón;Electrodomésticos;210,9;404,1;1;;19/10/19 14:26;26/10/19 15:05
123457113;Victor Hugo;Vendedor;CL004;Filial ES;10019;Sofá;Casa;789,9;1399;1;;2/04/19 14:54;6/04/19 13:26
123457113;Victor Hugo;Vendedor;CL004;Filial ES;10003;Televisor;Electrodomésticos;1400,9;2279,99;1;;13/04/20 10:01;16/04/20 15:13
123457113;Victor Hugo;Vendedor;CL004;Filial ES;10016;Guarda Ropa;Casa;489,9;999;1;;1/02/20 11:14;7/02/20 13:57
123457113;Victor Hugo;Vendedor;CL004;Filial ES;10004;Máquina de lavar ropa;Electrodomésticos;1099;1709,1;1;0,05;20/07/19 14:21;23/07/19 11:27
123457113;Victor Hugo;Vendedor;CL004;Filial ES;10013;Fogón;Electrodomésticos;210,9;404,1;1;;4/06/19 9:41;11/06/19 12:43
123457113;Victor Hugo;Vendedor;CL004;Filial ES;10008;Cafetera;Cocina;159,9;284,9;1;;27/02/20 12:59;27/02/20 17:59
123457113;Victor Hugo;Vendedor;CL004;Filial ES;10014;Heladera;Electrodomésticos;699,9;1346,9;1;;2/09/19 15:50;5/09/19 9:46
123457113;Victor Hugo;Vendedor;CL004;Filial ES;10006;Aspiradora de piso;Casa;88,9;189,9;1;;28/05/19 13:40;29/05/19 12:48
123457113;Victor Hugo;Vendedor;CL004;Filial ES;10008;Cafetera;Cocina;159,9;284,9;1;;3/12/19 15:42;4/12/19 10:20
123457113;Victor Hugo;Vendedor;CL004;Filial ES;10017;Cama Box;Casa;1189,9;1899,5;1;;29/03/20 13:57;3/04/20 17:00
123457113;Victor Hugo;Vendedor;CL004;Filial ES;10007;Batidora;Cocina;49,9;95,9;1;;27/11/19 14:57;28/11/19 9:12
123457113;Victor Hugo;Vendedor;CL004;Filial ES;10005;Notebook;Electrónicos;2299,9;3199;1;;6/08/19 17:59;7/08/19 9:55
123457113;Victor Hugo;Vendedor;CL004;Filial ES;10003;Televisor;Electrodomésticos;1400,9;2279,99;1;;24/04/19 17:22;30/04/19 9:39
123457113;Victor Hugo;Vendedor;CL004;Filial ES;10016;Guarda Ropa;Casa;489,9;999;1;;25/12/19 9:12;29/12/19 10:00
123457113;Victor Hugo;Vendedor;CL004;Filial ES;10019;Sofá;Casa;789,9;1399;1;;27/09/19 9:11;1/10/19 11:39
123457113;Victor Hugo;Vendedor;CL004;Filial ES;10011;Licuadora;Cocina;59,9;142,4;1;;7/10/20 11:31;7/10/20 13:06
123457113;Victor Hugo;Vendedor;CL004;Filial ES;10018;Colchón;Casa;109,9;249,9;3;;15/01/20 12:26;15/01/20 15:44
123457113;Victor Hugo;Vendedor;CL004;Filial ES;10020;Impresora;Electrónicos;329,9;674,1;3;;7/01/20 16:17;8/01/20 14:38
123457113;Victor Hugo;Vendedor;CL004;Filial ES;10011;Licuadora;Cocina;59,9;142,4;3;;22/04/19 9:05;22/04/19 15:58
123457113;Victor Hugo;Vendedor;CL004;Filial ES;10019;Sofá;Casa;789,9;1399;3;;29/07/19 12:44;1/08/19 16:45
123457113;Victor Hugo;Vendedor;CL004;Filial ES;10004;Máquina de lavar ropa;Electrodomésticos;1099;1709,1;3;0,09;31/12/20 15:07;31/12/20 17:19
123457113;Victor Hugo;Vendedor;CL004;Filial ES;10004;Máquina de lavar ropa;Electrodomésticos;1099;1709,1;3;0,09;7/05/20 14:57;9/05/20 12:15
123457113;Victor Hugo;Vendedor;CL004;Filial ES;10015;Microondas;Electrodomésticos;189;364,5;3;;27/02/19 14:41;27/02/19 17:23
123457113;Victor Hugo;Vendedor;CL004;Filial ES;10019;Sofá;Casa;789,9;1399;3;;20/06/20 14:54;26/06/20 17:22
123457113;Victor Hugo;Vendedor;CL004;Filial ES;10001;Smartphone;Electrónicos;899,9;1676,9;3;;23/08/20 14:01;23/08/20 17:09
123457113;Victor Hugo;Vendedor;CL004;Filial ES;10017;Cama Box;Casa;1189,9;1899,5;3;;15/03/19 16:40;17/03/19 17:00
123457113;Victor Hugo;Vendedor;CL004;Filial ES;10006;Aspiradora de piso;Casa;88,9;189,9;3;;24/11/19 9:19;24/11/19 12:16
123457113;Victor Hugo;Vendedor;CL004;Filial ES;10008;Cafetera;Cocina;159,9;284,9;3;;11/12/19 14:55;11/12/19 17:45
123457113;Victor Hugo;Vendedor;CL004;Filial ES;10017;Cama Box;Casa;1189,9;1899,5;3;;28/02/20 9:23;6/03/20 12:35
123457113;Victor Hugo;Vendedor;CL004;Filial ES;10011;Licuadora;Cocina;59,9;142,4;3;;26/09/19 17:07;27/09/19 9:37
123457113;Victor Hugo;Vendedor;CL004;Filial ES;10013;Fogón;Electrodomésticos;210,9;404,1;3;;4/09/20 16:47;7/09/20 15:18
123457113;Victor Hugo;Vendedor;CL004;Filial ES;10014;Heladera;Electrodomésticos;699,9;1346,9;3;;7/02/20 15:12;12/02/20 14:37
123457113;Victor Hugo;Vendedor;CL004;Filial ES;10004;Máquina de lavar ropa;Electrodomésticos;1099;1709,1;3;0,09;20/06/20 9:52;22/06/20 13:49
123457113;Victor Hugo;Vendedor;CL004;Filial ES;10002;Tablet;Electrónicos;799;1424,91;3;;2/01/20 12:43;3/01/20 9:11
123457113;Victor Hugo;Vendedor;CL004;Filial ES;10007;Batidora;Cocina;49,9;95,9;3;;25/01/20 13:53;25/01/20 16:32
123457113;Victor Hugo;Vendedor;CL004;Filial ES;10015;Microondas;Electrodomésticos;189;364,5;3;;1/03/19 10:02;1/03/19 16:39
123457113;Victor Hugo;Vendedor;CL004;Filial ES;10018;Colchón;Casa;109,9;249,9;3;;4/02/20 14:40;5/02/20 12:59
123457113;Victor Hugo;Vendedor;CL004;Filial ES;10015;Microondas;Electrodomésticos;189;364,5;3;;11/10/20 15:38;12/10/20 12:41
123457113;Victor Hugo;Vendedor;CL004;Filial ES;10007;Batidora;Cocina;49,9;95,9;3;;14/06/19 17:04;15/06/19 11:13
123457113;Victor Hugo;Vendedor;CL004;Filial ES;10017;Cama Box;Casa;1189,9;1899,5;3;;19/06/19 13:15;26/06/19 13:55
123457113;Victor Hugo;Vendedor;CL004;Filial ES;10003;Televisor;Electrodomésticos;1400,9;2279,99;3;;21/02/19 10:34;24/02/19 13:05
123457113;Victor Hugo;Vendedor;CL004;Filial ES;10006;Aspiradora de piso;Casa;88,9;189,9;3;;10/06/20 16:22;11/06/20 11:08
123457113;Victor Hugo;Vendedor;CL004;Filial ES;10009;Plancha;Casa;27,9;55,9;3;;19/11/19 14:08;20/11/19 12:35
123457113;Victor Hugo;Vendedor;CL004;Filial ES;10016;Guarda Ropa;Casa;489,9;999;3;;10/11/20 12:24;17/11/20 16:16
123457113;Victor Hugo;Vendedor;CL004;Filial ES;10003;Televisor;Electrodomésticos;1400,9;2279,99;3;;16/11/19 10:33;22/11/19 13:00
123457113;Victor Hugo;Vendedor;CL004;Filial ES;10020;Impresora;Electrónicos;329,9;674,1;3;;7/04/20 10:26;7/04/20 17:30
123457113;Victor Hugo;Vendedor;CL004;Filial ES;10013;Fogón;Electrodomésticos;210,9;404,1;3;;19/09/19 12:17;23/09/19 15:02
123457113;Victor Hugo;Vendedor;CL004;Filial ES;10017;Cama Box;Casa;1189,9;1899,5;3;;20/09/19 14:30;27/09/19 10:33
123457113;Victor Hugo;Vendedor;CL004;Filial ES;10017;Cama Box;Casa;1189,9;1899,5;3;;9/02/19 11:56;11/02/19 15:37
123457113;Victor Hugo;Vendedor;CL004;Filial ES;10015;Microondas;Electrodomésticos;189;364,5;3;;1/07/20 9:32;1/07/20 16:44
123457113;Victor Hugo;Vendedor;CL004;Filial ES;10013;Fogón;Electrodomésticos;210,9;404,1;3;;5/05/20 11:02;8/05/20 16:57
123457113;Victor Hugo;Vendedor;CL004;Filial ES;10008;Cafetera;Cocina;159,9;284,9;3;;26/06/19 13:36;26/06/19 15:33
123457113;Victor Hugo;Vendedor;CL004;Filial ES;10016;Guarda Ropa;Casa;489,9;999;3;;10/08/20 16:28;16/08/20 14:26
123457113;Victor Hugo;Vendedor;CL004;Filial ES;10001;Smartphone;Electrónicos;899,9;1676,9;3;;5/12/19 17:42;6/12/19 11:17
123457113;Victor Hugo;Vendedor;CL004;Filial ES;10008;Cafetera;Cocina;159,9;284,9;3;;20/08/20 17:19;21/08/20 9:57
123457113;Victor Hugo;Vendedor;CL004;Filial ES;10015;Microondas;Electrodomésticos;189;364,5;3;;9/01/19 16:52;10/01/19 10:20
123457113;Victor Hugo;Vendedor;CL004;Filial ES;10005;Notebook;Electrónicos;2299,9;3199;3;;11/03/19 13:47;11/03/19 14:40
123457113;Victor Hugo;Vendedor;CL004;Filial ES;10001;Smartphone;Electrónicos;899,9;1676,9;3;;11/04/20 12:54;11/04/20 14:45
123457113;Victor Hugo;Vendedor;CL004;Filial ES;10011;Licuadora;Cocina;59,9;142,4;3;;28/11/20 11:22;29/11/20 9:14
123457113;Victor Hugo;Vendedor;CL004;Filial ES;10010;Freidora eléctrica;Cocina;187,9;340;3;;23/07/20 10:48;23/07/20 16:12
123457113;Victor Hugo;Vendedor;CL004;Filial ES;10018;Colchón;Casa;109,9;249,9;3;;22/07/20 10:59;22/07/20 16:49
123457113;Victor Hugo;Vendedor;CL004;Filial ES;10014;Heladera;Electrodomésticos;699,9;1346,9;3;;5/12/20 14:36;12/12/20 14:54
123457113;Victor Hugo;Vendedor;CL004;Filial ES;10015;Microondas;Electrodomésticos;189;364,5;3;;24/11/19 17:42;25/11/19 13:25
123457113;Victor Hugo;Vendedor;CL004;Filial ES;10003;Televisor;Electrodomésticos;1400,9;2279,99;3;;10/12/19 13:11;17/12/19 12:21
123457113;Victor Hugo;Vendedor;CL004;Filial ES;10007;Batidora;Cocina;49,9;95,9;3;;11/05/20 17:48;12/05/20 16:09
123457113;Victor Hugo;Vendedor;CL004;Filial ES;10002;Tablet;Electrónicos;799;1424,91;3;;15/03/19 14:35;15/03/19 15:35
123457113;Victor Hugo;Vendedor;CL004;Filial ES;10013;Fogón;Electrodomésticos;210,9;404,1;3;;13/09/20 14:12;17/09/20 12:40
123457113;Victor Hugo;Vendedor;CL004;Filial ES;10007;Batidora;Cocina;49,9;95,9;3;;3/02/19 9:46;3/02/19 11:51
123457113;Victor Hugo;Vendedor;CL004;Filial ES;10010;Freidora eléctrica;Cocina;187,9;340;3;;11/05/20 16:51;12/05/20 13:15
123457113;Victor Hugo;Vendedor;CL004;Filial ES;10018;Colchón;Casa;109,9;249,9;3;;22/07/19 13:13;23/07/19 9:16
123457113;Victor Hugo;Vendedor;CL004;Filial ES;10003;Televisor;Electrodomésticos;1400,9;2279,99;3;;21/09/20 17:15;28/09/20 12:17
123457113;Victor Hugo;Vendedor;CL004;Filial ES;10014;Heladera;Electrodomésticos;699,9;1346,9;3;;5/07/20 13:17;11/07/20 16:14
123457113;Victor Hugo;Vendedor;CL004;Filial ES;10001;Smartphone;Electrónicos;899,9;1676,9;3;;5/03/19 16:00;6/03/19 15:21
123457113;Victor Hugo;Vendedor;CL004;Filial ES;10009;Plancha;Casa;27,9;55,9;3;;18/03/19 16:40;19/03/19 16:03
123457113;Victor Hugo;Vendedor;CL004;Filial ES;10005;Notebook;Electrónicos;2299,9;3199;3;;29/03/20 12:34;29/03/20 14:49
123457113;Victor Hugo;Vendedor;CL004;Filial ES;10004;Máquina de lavar ropa;Electrodomésticos;1099;1709,1;3;0,09;10/05/19 17:16;17/05/19 12:42
123457113;Victor Hugo;Vendedor;CL004;Filial ES;10012;Procesador de alimentos;Cocina;110;189,9;3;;24/01/20 11:16;24/01/20 16:20
123457113;Victor Hugo;Vendedor;CL004;Filial ES;10002;Tablet;Electrónicos;799;1424,91;3;;6/03/19 11:01;6/03/19 17:29
123457113;Victor Hugo;Vendedor;CL004;Filial ES;10011;Licuadora;Cocina;59,9;142,4;3;;5/05/20 15:56;6/05/20 15:20
123457113;Victor Hugo;Vendedor;CL004;Filial ES;10002;Tablet;Electrónicos;799;1424,91;3;;26/05/20 14:53;27/05/20 11:01
123457113;Victor Hugo;Vendedor;CL004;Filial ES;10014;Heladera;Electrodomésticos;699,9;1346,9;3;;4/12/20 13:24;10/12/20 11:05
123457113;Victor Hugo;Vendedor;CL004;Filial ES;10016;Guarda Ropa;Casa;489,9;999;3;;13/06/20 16:58;15/06/20 17:41
123457113;Victor Hugo;Vendedor;CL004;Filial ES;10010;Freidora eléctrica;Cocina;187,9;340;3;;2/07/19 16:56;3/07/19 9:27
123457113;Victor Hugo;Vendedor;CL004;Filial ES;10001;Smartphone;Electrónicos;899,9;1676,9;3;;18/12/19 17:59;19/12/19 16:33
123457113;Victor Hugo;Vendedor;CL004;Filial ES;10001;Smartphone;Electrónicos;899,9;1676,9;3;;26/01/19 16:06;26/01/19 16:16
123457113;Victor Hugo;Vendedor;CL004;Filial ES;10006;Aspiradora de piso;Casa;88,9;189,9;3;;4/11/19 15:40;5/11/19 10:40
123457113;Victor Hugo;Vendedor;CL004;Filial ES;10011;Licuadora;Cocina;59,9;142,4;3;;24/06/19 9:04;24/06/19 10:50
123457113;Victor Hugo;Vendedor;CL004;Filial ES;10007;Batidora;Cocina;49,9;95,9;3;;8/08/20 14:46;9/08/20 14:07
123457113;Victor Hugo;Vendedor;CL004;Filial ES;10010;Freidora eléctrica;Cocina;187,9;340;3;;19/12/19 9:21;19/12/19 10:51
123457113;Victor Hugo;Vendedor;CL004;Filial ES;10004;Máquina de lavar ropa;Electrodomésticos;1099;1709,1;3;0,09;18/03/19 15:40;23/03/19 17:52